{
  "type": "FeatureCollection",
  "features": [
    {
      "type": "Feature",
      "properties": {
        "name": "L\u00ednea Central",
        "stroke": "#f1c40f",
        "stroke-width": 2,
        "stroke-dasharray": "5, 5"
      },
      "geometry": {
        "type": "LineString",
        "coordinates": [
          [
            -11.96119,
            35.29175
          ],
          [
            -11.87528,
            35.29998
          ],
          [
            -11.78961,
            35.3081
          ],
          [
            -11.70418,
            35.31613
          ],
          [
            -11.61899,
            35.32407
          ],
          [
            -11.53404,
            35.33192
          ],
          [
            -11.44932,
            35.33968
          ],
          [
            -11.36484,
            35.34734
          ],
          [
            -11.28059,
            35.35491
          ],
          [
            -11.19656,
            35.36239
          ],
          [
            -11.11277,
            35.36979
          ],
          [
            -11.02921,
            35.37709
          ],
          [
            -10.94587,
            35.38431
          ],
          [
            -10.86275,
            35.39144
          ],
          [
            -10.77985,
            35.39848
          ],
          [
            -10.69718,
            35.40544
          ],
          [
            -10.61472,
            35.4123
          ],
          [
            -10.53249,
            35.41909
          ],
          [
            -10.45046,
            35.42579
          ],
          [
            -10.36866,
            35.4324
          ],
          [
            -10.28706,
            35.43893
          ],
          [
            -10.20568,
            35.44538
          ],
          [
            -10.1245,
            35.45175
          ],
          [
            -10.04354,
            35.45803
          ],
          [
            -9.96278,
            35.46423
          ],
          [
            -9.88222,
            35.47035
          ],
          [
            -9.80187,
            35.47639
          ],
          [
            -9.72173,
            35.48235
          ],
          [
            -9.64178,
            35.48824
          ],
          [
            -9.56204,
            35.49404
          ],
          [
            -9.48249,
            35.49976
          ],
          [
            -9.40314,
            35.50541
          ],
          [
            -9.32399,
            35.51097
          ],
          [
            -9.24503,
            35.51646
          ],
          [
            -9.16627,
            35.52188
          ],
          [
            -9.08769,
            35.52721
          ],
          [
            -9.00931,
            35.53248
          ],
          [
            -8.93112,
            35.53766
          ],
          [
            -8.85312,
            35.54277
          ],
          [
            -8.7753,
            35.54781
          ],
          [
            -8.69767,
            35.55277
          ],
          [
            -8.62023,
            35.55766
          ],
          [
            -8.54297,
            35.56248
          ],
          [
            -8.46589,
            35.56722
          ],
          [
            -8.38899,
            35.57189
          ],
          [
            -8.31228,
            35.57649
          ],
          [
            -8.23574,
            35.58102
          ],
          [
            -8.15938,
            35.58548
          ],
          [
            -8.0832,
            35.58986
          ],
          [
            -8.0072,
            35.59418
          ],
          [
            -7.93137,
            35.59842
          ],
          [
            -7.85571,
            35.6026
          ],
          [
            -7.78023,
            35.60671
          ],
          [
            -7.70492,
            35.61074
          ],
          [
            -7.62978,
            35.61471
          ],
          [
            -7.55481,
            35.61862
          ],
          [
            -7.48001,
            35.62245
          ],
          [
            -7.40537,
            35.62622
          ],
          [
            -7.33091,
            35.62992
          ],
          [
            -7.25661,
            35.63355
          ],
          [
            -7.18247,
            35.63712
          ],
          [
            -7.1085,
            35.64062
          ],
          [
            -7.03469,
            35.64406
          ],
          [
            -6.96105,
            35.64743
          ],
          [
            -6.88756,
            35.65073
          ],
          [
            -6.81424,
            35.65397
          ],
          [
            -6.74107,
            35.65715
          ],
          [
            -6.66807,
            35.66026
          ],
          [
            -6.59522,
            35.66331
          ],
          [
            -6.52253,
            35.6663
          ],
          [
            -6.44999,
            35.66923
          ],
          [
            -6.37761,
            35.67209
          ],
          [
            -6.30539,
            35.67489
          ],
          [
            -6.23331,
            35.67762
          ],
          [
            -6.16139,
            35.6803
          ],
          [
            -6.08962,
            35.68291
          ],
          [
            -6.01801,
            35.68547
          ],
          [
            -5.94654,
            35.68796
          ],
          [
            -5.87522,
            35.69039
          ],
          [
            -5.80405,
            35.69277
          ],
          [
            -5.73303,
            35.69508
          ],
          [
            -5.66216,
            35.69733
          ],
          [
            -5.59143,
            35.69953
          ],
          [
            -5.52084,
            35.70166
          ],
          [
            -5.45041,
            35.70374
          ],
          [
            -5.38011,
            35.70576
          ],
          [
            -5.30996,
            35.70772
          ],
          [
            -5.23995,
            35.70962
          ],
          [
            -5.17009,
            35.71146
          ],
          [
            -5.10036,
            35.71325
          ],
          [
            -5.03077,
            35.71498
          ],
          [
            -4.96133,
            35.71666
          ],
          [
            -4.89202,
            35.71827
          ],
          [
            -4.82285,
            35.71984
          ],
          [
            -4.75382,
            35.72134
          ],
          [
            -4.68493,
            35.72279
          ],
          [
            -4.61617,
            35.72419
          ],
          [
            -4.54755,
            35.72552
          ],
          [
            -4.47906,
            35.72681
          ],
          [
            -4.4107,
            35.72804
          ],
          [
            -4.34248,
            35.72921
          ],
          [
            -4.2744,
            35.73033
          ],
          [
            -4.20644,
            35.7314
          ],
          [
            -4.13862,
            35.73242
          ],
          [
            -4.07093,
            35.73338
          ],
          [
            -4.00336,
            35.73428
          ],
          [
            -3.93593,
            35.73514
          ],
          [
            -3.86863,
            35.73594
          ],
          [
            -3.80145,
            35.73669
          ],
          [
            -3.7344,
            35.73738
          ],
          [
            -3.66748,
            35.73803
          ],
          [
            -3.60069,
            35.73862
          ],
          [
            -3.53402,
            35.73916
          ],
          [
            -3.46748,
            35.73965
          ],
          [
            -3.40107,
            35.74009
          ],
          [
            -3.33477,
            35.74048
          ],
          [
            -3.2686,
            35.74081
          ],
          [
            -3.20256,
            35.7411
          ],
          [
            -3.13664,
            35.74134
          ],
          [
            -3.07084,
            35.74152
          ],
          [
            -3.00516,
            35.74166
          ],
          [
            -2.9396,
            35.74174
          ],
          [
            -2.87416,
            35.74178
          ],
          [
            -2.80884,
            35.74177
          ],
          [
            -2.74364,
            35.74171
          ],
          [
            -2.67856,
            35.7416
          ],
          [
            -2.6136,
            35.74144
          ],
          [
            -2.54876,
            35.74123
          ],
          [
            -2.48403,
            35.74098
          ],
          [
            -2.41942,
            35.74067
          ],
          [
            -2.35493,
            35.74032
          ],
          [
            -2.29055,
            35.73993
          ],
          [
            -2.22629,
            35.73948
          ],
          [
            -2.16214,
            35.73899
          ],
          [
            -2.09811,
            35.73845
          ],
          [
            -2.03419,
            35.73786
          ],
          [
            -1.97038,
            35.73722
          ],
          [
            -1.90669,
            35.73654
          ],
          [
            -1.84311,
            35.73582
          ],
          [
            -1.77964,
            35.73504
          ],
          [
            -1.71628,
            35.73422
          ],
          [
            -1.65304,
            35.73336
          ],
          [
            -1.5899,
            35.73245
          ],
          [
            -1.52687,
            35.73149
          ],
          [
            -1.46396,
            35.73049
          ],
          [
            -1.40115,
            35.72945
          ],
          [
            -1.33845,
            35.72836
          ],
          [
            -1.27586,
            35.72722
          ],
          [
            -1.21337,
            35.72604
          ],
          [
            -1.151,
            35.72482
          ],
          [
            -1.08873,
            35.72355
          ],
          [
            -1.02657,
            35.72224
          ],
          [
            -0.96451,
            35.72088
          ],
          [
            -0.90256,
            35.71948
          ],
          [
            -0.84071,
            35.71803
          ],
          [
            -0.77897,
            35.71655
          ],
          [
            -0.71733,
            35.71502
          ],
          [
            -0.6558,
            35.71344
          ],
          [
            -0.59437,
            35.71183
          ],
          [
            -0.53304,
            35.71017
          ],
          [
            -0.47182,
            35.70847
          ],
          [
            -0.4107,
            35.70672
          ],
          [
            -0.34968,
            35.70494
          ],
          [
            -0.28876,
            35.70311
          ],
          [
            -0.22794,
            35.70124
          ],
          [
            -0.16722,
            35.69932
          ],
          [
            -0.10661,
            35.69737
          ],
          [
            -0.04609,
            35.69538
          ],
          [
            0.01433,
            35.69334
          ],
          [
            0.07464,
            35.69126
          ],
          [
            0.13486,
            35.68914
          ],
          [
            0.19498,
            35.68698
          ],
          [
            0.25501,
            35.68478
          ],
          [
            0.31493,
            35.68254
          ],
          [
            0.37476,
            35.68026
          ],
          [
            0.43449,
            35.67794
          ],
          [
            0.49413,
            35.67557
          ],
          [
            0.55366,
            35.67317
          ],
          [
            0.61311,
            35.67073
          ],
          [
            0.67245,
            35.66825
          ],
          [
            0.73171,
            35.66573
          ],
          [
            0.79086,
            35.66317
          ],
          [
            0.84993,
            35.66057
          ],
          [
            0.9089,
            35.65793
          ],
          [
            0.96777,
            35.65525
          ],
          [
            1.02655,
            35.65253
          ],
          [
            1.08524,
            35.64977
          ],
          [
            1.14384,
            35.64698
          ],
          [
            1.20234,
            35.64414
          ],
          [
            1.26076,
            35.64127
          ],
          [
            1.31908,
            35.63836
          ],
          [
            1.3773,
            35.63541
          ],
          [
            1.43544,
            35.63243
          ],
          [
            1.49349,
            35.6294
          ],
          [
            1.55145,
            35.62634
          ],
          [
            1.60931,
            35.62324
          ],
          [
            1.66709,
            35.6201
          ],
          [
            1.72478,
            35.61693
          ],
          [
            1.78238,
            35.61372
          ],
          [
            1.83989,
            35.61047
          ],
          [
            1.89731,
            35.60718
          ],
          [
            1.95464,
            35.60386
          ],
          [
            2.01189,
            35.6005
          ],
          [
            2.06904,
            35.5971
          ],
          [
            2.12612,
            35.59367
          ],
          [
            2.1831,
            35.5902
          ],
          [
            2.24,
            35.58669
          ],
          [
            2.29681,
            35.58315
          ],
          [
            2.35353,
            35.57957
          ],
          [
            2.41017,
            35.57596
          ],
          [
            2.46672,
            35.57231
          ],
          [
            2.52319,
            35.56863
          ],
          [
            2.57957,
            35.5649
          ],
          [
            2.63587,
            35.56115
          ],
          [
            2.69209,
            35.55736
          ],
          [
            2.74822,
            35.55353
          ],
          [
            2.80426,
            35.54967
          ],
          [
            2.86023,
            35.54577
          ],
          [
            2.91611,
            35.54184
          ],
          [
            2.9719,
            35.53787
          ],
          [
            3.02762,
            35.53387
          ],
          [
            3.08325,
            35.52983
          ],
          [
            3.1388,
            35.52576
          ],
          [
            3.19427,
            35.52165
          ],
          [
            3.24965,
            35.51751
          ],
          [
            3.30496,
            35.51334
          ],
          [
            3.36018,
            35.50913
          ],
          [
            3.41533,
            35.50489
          ],
          [
            3.47039,
            35.50061
          ],
          [
            3.52537,
            35.49631
          ],
          [
            3.58028,
            35.49196
          ],
          [
            3.6351,
            35.48759
          ],
          [
            3.68984,
            35.48317
          ],
          [
            3.74451,
            35.47873
          ],
          [
            3.79909,
            35.47425
          ],
          [
            3.8536,
            35.46974
          ],
          [
            3.90803,
            35.4652
          ],
          [
            3.96238,
            35.46063
          ],
          [
            4.01665,
            35.45602
          ],
          [
            4.07084,
            35.45137
          ],
          [
            4.12496,
            35.4467
          ],
          [
            4.179,
            35.44199
          ],
          [
            4.23296,
            35.43725
          ],
          [
            4.28685,
            35.43248
          ],
          [
            4.34066,
            35.42768
          ],
          [
            4.39439,
            35.42284
          ],
          [
            4.44805,
            35.41797
          ],
          [
            4.50163,
            35.41307
          ],
          [
            4.55513,
            35.40814
          ],
          [
            4.60856,
            35.40318
          ],
          [
            4.66192,
            35.39818
          ],
          [
            4.7152,
            35.39315
          ],
          [
            4.76841,
            35.3881
          ],
          [
            4.82154,
            35.38301
          ],
          [
            4.87459,
            35.37788
          ],
          [
            4.92758,
            35.37273
          ],
          [
            4.98049,
            35.36755
          ]
        ]
      }
    },
    {
      "type": "Feature",
      "properties": {
        "name": "Franja de Totalidad (NASA/Espenak)",
        "fill": "#2c3e50",
        "fill-opacity": 0.45,
        "stroke": "#34495e",
        "stroke-width": 1
      },
      "geometry": {
        "type": "Polygon",
        "coordinates": [
          [
            [
              -12.09076,
              36.19281
            ],
            [
              -12.0,
              36.20146
            ],
            [
              -11.9,
              36.21088
            ],
            [
              -11.8,
              36.22018
            ],
            [
              -11.7,
              36.22936
            ],
            [
              -11.6,
              36.23847
            ],
            [
              -11.5,
              36.24749
            ],
            [
              -11.4,
              36.25642
            ],
            [
              -11.3,
              36.26527
            ],
            [
              -11.2,
              36.27399
            ],
            [
              -11.1,
              36.28261
            ],
            [
              -11.0,
              36.29114
            ],
            [
              -10.9,
              36.29958
            ],
            [
              -10.8,
              36.30792
            ],
            [
              -10.7,
              36.31617
            ],
            [
              -10.6,
              36.32431
            ],
            [
              -10.5,
              36.33236
            ],
            [
              -10.4,
              36.3403
            ],
            [
              -10.3,
              36.34815
            ],
            [
              -10.2,
              36.35589
            ],
            [
              -10.1,
              36.36355
            ],
            [
              -10.0,
              36.37111
            ],
            [
              -9.9,
              36.37857
            ],
            [
              -9.8,
              36.38591
            ],
            [
              -9.7,
              36.39316
            ],
            [
              -9.6,
              36.40033
            ],
            [
              -9.5,
              36.40739
            ],
            [
              -9.4,
              36.41433
            ],
            [
              -9.3,
              36.42117
            ],
            [
              -9.2,
              36.42795
            ],
            [
              -9.1,
              36.43461
            ],
            [
              -9.0,
              36.44115
            ],
            [
              -8.9,
              36.44758
            ],
            [
              -8.8,
              36.45396
            ],
            [
              -8.7,
              36.46022
            ],
            [
              -8.6,
              36.46634
            ],
            [
              -8.5,
              36.47239
            ],
            [
              -8.4,
              36.47836
            ],
            [
              -8.3,
              36.48421
            ],
            [
              -8.2,
              36.48991
            ],
            [
              -8.1,
              36.49556
            ],
            [
              -8.0,
              36.50112
            ],
            [
              -7.9,
              36.50652
            ],
            [
              -7.8,
              36.51185
            ],
            [
              -7.7,
              36.51711
            ],
            [
              -7.6,
              36.52223
            ],
            [
              -7.5,
              36.52723
            ],
            [
              -7.4,
              36.53217
            ],
            [
              -7.3,
              36.53699
            ],
            [
              -7.2,
              36.54167
            ],
            [
              -7.1,
              36.54629
            ],
            [
              -7.0,
              36.5508
            ],
            [
              -6.9,
              36.55518
            ],
            [
              -6.8,
              36.55948
            ],
            [
              -6.7,
              36.56367
            ],
            [
              -6.6,
              36.56774
            ],
            [
              -6.5,
              36.57173
            ],
            [
              -6.4,
              36.5756
            ],
            [
              -6.3,
              36.57935
            ],
            [
              -6.2,
              36.58302
            ],
            [
              -6.1,
              36.58655
            ],
            [
              -6.0,
              36.59
            ],
            [
              -5.9,
              36.59335
            ],
            [
              -5.8,
              36.59658
            ],
            [
              -5.7,
              36.5997
            ],
            [
              -5.6,
              36.60273
            ],
            [
              -5.5,
              36.60564
            ],
            [
              -5.4,
              36.60845
            ],
            [
              -5.3,
              36.61114
            ],
            [
              -5.2,
              36.61372
            ],
            [
              -5.1,
              36.6162
            ],
            [
              -5.0,
              36.61857
            ],
            [
              -4.9,
              36.62083
            ],
            [
              -4.8,
              36.62299
            ],
            [
              -4.7,
              36.62504
            ],
            [
              -4.6,
              36.62697
            ],
            [
              -4.5,
              36.6288
            ],
            [
              -4.4,
              36.6305
            ],
            [
              -4.3,
              36.63212
            ],
            [
              -4.2,
              36.63361
            ],
            [
              -4.1,
              36.63501
            ],
            [
              -4.0,
              36.63628
            ],
            [
              -3.9,
              36.63746
            ],
            [
              -3.8,
              36.63852
            ],
            [
              -3.7,
              36.63945
            ],
            [
              -3.6,
              36.64029
            ],
            [
              -3.5,
              36.64099
            ],
            [
              -3.4,
              36.64162
            ],
            [
              -3.3,
              36.64209
            ],
            [
              -3.2,
              36.64249
            ],
            [
              -3.1,
              36.64273
            ],
            [
              -3.0,
              36.64292
            ],
            [
              -2.9,
              36.64293
            ],
            [
              -2.8,
              36.64289
            ],
            [
              -2.7,
              36.64268
            ],
            [
              -2.6,
              36.64242
            ],
            [
              -2.5,
              36.64199
            ],
            [
              -2.4,
              36.6415
            ],
            [
              -2.3,
              36.64085
            ],
            [
              -2.2,
              36.64012
            ],
            [
              -2.1,
              36.63925
            ],
            [
              -2.0,
              36.63829
            ],
            [
              -1.9,
              36.63719
            ],
            [
              -1.8,
              36.63598
            ],
            [
              -1.7,
              36.63466
            ],
            [
              -1.6,
              36.63321
            ],
            [
              -1.5,
              36.63166
            ],
            [
              -1.4,
              36.62996
            ],
            [
              -1.3,
              36.62819
            ],
            [
              -1.2,
              36.62627
            ],
            [
              -1.1,
              36.62426
            ],
            [
              -1.0,
              36.62212
            ],
            [
              -0.9,
              36.61986
            ],
            [
              -0.8,
              36.61749
            ],
            [
              -0.7,
              36.61499
            ],
            [
              -0.6,
              36.61238
            ],
            [
              -0.5,
              36.60965
            ],
            [
              -0.4,
              36.6068
            ],
            [
              -0.3,
              36.60383
            ],
            [
              -0.2,
              36.60074
            ],
            [
              -0.1,
              36.59753
            ],
            [
              -0.0,
              36.59421
            ],
            [
              0.1,
              36.59075
            ],
            [
              0.2,
              36.58719
            ],
            [
              0.3,
              36.58351
            ],
            [
              0.4,
              36.57969
            ],
            [
              0.5,
              36.57576
            ],
            [
              0.6,
              36.57173
            ],
            [
              0.7,
              36.56754
            ],
            [
              0.8,
              36.56326
            ],
            [
              0.9,
              36.55885
            ],
            [
              1.0,
              36.5543
            ],
            [
              1.1,
              36.54965
            ],
            [
              1.2,
              36.54487
            ],
            [
              1.3,
              36.53995
            ],
            [
              1.4,
              36.53493
            ],
            [
              1.5,
              36.52979
            ],
            [
              1.6,
              36.52448
            ],
            [
              1.7,
              36.51909
            ],
            [
              1.8,
              36.51358
            ],
            [
              1.9,
              36.50791
            ],
            [
              2.0,
              36.50213
            ],
            [
              2.1,
              36.49626
            ],
            [
              2.2,
              36.49022
            ],
            [
              2.3,
              36.48405
            ],
            [
              2.4,
              36.47779
            ],
            [
              2.5,
              36.47139
            ],
            [
              2.6,
              36.46485
            ],
            [
              2.7,
              36.45818
            ],
            [
              2.8,
              36.45142
            ],
            [
              2.9,
              36.44451
            ],
            [
              3.0,
              36.43745
            ],
            [
              3.1,
              36.43028
            ],
            [
              3.2,
              36.423
            ],
            [
              3.3,
              36.41558
            ],
            [
              3.4,
              36.40802
            ],
            [
              3.5,
              36.40032
            ],
            [
              3.6,
              36.39252
            ],
            [
              3.7,
              36.38458
            ],
            [
              3.8,
              36.3765
            ],
            [
              3.9,
              36.3683
            ],
            [
              4.0,
              36.35997
            ],
            [
              4.1,
              36.3515
            ],
            [
              4.2,
              36.34291
            ],
            [
              4.3,
              36.33418
            ],
            [
              4.4,
              36.32532
            ],
            [
              4.5,
              36.31634
            ],
            [
              4.6,
              36.3072
            ],
            [
              4.7,
              36.29794
            ],
            [
              4.8,
              36.28854
            ],
            [
              4.9,
              36.28384
            ],
            [
              5.0,
              36.27912
            ],
            [
              4.84988,
              34.48043
            ],
            [
              4.8,
              34.48284
            ],
            [
              4.7,
              34.49251
            ],
            [
              4.6,
              34.50204
            ],
            [
              4.5,
              34.51145
            ],
            [
              4.4,
              34.5207
            ],
            [
              4.3,
              34.52981
            ],
            [
              4.2,
              34.53876
            ],
            [
              4.1,
              34.54756
            ],
            [
              4.0,
              34.55622
            ],
            [
              3.9,
              34.56476
            ],
            [
              3.8,
              34.57317
            ],
            [
              3.7,
              34.58147
            ],
            [
              3.6,
              34.58964
            ],
            [
              3.5,
              34.59766
            ],
            [
              3.4,
              34.60553
            ],
            [
              3.3,
              34.61325
            ],
            [
              3.2,
              34.62083
            ],
            [
              3.1,
              34.62829
            ],
            [
              3.0,
              34.63565
            ],
            [
              2.9,
              34.64286
            ],
            [
              2.8,
              34.64994
            ],
            [
              2.7,
              34.65687
            ],
            [
              2.6,
              34.66366
            ],
            [
              2.5,
              34.67033
            ],
            [
              2.4,
              34.67687
            ],
            [
              2.3,
              34.68328
            ],
            [
              2.2,
              34.68955
            ],
            [
              2.1,
              34.6957
            ],
            [
              2.0,
              34.70172
            ],
            [
              1.9,
              34.7076
            ],
            [
              1.8,
              34.71335
            ],
            [
              1.7,
              34.71897
            ],
            [
              1.6,
              34.72448
            ],
            [
              1.5,
              34.72983
            ],
            [
              1.4,
              34.73506
            ],
            [
              1.3,
              34.74017
            ],
            [
              1.2,
              34.74516
            ],
            [
              1.1,
              34.75001
            ],
            [
              1.0,
              34.75472
            ],
            [
              0.9,
              34.75931
            ],
            [
              0.8,
              34.7638
            ],
            [
              0.7,
              34.76814
            ],
            [
              0.6,
              34.77233
            ],
            [
              0.5,
              34.77643
            ],
            [
              0.4,
              34.78041
            ],
            [
              0.3,
              34.78423
            ],
            [
              0.2,
              34.78793
            ],
            [
              0.1,
              34.79155
            ],
            [
              -0.0,
              34.79501
            ],
            [
              -0.1,
              34.79832
            ],
            [
              -0.2,
              34.80156
            ],
            [
              -0.3,
              34.80465
            ],
            [
              -0.4,
              34.80758
            ],
            [
              -0.5,
              34.81044
            ],
            [
              -0.6,
              34.81317
            ],
            [
              -0.7,
              34.81574
            ],
            [
              -0.8,
              34.81823
            ],
            [
              -0.9,
              34.82058
            ],
            [
              -1.0,
              34.82279
            ],
            [
              -1.1,
              34.82492
            ],
            [
              -1.2,
              34.82691
            ],
            [
              -1.3,
              34.82875
            ],
            [
              -1.4,
              34.8305
            ],
            [
              -1.5,
              34.83212
            ],
            [
              -1.6,
              34.83361
            ],
            [
              -1.7,
              34.83499
            ],
            [
              -1.8,
              34.83625
            ],
            [
              -1.9,
              34.83739
            ],
            [
              -2.0,
              34.83841
            ],
            [
              -2.1,
              34.83931
            ],
            [
              -2.2,
              34.84009
            ],
            [
              -2.3,
              34.84076
            ],
            [
              -2.4,
              34.8413
            ],
            [
              -2.5,
              34.84172
            ],
            [
              -2.6,
              34.84204
            ],
            [
              -2.7,
              34.84222
            ],
            [
              -2.8,
              34.84231
            ],
            [
              -2.9,
              34.84225
            ],
            [
              -3.0,
              34.8421
            ],
            [
              -3.1,
              34.8418
            ],
            [
              -3.2,
              34.84141
            ],
            [
              -3.3,
              34.84089
            ],
            [
              -3.4,
              34.84026
            ],
            [
              -3.5,
              34.83953
            ],
            [
              -3.6,
              34.83866
            ],
            [
              -3.7,
              34.83771
            ],
            [
              -3.8,
              34.83661
            ],
            [
              -3.9,
              34.83543
            ],
            [
              -4.0,
              34.83409
            ],
            [
              -4.1,
              34.83269
            ],
            [
              -4.2,
              34.83111
            ],
            [
              -4.3,
              34.82948
            ],
            [
              -4.4,
              34.82768
            ],
            [
              -4.5,
              34.82582
            ],
            [
              -4.6,
              34.82378
            ],
            [
              -4.7,
              34.82169
            ],
            [
              -4.8,
              34.81943
            ],
            [
              -4.9,
              34.81711
            ],
            [
              -5.0,
              34.81463
            ],
            [
              -5.1,
              34.81207
            ],
            [
              -5.2,
              34.80939
            ],
            [
              -5.3,
              34.8066
            ],
            [
              -5.4,
              34.8037
            ],
            [
              -5.5,
              34.80069
            ],
            [
              -5.6,
              34.79759
            ],
            [
              -5.7,
              34.79435
            ],
            [
              -5.8,
              34.79102
            ],
            [
              -5.9,
              34.78755
            ],
            [
              -6.0,
              34.78399
            ],
            [
              -6.1,
              34.78031
            ],
            [
              -6.2,
              34.77652
            ],
            [
              -6.3,
              34.77264
            ],
            [
              -6.4,
              34.76863
            ],
            [
              -6.5,
              34.76453
            ],
            [
              -6.6,
              34.7603
            ],
            [
              -6.7,
              34.75598
            ],
            [
              -6.8,
              34.75153
            ],
            [
              -6.9,
              34.74699
            ],
            [
              -7.0,
              34.74233
            ],
            [
              -7.1,
              34.73758
            ],
            [
              -7.2,
              34.73271
            ],
            [
              -7.3,
              34.72773
            ],
            [
              -7.4,
              34.72266
            ],
            [
              -7.5,
              34.71746
            ],
            [
              -7.6,
              34.71216
            ],
            [
              -7.7,
              34.70677
            ],
            [
              -7.8,
              34.70125
            ],
            [
              -7.9,
              34.69564
            ],
            [
              -8.0,
              34.68993
            ],
            [
              -8.1,
              34.68408
            ],
            [
              -8.2,
              34.67816
            ],
            [
              -8.3,
              34.67213
            ],
            [
              -8.4,
              34.66597
            ],
            [
              -8.5,
              34.65973
            ],
            [
              -8.6,
              34.6534
            ],
            [
              -8.7,
              34.64692
            ],
            [
              -8.8,
              34.64036
            ],
            [
              -8.9,
              34.63372
            ],
            [
              -9.0,
              34.62694
            ],
            [
              -9.1,
              34.62005
            ],
            [
              -9.2,
              34.61311
            ],
            [
              -9.3,
              34.60603
            ],
            [
              -9.4,
              34.59882
            ],
            [
              -9.5,
              34.59155
            ],
            [
              -9.6,
              34.58419
            ],
            [
              -9.7,
              34.57667
            ],
            [
              -9.8,
              34.56907
            ],
            [
              -9.9,
              34.56139
            ],
            [
              -10.0,
              34.55361
            ],
            [
              -10.1,
              34.54569
            ],
            [
              -10.2,
              34.53769
            ],
            [
              -10.3,
              34.5296
            ],
            [
              -10.4,
              34.52141
            ],
            [
              -10.5,
              34.51309
            ],
            [
              -10.6,
              34.50469
            ],
            [
              -10.7,
              34.49619
            ],
            [
              -10.8,
              34.48761
            ],
            [
              -10.9,
              34.47889
            ],
            [
              -11.0,
              34.47008
            ],
            [
              -11.1,
              34.46118
            ],
            [
              -11.2,
              34.45219
            ],
            [
              -11.3,
              34.44309
            ],
            [
              -11.4,
              34.43388
            ],
            [
              -11.5,
              34.42458
            ],
            [
              -11.6,
              34.41518
            ],
            [
              -11.7,
              34.40568
            ],
            [
              -11.8,
              34.39608
            ],
            [
              -11.83195,
              34.39299
            ],
            [
              -12.09076,
              36.19281
            ]
          ]
        ]
      }
    }
  ],
  "shadow_frames": [
    [
      [
        -10.2146,
        35.7431
      ],
      [
        -10.3322,
        35.8218
      ],
      [
        -10.4681,
        35.8946
      ],
      [
        -10.621,
        35.9608
      ],
      [
        -10.7894,
        36.0195
      ],
      [
        -10.9715,
        36.07
      ],
      [
        -11.1654,
        36.1118
      ],
      [
        -11.369,
        36.1443
      ],
      [
        -11.5801,
        36.1671
      ],
      [
        -11.7964,
        36.18
      ],
      [
        -12.0155,
        36.1827
      ],
      [
        -12.235,
        36.1753
      ],
      [
        -12.4523,
        36.1578
      ],
      [
        -12.665,
        36.1305
      ],
      [
        -12.8705,
        36.0936
      ],
      [
        -13.0666,
        36.0476
      ],
      [
        -13.2509,
        35.9931
      ],
      [
        -13.4212,
        35.9308
      ],
      [
        -13.5755,
        35.8613
      ],
      [
        -13.7121,
        35.7855
      ],
      [
        -13.8293,
        35.7043
      ],
      [
        -13.9257,
        35.6186
      ],
      [
        -14.0003,
        35.5295
      ],
      [
        -14.0521,
        35.4379
      ],
      [
        -14.0807,
        35.3449
      ],
      [
        -14.0857,
        35.2516
      ],
      [
        -14.0672,
        35.1588
      ],
      [
        -14.0255,
        35.0678
      ],
      [
        -13.9611,
        34.9793
      ],
      [
        -13.8749,
        34.8944
      ],
      [
        -13.768,
        34.814
      ],
      [
        -13.6417,
        34.7388
      ],
      [
        -13.4976,
        34.6697
      ],
      [
        -13.3373,
        34.6072
      ],
      [
        -13.1628,
        34.5522
      ],
      [
        -12.976,
        34.505
      ],
      [
        -12.7792,
        34.4661
      ],
      [
        -12.5744,
        34.436
      ],
      [
        -12.3639,
        34.4149
      ],
      [
        -12.1501,
        34.4031
      ],
      [
        -11.9352,
        34.4006
      ],
      [
        -11.7215,
        34.4074
      ],
      [
        -11.5112,
        34.4236
      ],
      [
        -11.3066,
        34.449
      ],
      [
        -11.1097,
        34.4833
      ],
      [
        -10.9225,
        34.5261
      ],
      [
        -10.747,
        34.5772
      ],
      [
        -10.5849,
        34.6359
      ],
      [
        -10.4378,
        34.7016
      ],
      [
        -10.3074,
        34.7738
      ],
      [
        -10.1949,
        34.8517
      ],
      [
        -10.1015,
        34.9344
      ],
      [
        -10.0281,
        35.0211
      ],
      [
        -9.9756,
        35.1109
      ],
      [
        -9.9445,
        35.2029
      ],
      [
        -9.9353,
        35.296
      ],
      [
        -9.948,
        35.3893
      ],
      [
        -9.9827,
        35.4817
      ],
      [
        -10.0391,
        35.5721
      ],
      [
        -10.1166,
        35.6596
      ]
    ],
    [
      [
        -10.1322,
        35.7499
      ],
      [
        -10.2494,
        35.8286
      ],
      [
        -10.3849,
        35.9016
      ],
      [
        -10.5374,
        35.9678
      ],
      [
        -10.7054,
        36.0267
      ],
      [
        -10.887,
        36.0774
      ],
      [
        -11.0804,
        36.1193
      ],
      [
        -11.2835,
        36.152
      ],
      [
        -11.4942,
        36.175
      ],
      [
        -11.71,
        36.188
      ],
      [
        -11.9286,
        36.191
      ],
      [
        -12.1475,
        36.1838
      ],
      [
        -12.3643,
        36.1665
      ],
      [
        -12.5765,
        36.1393
      ],
      [
        -12.7816,
        36.1026
      ],
      [
        -12.9772,
        36.0569
      ],
      [
        -13.1611,
        36.0025
      ],
      [
        -13.331,
        35.9403
      ],
      [
        -13.485,
        35.871
      ],
      [
        -13.6213,
        35.7953
      ],
      [
        -13.7383,
        35.7142
      ],
      [
        -13.8346,
        35.6287
      ],
      [
        -13.909,
        35.5396
      ],
      [
        -13.9609,
        35.4481
      ],
      [
        -13.9894,
        35.3551
      ],
      [
        -13.9946,
        35.2618
      ],
      [
        -13.9762,
        35.169
      ],
      [
        -13.9347,
        35.0779
      ],
      [
        -13.8705,
        34.9894
      ],
      [
        -13.7846,
        34.9045
      ],
      [
        -13.6781,
        34.8239
      ],
      [
        -13.5522,
        34.7486
      ],
      [
        -13.4085,
        34.6793
      ],
      [
        -13.2487,
        34.6167
      ],
      [
        -13.0747,
        34.5615
      ],
      [
        -12.8884,
        34.5141
      ],
      [
        -12.6921,
        34.4751
      ],
      [
        -12.4878,
        34.4448
      ],
      [
        -12.2779,
        34.4235
      ],
      [
        -12.0646,
        34.4115
      ],
      [
        -11.8503,
        34.4088
      ],
      [
        -11.637,
        34.4155
      ],
      [
        -11.4273,
        34.4315
      ],
      [
        -11.223,
        34.4567
      ],
      [
        -11.0265,
        34.4908
      ],
      [
        -10.8397,
        34.5335
      ],
      [
        -10.6646,
        34.5843
      ],
      [
        -10.5028,
        34.6429
      ],
      [
        -10.356,
        34.7085
      ],
      [
        -10.2258,
        34.7806
      ],
      [
        -10.1134,
        34.8584
      ],
      [
        -10.0201,
        34.941
      ],
      [
        -9.9468,
        35.0277
      ],
      [
        -9.8943,
        35.1175
      ],
      [
        -9.8632,
        35.2094
      ],
      [
        -9.8539,
        35.3025
      ],
      [
        -9.8665,
        35.3958
      ],
      [
        -9.9011,
        35.4882
      ],
      [
        -9.9572,
        35.5787
      ],
      [
        -10.0345,
        35.6662
      ]
    ],
    [
      [
        -10.05,
        35.7565
      ],
      [
        -10.1668,
        35.8353
      ],
      [
        -10.302,
        35.9084
      ],
      [
        -10.4541,
        35.9748
      ],
      [
        -10.6216,
        36.0338
      ],
      [
        -10.8028,
        36.0846
      ],
      [
        -10.9957,
        36.1267
      ],
      [
        -11.1983,
        36.1596
      ],
      [
        -11.4084,
        36.1828
      ],
      [
        -11.6237,
        36.196
      ],
      [
        -11.8418,
        36.1992
      ],
      [
        -12.0603,
        36.1921
      ],
      [
        -12.2766,
        36.175
      ],
      [
        -12.4882,
        36.1481
      ],
      [
        -12.6929,
        36.1116
      ],
      [
        -12.8881,
        36.066
      ],
      [
        -13.0715,
        36.0118
      ],
      [
        -13.2411,
        35.9498
      ],
      [
        -13.3948,
        35.8806
      ],
      [
        -13.5309,
        35.805
      ],
      [
        -13.6476,
        35.7241
      ],
      [
        -13.7437,
        35.6386
      ],
      [
        -13.8181,
        35.5496
      ],
      [
        -13.8699,
        35.4581
      ],
      [
        -13.8985,
        35.3652
      ],
      [
        -13.9037,
        35.2719
      ],
      [
        -13.8854,
        35.1791
      ],
      [
        -13.8441,
        35.088
      ],
      [
        -13.7802,
        34.9994
      ],
      [
        -13.6946,
        34.9143
      ],
      [
        -13.5884,
        34.8337
      ],
      [
        -13.463,
        34.7583
      ],
      [
        -13.3197,
        34.6888
      ],
      [
        -13.1604,
        34.6261
      ],
      [
        -12.9868,
        34.5707
      ],
      [
        -12.8011,
        34.5232
      ],
      [
        -12.6053,
        34.484
      ],
      [
        -12.4016,
        34.4535
      ],
      [
        -12.1922,
        34.432
      ],
      [
        -11.9794,
        34.4198
      ],
      [
        -11.7655,
        34.4169
      ],
      [
        -11.5528,
        34.4234
      ],
      [
        -11.3435,
        34.4392
      ],
      [
        -11.1397,
        34.4642
      ],
      [
        -10.9436,
        34.4982
      ],
      [
        -10.7572,
        34.5407
      ],
      [
        -10.5824,
        34.5914
      ],
      [
        -10.4209,
        34.6499
      ],
      [
        -10.2744,
        34.7154
      ],
      [
        -10.1444,
        34.7873
      ],
      [
        -10.0322,
        34.865
      ],
      [
        -9.939,
        34.9476
      ],
      [
        -9.8658,
        35.0342
      ],
      [
        -9.8133,
        35.1239
      ],
      [
        -9.7822,
        35.2159
      ],
      [
        -9.7728,
        35.309
      ],
      [
        -9.7853,
        35.4022
      ],
      [
        -9.8196,
        35.4947
      ],
      [
        -9.8755,
        35.5852
      ],
      [
        -9.9526,
        35.6728
      ]
    ],
    [
      [
        -9.968,
        35.7631
      ],
      [
        -10.0845,
        35.842
      ],
      [
        -10.2193,
        35.9152
      ],
      [
        -10.371,
        35.9817
      ],
      [
        -10.5381,
        36.0408
      ],
      [
        -10.7188,
        36.0918
      ],
      [
        -10.9112,
        36.1341
      ],
      [
        -11.1134,
        36.1671
      ],
      [
        -11.323,
        36.1905
      ],
      [
        -11.5378,
        36.2039
      ],
      [
        -11.7553,
        36.2072
      ],
      [
        -11.9733,
        36.2004
      ],
      [
        -12.1891,
        36.1835
      ],
      [
        -12.4003,
        36.1567
      ],
      [
        -12.6044,
        36.1204
      ],
      [
        -12.7992,
        36.075
      ],
      [
        -12.9823,
        36.021
      ],
      [
        -13.1515,
        35.9591
      ],
      [
        -13.3049,
        35.8901
      ],
      [
        -13.4407,
        35.8147
      ],
      [
        -13.5572,
        35.7338
      ],
      [
        -13.6532,
        35.6484
      ],
      [
        -13.7274,
        35.5595
      ],
      [
        -13.7791,
        35.4681
      ],
      [
        -13.8078,
        35.3752
      ],
      [
        -13.813,
        35.2818
      ],
      [
        -13.7949,
        35.1891
      ],
      [
        -13.7538,
        35.0979
      ],
      [
        -13.6902,
        35.0093
      ],
      [
        -13.6049,
        34.9241
      ],
      [
        -13.4991,
        34.8434
      ],
      [
        -13.374,
        34.7678
      ],
      [
        -13.2312,
        34.6983
      ],
      [
        -13.0723,
        34.6354
      ],
      [
        -12.8992,
        34.5798
      ],
      [
        -12.714,
        34.5321
      ],
      [
        -12.5187,
        34.4927
      ],
      [
        -12.3155,
        34.4621
      ],
      [
        -12.1067,
        34.4404
      ],
      [
        -11.8944,
        34.428
      ],
      [
        -11.6811,
        34.4249
      ],
      [
        -11.4688,
        34.4312
      ],
      [
        -11.26,
        34.4469
      ],
      [
        -11.0567,
        34.4717
      ],
      [
        -10.861,
        34.5055
      ],
      [
        -10.6749,
        34.5479
      ],
      [
        -10.5004,
        34.5984
      ],
      [
        -10.3392,
        34.6567
      ],
      [
        -10.193,
        34.7221
      ],
      [
        -10.0632,
        34.794
      ],
      [
        -9.9512,
        34.8715
      ],
      [
        -9.8581,
        34.954
      ],
      [
        -9.7849,
        35.0406
      ],
      [
        -9.7325,
        35.1303
      ],
      [
        -9.7013,
        35.2222
      ],
      [
        -9.6918,
        35.3153
      ],
      [
        -9.7042,
        35.4086
      ],
      [
        -9.7384,
        35.501
      ],
      [
        -9.7941,
        35.5916
      ],
      [
        -9.8709,
        35.6793
      ]
    ],
    [
      [
        -9.8862,
        35.7695
      ],
      [
        -10.0024,
        35.8486
      ],
      [
        -10.1368,
        35.9218
      ],
      [
        -10.2881,
        35.9885
      ],
      [
        -10.4548,
        36.0478
      ],
      [
        -10.635,
        36.0989
      ],
      [
        -10.827,
        36.1413
      ],
      [
        -11.0286,
        36.1745
      ],
      [
        -11.2377,
        36.1981
      ],
      [
        -11.452,
        36.2117
      ],
      [
        -11.6691,
        36.2152
      ],
      [
        -11.8865,
        36.2086
      ],
      [
        -12.1018,
        36.1919
      ],
      [
        -12.3126,
        36.1653
      ],
      [
        -12.5163,
        36.1291
      ],
      [
        -12.7106,
        36.0839
      ],
      [
        -12.8933,
        36.0301
      ],
      [
        -13.0621,
        35.9684
      ],
      [
        -13.2152,
        35.8995
      ],
      [
        -13.3507,
        35.8242
      ],
      [
        -13.4671,
        35.7434
      ],
      [
        -13.5629,
        35.6581
      ],
      [
        -13.637,
        35.5693
      ],
      [
        -13.6887,
        35.4779
      ],
      [
        -13.7173,
        35.3851
      ],
      [
        -13.7227,
        35.2917
      ],
      [
        -13.7047,
        35.1989
      ],
      [
        -13.6638,
        35.1077
      ],
      [
        -13.6004,
        35.019
      ],
      [
        -13.5155,
        34.9338
      ],
      [
        -13.41,
        34.853
      ],
      [
        -13.2853,
        34.7773
      ],
      [
        -13.1429,
        34.7076
      ],
      [
        -12.9845,
        34.6446
      ],
      [
        -12.8119,
        34.5888
      ],
      [
        -12.6272,
        34.541
      ],
      [
        -12.4324,
        34.5014
      ],
      [
        -12.2298,
        34.4705
      ],
      [
        -12.0214,
        34.4487
      ],
      [
        -11.8097,
        34.4361
      ],
      [
        -11.5968,
        34.4328
      ],
      [
        -11.3851,
        34.439
      ],
      [
        -11.1767,
        34.4544
      ],
      [
        -10.9738,
        34.4791
      ],
      [
        -10.7785,
        34.5127
      ],
      [
        -10.5929,
        34.5549
      ],
      [
        -10.4187,
        34.6054
      ],
      [
        -10.2578,
        34.6635
      ],
      [
        -10.1118,
        34.7288
      ],
      [
        -9.9822,
        34.8005
      ],
      [
        -9.8703,
        34.878
      ],
      [
        -9.7774,
        34.9604
      ],
      [
        -9.7043,
        35.0469
      ],
      [
        -9.6518,
        35.1366
      ],
      [
        -9.6206,
        35.2285
      ],
      [
        -9.6111,
        35.3216
      ],
      [
        -9.6233,
        35.4148
      ],
      [
        -9.6573,
        35.5073
      ],
      [
        -9.7128,
        35.5979
      ],
      [
        -9.7894,
        35.6857
      ]
    ],
    [
      [
        -9.8046,
        35.7759
      ],
      [
        -9.9204,
        35.8551
      ],
      [
        -10.0545,
        35.9284
      ],
      [
        -10.2054,
        35.9952
      ],
      [
        -10.3716,
        36.0546
      ],
      [
        -10.5515,
        36.1059
      ],
      [
        -10.743,
        36.1485
      ],
      [
        -10.9441,
        36.1819
      ],
      [
        -11.1527,
        36.2056
      ],
      [
        -11.3665,
        36.2194
      ],
      [
        -11.5831,
        36.2231
      ],
      [
        -11.8,
        36.2166
      ],
      [
        -12.0148,
        36.2001
      ],
      [
        -12.2251,
        36.1737
      ],
      [
        -12.4283,
        36.1378
      ],
      [
        -12.6223,
        36.0927
      ],
      [
        -12.8045,
        36.0391
      ],
      [
        -12.9731,
        35.9775
      ],
      [
        -13.1258,
        35.9087
      ],
      [
        -13.2611,
        35.8336
      ],
      [
        -13.3772,
        35.7529
      ],
      [
        -13.4728,
        35.6677
      ],
      [
        -13.5469,
        35.579
      ],
      [
        -13.5985,
        35.4877
      ],
      [
        -13.6272,
        35.3948
      ],
      [
        -13.6326,
        35.3015
      ],
      [
        -13.6148,
        35.2087
      ],
      [
        -13.5741,
        35.1174
      ],
      [
        -13.511,
        35.0287
      ],
      [
        -13.4263,
        34.9434
      ],
      [
        -13.3212,
        34.8624
      ],
      [
        -13.1968,
        34.7867
      ],
      [
        -13.0549,
        34.7168
      ],
      [
        -12.8969,
        34.6537
      ],
      [
        -12.7249,
        34.5978
      ],
      [
        -12.5406,
        34.5497
      ],
      [
        -12.3464,
        34.51
      ],
      [
        -12.1442,
        34.4789
      ],
      [
        -11.9364,
        34.4569
      ],
      [
        -11.7252,
        34.4441
      ],
      [
        -11.5128,
        34.4407
      ],
      [
        -11.3016,
        34.4466
      ],
      [
        -11.0936,
        34.4619
      ],
      [
        -10.8912,
        34.4864
      ],
      [
        -10.6963,
        34.5198
      ],
      [
        -10.511,
        34.5619
      ],
      [
        -10.3372,
        34.6122
      ],
      [
        -10.1765,
        34.6702
      ],
      [
        -10.0308,
        34.7354
      ],
      [
        -9.9014,
        34.807
      ],
      [
        -9.7897,
        34.8844
      ],
      [
        -9.6969,
        34.9667
      ],
      [
        -9.6238,
        35.0532
      ],
      [
        -9.5714,
        35.1428
      ],
      [
        -9.5402,
        35.2346
      ],
      [
        -9.5306,
        35.3277
      ],
      [
        -9.5427,
        35.421
      ],
      [
        -9.5765,
        35.5135
      ],
      [
        -9.6318,
        35.6042
      ],
      [
        -9.7081,
        35.692
      ]
    ],
    [
      [
        -9.7232,
        35.7822
      ],
      [
        -9.8387,
        35.8615
      ],
      [
        -9.9724,
        35.935
      ],
      [
        -10.123,
        36.0019
      ],
      [
        -10.2888,
        36.0614
      ],
      [
        -10.4681,
        36.1128
      ],
      [
        -10.6592,
        36.1556
      ],
      [
        -10.8598,
        36.1891
      ],
      [
        -11.0679,
        36.213
      ],
      [
        -11.2812,
        36.227
      ],
      [
        -11.4973,
        36.2309
      ],
      [
        -11.7137,
        36.2246
      ],
      [
        -11.9281,
        36.2083
      ],
      [
        -12.1379,
        36.1821
      ],
      [
        -12.3407,
        36.1463
      ],
      [
        -12.5342,
        36.1014
      ],
      [
        -12.7161,
        36.048
      ],
      [
        -12.8842,
        35.9865
      ],
      [
        -13.0367,
        35.9179
      ],
      [
        -13.1717,
        35.8429
      ],
      [
        -13.2876,
        35.7624
      ],
      [
        -13.3831,
        35.6773
      ],
      [
        -13.457,
        35.5886
      ],
      [
        -13.5086,
        35.4973
      ],
      [
        -13.5373,
        35.4045
      ],
      [
        -13.5428,
        35.3112
      ],
      [
        -13.5252,
        35.2183
      ],
      [
        -13.4846,
        35.127
      ],
      [
        -13.4218,
        35.0382
      ],
      [
        -13.3374,
        34.9529
      ],
      [
        -13.2326,
        34.8718
      ],
      [
        -13.1087,
        34.7959
      ],
      [
        -12.9671,
        34.726
      ],
      [
        -12.8096,
        34.6626
      ],
      [
        -12.6381,
        34.6066
      ],
      [
        -12.4543,
        34.5584
      ],
      [
        -12.2606,
        34.5185
      ],
      [
        -12.0589,
        34.4872
      ],
      [
        -11.8516,
        34.465
      ],
      [
        -11.6409,
        34.452
      ],
      [
        -11.4291,
        34.4484
      ],
      [
        -11.2183,
        34.4542
      ],
      [
        -11.0108,
        34.4693
      ],
      [
        -10.8088,
        34.4936
      ],
      [
        -10.6143,
        34.5269
      ],
      [
        -10.4294,
        34.5688
      ],
      [
        -10.2559,
        34.6189
      ],
      [
        -10.0955,
        34.6768
      ],
      [
        -9.95,
        34.7419
      ],
      [
        -9.8208,
        34.8134
      ],
      [
        -9.7093,
        34.8907
      ],
      [
        -9.6166,
        34.973
      ],
      [
        -9.5436,
        35.0593
      ],
      [
        -9.4912,
        35.1489
      ],
      [
        -9.4599,
        35.2407
      ],
      [
        -9.4502,
        35.3338
      ],
      [
        -9.4622,
        35.4271
      ],
      [
        -9.4959,
        35.5197
      ],
      [
        -9.551,
        35.6104
      ],
      [
        -9.627,
        35.6982
      ]
    ],
    [
      [
        -9.642,
        35.7885
      ],
      [
        -9.7572,
        35.8678
      ],
      [
        -9.8906,
        35.9414
      ],
      [
        -10.0407,
        36.0084
      ],
      [
        -10.2061,
        36.0681
      ],
      [
        -10.385,
        36.1197
      ],
      [
        -10.5756,
        36.1626
      ],
      [
        -10.7758,
        36.1963
      ],
      [
        -10.9834,
        36.2204
      ],
      [
        -11.1962,
        36.2345
      ],
      [
        -11.4118,
        36.2386
      ],
      [
        -11.6277,
        36.2325
      ],
      [
        -11.8416,
        36.2164
      ],
      [
        -12.0509,
        36.1904
      ],
      [
        -12.2533,
        36.1548
      ],
      [
        -12.4463,
        36.1101
      ],
      [
        -12.6278,
        36.0567
      ],
      [
        -12.7957,
        35.9955
      ],
      [
        -12.9478,
        35.927
      ],
      [
        -13.0826,
        35.8521
      ],
      [
        -13.1983,
        35.7717
      ],
      [
        -13.2936,
        35.6867
      ],
      [
        -13.3674,
        35.598
      ],
      [
        -13.419,
        35.5068
      ],
      [
        -13.4477,
        35.414
      ],
      [
        -13.4533,
        35.3207
      ],
      [
        -13.4358,
        35.2279
      ],
      [
        -13.3954,
        35.1365
      ],
      [
        -13.3328,
        35.0477
      ],
      [
        -13.2488,
        34.9622
      ],
      [
        -13.1443,
        34.8811
      ],
      [
        -13.0208,
        34.8051
      ],
      [
        -12.8796,
        34.735
      ],
      [
        -12.7226,
        34.6715
      ],
      [
        -12.5515,
        34.6153
      ],
      [
        -12.3683,
        34.5669
      ],
      [
        -12.175,
        34.5268
      ],
      [
        -11.9739,
        34.4954
      ],
      [
        -11.7671,
        34.473
      ],
      [
        -11.5569,
        34.4599
      ],
      [
        -11.3455,
        34.4561
      ],
      [
        -11.1352,
        34.4616
      ],
      [
        -10.9282,
        34.4766
      ],
      [
        -10.7266,
        34.5007
      ],
      [
        -10.5325,
        34.5338
      ],
      [
        -10.348,
        34.5756
      ],
      [
        -10.1748,
        34.6256
      ],
      [
        -10.0147,
        34.6834
      ],
      [
        -9.8695,
        34.7483
      ],
      [
        -9.7405,
        34.8197
      ],
      [
        -9.6291,
        34.8969
      ],
      [
        -9.5365,
        34.9791
      ],
      [
        -9.4636,
        35.0654
      ],
      [
        -9.4112,
        35.155
      ],
      [
        -9.3799,
        35.2468
      ],
      [
        -9.3701,
        35.3398
      ],
      [
        -9.382,
        35.4332
      ],
      [
        -9.4155,
        35.5257
      ],
      [
        -9.4704,
        35.6165
      ],
      [
        -9.5461,
        35.7044
      ]
    ],
    [
      [
        -9.5611,
        35.7946
      ],
      [
        -9.676,
        35.874
      ],
      [
        -9.8089,
        35.9477
      ],
      [
        -9.9587,
        36.0149
      ],
      [
        -10.1236,
        36.0747
      ],
      [
        -10.3021,
        36.1264
      ],
      [
        -10.4922,
        36.1695
      ],
      [
        -10.6919,
        36.2033
      ],
      [
        -10.8991,
        36.2276
      ],
      [
        -11.1114,
        36.2419
      ],
      [
        -11.3264,
        36.2462
      ],
      [
        -11.5419,
        36.2403
      ],
      [
        -11.7553,
        36.2244
      ],
      [
        -11.9641,
        36.1985
      ],
      [
        -12.1661,
        36.1631
      ],
      [
        -12.3587,
        36.1186
      ],
      [
        -12.5399,
        36.0654
      ],
      [
        -12.7074,
        36.0043
      ],
      [
        -12.8592,
        35.936
      ],
      [
        -12.9937,
        35.8612
      ],
      [
        -13.1092,
        35.7809
      ],
      [
        -13.2044,
        35.696
      ],
      [
        -13.2781,
        35.6074
      ],
      [
        -13.3297,
        35.5162
      ],
      [
        -13.3584,
        35.4235
      ],
      [
        -13.3641,
        35.3302
      ],
      [
        -13.3467,
        35.2373
      ],
      [
        -13.3065,
        35.1459
      ],
      [
        -13.2442,
        35.057
      ],
      [
        -13.1604,
        34.9715
      ],
      [
        -13.0563,
        34.8902
      ],
      [
        -12.9331,
        34.8141
      ],
      [
        -12.7924,
        34.7439
      ],
      [
        -12.6358,
        34.6803
      ],
      [
        -12.4652,
        34.6239
      ],
      [
        -12.2825,
        34.5754
      ],
      [
        -12.0897,
        34.5351
      ],
      [
        -11.8891,
        34.5035
      ],
      [
        -11.6828,
        34.481
      ],
      [
        -11.4731,
        34.4676
      ],
      [
        -11.2622,
        34.4636
      ],
      [
        -11.0524,
        34.469
      ],
      [
        -10.8458,
        34.4838
      ],
      [
        -10.6447,
        34.5077
      ],
      [
        -10.451,
        34.5407
      ],
      [
        -10.2667,
        34.5823
      ],
      [
        -10.0939,
        34.6322
      ],
      [
        -9.9341,
        34.6898
      ],
      [
        -9.7891,
        34.7546
      ],
      [
        -9.6603,
        34.8259
      ],
      [
        -9.5491,
        34.9031
      ],
      [
        -9.4566,
        34.9852
      ],
      [
        -9.3837,
        35.0714
      ],
      [
        -9.3314,
        35.1609
      ],
      [
        -9.3001,
        35.2527
      ],
      [
        -9.2902,
        35.3458
      ],
      [
        -9.3019,
        35.4391
      ],
      [
        -9.3353,
        35.5317
      ],
      [
        -9.3899,
        35.6225
      ],
      [
        -9.4654,
        35.7104
      ]
    ],
    [
      [
        -9.4803,
        35.8007
      ],
      [
        -9.5949,
        35.8802
      ],
      [
        -9.7275,
        35.954
      ],
      [
        -9.8768,
        36.0213
      ],
      [
        -10.0414,
        36.0812
      ],
      [
        -10.2194,
        36.1331
      ],
      [
        -10.4091,
        36.1763
      ],
      [
        -10.6083,
        36.2103
      ],
      [
        -10.815,
        36.2348
      ],
      [
        -11.0268,
        36.2493
      ],
      [
        -11.2414,
        36.2537
      ],
      [
        -11.4563,
        36.248
      ],
      [
        -11.6693,
        36.2322
      ],
      [
        -11.8777,
        36.2066
      ],
      [
        -12.0792,
        36.1714
      ],
      [
        -12.2714,
        36.127
      ],
      [
        -12.4522,
        36.074
      ],
      [
        -12.6193,
        36.0131
      ],
      [
        -12.7709,
        35.9448
      ],
      [
        -12.9051,
        35.8702
      ],
      [
        -13.0204,
        35.79
      ],
      [
        -13.1154,
        35.7052
      ],
      [
        -13.1891,
        35.6167
      ],
      [
        -13.2406,
        35.5256
      ],
      [
        -13.2693,
        35.4328
      ],
      [
        -13.2751,
        35.3395
      ],
      [
        -13.2578,
        35.2466
      ],
      [
        -13.2179,
        35.1552
      ],
      [
        -13.1558,
        35.0663
      ],
      [
        -13.0723,
        34.9807
      ],
      [
        -12.9685,
        34.8993
      ],
      [
        -12.8458,
        34.8231
      ],
      [
        -12.7055,
        34.7527
      ],
      [
        -12.5493,
        34.689
      ],
      [
        -12.3791,
        34.6325
      ],
      [
        -12.1969,
        34.5838
      ],
      [
        -12.0046,
        34.5433
      ],
      [
        -11.8045,
        34.5116
      ],
      [
        -11.5988,
        34.4888
      ],
      [
        -11.3895,
        34.4753
      ],
      [
        -11.1791,
        34.4711
      ],
      [
        -10.9698,
        34.4763
      ],
      [
        -10.7637,
        34.4909
      ],
      [
        -10.5629,
        34.5147
      ],
      [
        -10.3696,
        34.5475
      ],
      [
        -10.1858,
        34.589
      ],
      [
        -10.0132,
        34.6387
      ],
      [
        -9.8537,
        34.6962
      ],
      [
        -9.709,
        34.7609
      ],
      [
        -9.5804,
        34.8321
      ],
      [
        -9.4693,
        34.9091
      ],
      [
        -9.3769,
        34.9912
      ],
      [
        -9.3041,
        35.0774
      ],
      [
        -9.2518,
        35.1668
      ],
      [
        -9.2204,
        35.2586
      ],
      [
        -9.2105,
        35.3516
      ],
      [
        -9.2221,
        35.445
      ],
      [
        -9.2553,
        35.5376
      ],
      [
        -9.3097,
        35.6284
      ],
      [
        -9.385,
        35.7164
      ]
    ],
    [
      [
        -9.3998,
        35.8067
      ],
      [
        -9.514,
        35.8863
      ],
      [
        -9.6463,
        35.9602
      ],
      [
        -9.7952,
        36.0276
      ],
      [
        -9.9593,
        36.0876
      ],
      [
        -10.137,
        36.1397
      ],
      [
        -10.3262,
        36.183
      ],
      [
        -10.5249,
        36.2172
      ],
      [
        -10.7311,
        36.2418
      ],
      [
        -10.9424,
        36.2565
      ],
      [
        -11.1565,
        36.2611
      ],
      [
        -11.371,
        36.2556
      ],
      [
        -11.5835,
        36.24
      ],
      [
        -11.7914,
        36.2146
      ],
      [
        -11.9925,
        36.1795
      ],
      [
        -12.1843,
        36.1353
      ],
      [
        -12.3647,
        36.0825
      ],
      [
        -12.5315,
        36.0217
      ],
      [
        -12.6828,
        35.9536
      ],
      [
        -12.8167,
        35.8791
      ],
      [
        -12.9318,
        35.799
      ],
      [
        -13.0267,
        35.7142
      ],
      [
        -13.1003,
        35.6258
      ],
      [
        -13.1518,
        35.5348
      ],
      [
        -13.1806,
        35.4421
      ],
      [
        -13.1864,
        35.3488
      ],
      [
        -13.1693,
        35.2559
      ],
      [
        -13.1295,
        35.1644
      ],
      [
        -13.0676,
        35.0754
      ],
      [
        -12.9844,
        34.9897
      ],
      [
        -12.881,
        34.9083
      ],
      [
        -12.7586,
        34.8319
      ],
      [
        -12.6187,
        34.7615
      ],
      [
        -12.463,
        34.6976
      ],
      [
        -12.2933,
        34.6409
      ],
      [
        -12.1116,
        34.592
      ],
      [
        -11.9198,
        34.5514
      ],
      [
        -11.7202,
        34.5195
      ],
      [
        -11.5149,
        34.4965
      ],
      [
        -11.3062,
        34.4828
      ],
      [
        -11.0963,
        34.4785
      ],
      [
        -10.8874,
        34.4835
      ],
      [
        -10.6817,
        34.4979
      ],
      [
        -10.4814,
        34.5216
      ],
      [
        -10.2885,
        34.5542
      ],
      [
        -10.105,
        34.5955
      ],
      [
        -9.9328,
        34.6451
      ],
      [
        -9.7736,
        34.7025
      ],
      [
        -9.629,
        34.767
      ],
      [
        -9.5006,
        34.8381
      ],
      [
        -9.3897,
        34.9151
      ],
      [
        -9.2974,
        34.9971
      ],
      [
        -9.2247,
        35.0832
      ],
      [
        -9.1723,
        35.1726
      ],
      [
        -9.141,
        35.2643
      ],
      [
        -9.131,
        35.3574
      ],
      [
        -9.1425,
        35.4507
      ],
      [
        -9.1755,
        35.5434
      ],
      [
        -9.2297,
        35.6342
      ],
      [
        -9.3047,
        35.7223
      ]
    ],
    [
      [
        -9.3194,
        35.8126
      ],
      [
        -9.4333,
        35.8923
      ],
      [
        -9.5652,
        35.9663
      ],
      [
        -9.7138,
        36.0338
      ],
      [
        -9.8775,
        36.094
      ],
      [
        -10.0547,
        36.1462
      ],
      [
        -10.2434,
        36.1897
      ],
      [
        -10.4418,
        36.224
      ],
      [
        -10.6475,
        36.2488
      ],
      [
        -10.8583,
        36.2637
      ],
      [
        -11.0719,
        36.2685
      ],
      [
        -11.2859,
        36.2631
      ],
      [
        -11.4979,
        36.2477
      ],
      [
        -11.7054,
        36.2225
      ],
      [
        -11.906,
        36.1876
      ],
      [
        -12.0975,
        36.1435
      ],
      [
        -12.2775,
        36.0909
      ],
      [
        -12.444,
        36.0302
      ],
      [
        -12.5949,
        35.9623
      ],
      [
        -12.7287,
        35.8879
      ],
      [
        -12.8436,
        35.8079
      ],
      [
        -12.9383,
        35.7232
      ],
      [
        -13.0118,
        35.6349
      ],
      [
        -13.0632,
        35.5439
      ],
      [
        -13.092,
        35.4512
      ],
      [
        -13.0979,
        35.3579
      ],
      [
        -13.081,
        35.265
      ],
      [
        -13.0414,
        35.1735
      ],
      [
        -12.9797,
        35.0844
      ],
      [
        -12.8969,
        34.9987
      ],
      [
        -12.7938,
        34.9171
      ],
      [
        -12.6718,
        34.8407
      ],
      [
        -12.5323,
        34.7701
      ],
      [
        -12.377,
        34.7061
      ],
      [
        -12.2078,
        34.6492
      ],
      [
        -12.0265,
        34.6002
      ],
      [
        -11.8352,
        34.5594
      ],
      [
        -11.6361,
        34.5273
      ],
      [
        -11.4313,
        34.5042
      ],
      [
        -11.2231,
        34.4903
      ],
      [
        -11.0137,
        34.4858
      ],
      [
        -10.8052,
        34.4906
      ],
      [
        -10.6,
        34.5049
      ],
      [
        -10.4001,
        34.5283
      ],
      [
        -10.2076,
        34.5608
      ],
      [
        -10.0244,
        34.602
      ],
      [
        -9.8525,
        34.6514
      ],
      [
        -9.6936,
        34.7087
      ],
      [
        -9.5493,
        34.7731
      ],
      [
        -9.4211,
        34.8441
      ],
      [
        -9.3103,
        34.921
      ],
      [
        -9.2181,
        35.0029
      ],
      [
        -9.1455,
        35.089
      ],
      [
        -9.0931,
        35.1784
      ],
      [
        -9.0617,
        35.2701
      ],
      [
        -9.0516,
        35.3631
      ],
      [
        -9.063,
        35.4564
      ],
      [
        -9.0959,
        35.5491
      ],
      [
        -9.1499,
        35.64
      ],
      [
        -9.2246,
        35.7282
      ]
    ],
    [
      [
        -9.2393,
        35.8184
      ],
      [
        -9.3529,
        35.8982
      ],
      [
        -9.4844,
        35.9723
      ],
      [
        -9.6326,
        36.0399
      ],
      [
        -9.7959,
        36.1003
      ],
      [
        -9.9727,
        36.1526
      ],
      [
        -10.161,
        36.1963
      ],
      [
        -10.3588,
        36.2308
      ],
      [
        -10.564,
        36.2557
      ],
      [
        -10.7744,
        36.2708
      ],
      [
        -10.9875,
        36.2757
      ],
      [
        -11.2011,
        36.2706
      ],
      [
        -11.4126,
        36.2554
      ],
      [
        -11.6196,
        36.2302
      ],
      [
        -11.8198,
        36.1955
      ],
      [
        -12.0109,
        36.1517
      ],
      [
        -12.1905,
        36.0992
      ],
      [
        -12.3567,
        36.0387
      ],
      [
        -12.5074,
        35.9709
      ],
      [
        -12.6408,
        35.8966
      ],
      [
        -12.7555,
        35.8167
      ],
      [
        -12.8501,
        35.7321
      ],
      [
        -12.9235,
        35.6439
      ],
      [
        -12.9749,
        35.5529
      ],
      [
        -13.0038,
        35.4602
      ],
      [
        -13.0098,
        35.3669
      ],
      [
        -12.9929,
        35.274
      ],
      [
        -12.9535,
        35.1825
      ],
      [
        -12.8921,
        35.0934
      ],
      [
        -12.8095,
        35.0075
      ],
      [
        -12.7068,
        34.9259
      ],
      [
        -12.5851,
        34.8493
      ],
      [
        -12.4461,
        34.7786
      ],
      [
        -12.2913,
        34.7144
      ],
      [
        -12.1225,
        34.6575
      ],
      [
        -11.9417,
        34.6083
      ],
      [
        -11.7509,
        34.5673
      ],
      [
        -11.5523,
        34.5351
      ],
      [
        -11.348,
        34.5118
      ],
      [
        -11.1402,
        34.4977
      ],
      [
        -10.9313,
        34.493
      ],
      [
        -10.7233,
        34.4977
      ],
      [
        -10.5185,
        34.5117
      ],
      [
        -10.319,
        34.535
      ],
      [
        -10.1269,
        34.5674
      ],
      [
        -9.9441,
        34.6084
      ],
      [
        -9.7725,
        34.6577
      ],
      [
        -9.6138,
        34.7148
      ],
      [
        -9.4698,
        34.7791
      ],
      [
        -9.3418,
        34.85
      ],
      [
        -9.2311,
        34.9268
      ],
      [
        -9.139,
        35.0086
      ],
      [
        -9.0664,
        35.0947
      ],
      [
        -9.0141,
        35.184
      ],
      [
        -8.9827,
        35.2757
      ],
      [
        -8.9725,
        35.3687
      ],
      [
        -8.9838,
        35.4621
      ],
      [
        -9.0164,
        35.5548
      ],
      [
        -9.0703,
        35.6457
      ],
      [
        -9.1448,
        35.7339
      ]
    ],
    [
      [
        -9.1593,
        35.8242
      ],
      [
        -9.2726,
        35.904
      ],
      [
        -9.4038,
        35.9782
      ],
      [
        -9.5516,
        36.046
      ],
      [
        -9.7145,
        36.1064
      ],
      [
        -9.8908,
        36.1589
      ],
      [
        -10.0787,
        36.2027
      ],
      [
        -10.276,
        36.2374
      ],
      [
        -10.4808,
        36.2625
      ],
      [
        -10.6907,
        36.2777
      ],
      [
        -10.9034,
        36.2829
      ],
      [
        -11.1164,
        36.2779
      ],
      [
        -11.3275,
        36.2629
      ],
      [
        -11.5341,
        36.2379
      ],
      [
        -11.7339,
        36.2034
      ],
      [
        -11.9245,
        36.1597
      ],
      [
        -12.1038,
        36.1074
      ],
      [
        -12.2696,
        36.047
      ],
      [
        -12.42,
        35.9794
      ],
      [
        -12.5533,
        35.9052
      ],
      [
        -12.6678,
        35.8254
      ],
      [
        -12.7622,
        35.7409
      ],
      [
        -12.8355,
        35.6527
      ],
      [
        -12.8869,
        35.5618
      ],
      [
        -12.9158,
        35.4692
      ],
      [
        -12.9218,
        35.3759
      ],
      [
        -12.9051,
        35.283
      ],
      [
        -12.8659,
        35.1914
      ],
      [
        -12.8048,
        35.1022
      ],
      [
        -12.7225,
        35.0163
      ],
      [
        -12.62,
        34.9346
      ],
      [
        -12.4988,
        34.8579
      ],
      [
        -12.3601,
        34.7871
      ],
      [
        -12.2057,
        34.7227
      ],
      [
        -12.0374,
        34.6656
      ],
      [
        -11.8571,
        34.6163
      ],
      [
        -11.6668,
        34.5752
      ],
      [
        -11.4686,
        34.5427
      ],
      [
        -11.2648,
        34.5192
      ],
      [
        -11.0576,
        34.505
      ],
      [
        -10.8491,
        34.5001
      ],
      [
        -10.6416,
        34.5046
      ],
      [
        -10.4372,
        34.5185
      ],
      [
        -10.2381,
        34.5417
      ],
      [
        -10.0464,
        34.5738
      ],
      [
        -9.8639,
        34.6147
      ],
      [
        -9.6926,
        34.6638
      ],
      [
        -9.5343,
        34.7208
      ],
      [
        -9.3904,
        34.7851
      ],
      [
        -9.2626,
        34.8559
      ],
      [
        -9.1521,
        34.9326
      ],
      [
        -9.0601,
        35.0143
      ],
      [
        -8.9876,
        35.1003
      ],
      [
        -8.9353,
        35.1896
      ],
      [
        -8.9038,
        35.2812
      ],
      [
        -8.8936,
        35.3742
      ],
      [
        -8.9047,
        35.4676
      ],
      [
        -8.9372,
        35.5603
      ],
      [
        -8.9908,
        35.6513
      ],
      [
        -9.0651,
        35.7396
      ]
    ],
    [
      [
        -9.0796,
        35.8298
      ],
      [
        -9.1925,
        35.9098
      ],
      [
        -9.3234,
        35.9841
      ],
      [
        -9.4708,
        36.052
      ],
      [
        -9.6333,
        36.1125
      ],
      [
        -9.8092,
        36.1651
      ],
      [
        -9.9966,
        36.2091
      ],
      [
        -10.1935,
        36.244
      ],
      [
        -10.3978,
        36.2692
      ],
      [
        -10.6072,
        36.2846
      ],
      [
        -10.8194,
        36.29
      ],
      [
        -11.032,
        36.2852
      ],
      [
        -11.2426,
        36.2703
      ],
      [
        -11.4488,
        36.2455
      ],
      [
        -11.6482,
        36.2112
      ],
      [
        -11.8384,
        36.1677
      ],
      [
        -12.0173,
        36.1155
      ],
      [
        -12.1828,
        36.0553
      ],
      [
        -12.3329,
        35.9877
      ],
      [
        -12.4659,
        35.9137
      ],
      [
        -12.5802,
        35.834
      ],
      [
        -12.6746,
        35.7496
      ],
      [
        -12.7478,
        35.6615
      ],
      [
        -12.7991,
        35.5706
      ],
      [
        -12.828,
        35.478
      ],
      [
        -12.8342,
        35.3847
      ],
      [
        -12.8176,
        35.2918
      ],
      [
        -12.7786,
        35.2002
      ],
      [
        -12.7177,
        35.1109
      ],
      [
        -12.6356,
        35.025
      ],
      [
        -12.5336,
        34.9432
      ],
      [
        -12.4127,
        34.8664
      ],
      [
        -12.2744,
        34.7954
      ],
      [
        -12.1204,
        34.7309
      ],
      [
        -11.9526,
        34.6737
      ],
      [
        -11.7727,
        34.6242
      ],
      [
        -11.5829,
        34.5829
      ],
      [
        -11.3853,
        34.5503
      ],
      [
        -11.1819,
        34.5266
      ],
      [
        -10.9752,
        34.5122
      ],
      [
        -10.7671,
        34.5071
      ],
      [
        -10.5601,
        34.5115
      ],
      [
        -10.3561,
        34.5252
      ],
      [
        -10.1575,
        34.5482
      ],
      [
        -9.9661,
        34.5802
      ],
      [
        -9.784,
        34.6209
      ],
      [
        -9.613,
        34.6699
      ],
      [
        -9.4549,
        34.7268
      ],
      [
        -9.3113,
        34.7909
      ],
      [
        -9.1837,
        34.8616
      ],
      [
        -9.0733,
        34.9382
      ],
      [
        -8.9815,
        35.0199
      ],
      [
        -8.909,
        35.1058
      ],
      [
        -8.8567,
        35.1951
      ],
      [
        -8.8252,
        35.2867
      ],
      [
        -8.8148,
        35.3797
      ],
      [
        -8.8259,
        35.4731
      ],
      [
        -8.8582,
        35.5658
      ],
      [
        -8.9116,
        35.6569
      ],
      [
        -8.9856,
        35.7452
      ]
    ],
    [
      [
        -9.0,
        35.8354
      ],
      [
        -9.1126,
        35.9154
      ],
      [
        -9.2431,
        35.9899
      ],
      [
        -9.3902,
        36.0579
      ],
      [
        -9.5523,
        36.1186
      ],
      [
        -9.7278,
        36.1713
      ],
      [
        -9.9147,
        36.2154
      ],
      [
        -10.1112,
        36.2504
      ],
      [
        -10.315,
        36.2759
      ],
      [
        -10.524,
        36.2914
      ],
      [
        -10.7357,
        36.297
      ],
      [
        -10.9478,
        36.2923
      ],
      [
        -11.158,
        36.2776
      ],
      [
        -11.3637,
        36.2531
      ],
      [
        -11.5627,
        36.2189
      ],
      [
        -11.7525,
        36.1755
      ],
      [
        -11.9311,
        36.1235
      ],
      [
        -12.0963,
        36.0634
      ],
      [
        -12.2461,
        35.996
      ],
      [
        -12.3789,
        35.9221
      ],
      [
        -12.493,
        35.8425
      ],
      [
        -12.5872,
        35.7582
      ],
      [
        -12.6603,
        35.6701
      ],
      [
        -12.7116,
        35.5793
      ],
      [
        -12.7405,
        35.4867
      ],
      [
        -12.7467,
        35.3935
      ],
      [
        -12.7303,
        35.3005
      ],
      [
        -12.6915,
        35.2089
      ],
      [
        -12.6308,
        35.1196
      ],
      [
        -12.5491,
        35.0335
      ],
      [
        -12.4473,
        34.9516
      ],
      [
        -12.3268,
        34.8747
      ],
      [
        -12.1889,
        34.8036
      ],
      [
        -12.0354,
        34.7391
      ],
      [
        -11.868,
        34.6816
      ],
      [
        -11.6886,
        34.632
      ],
      [
        -11.4993,
        34.5905
      ],
      [
        -11.3021,
        34.5577
      ],
      [
        -11.0993,
        34.5339
      ],
      [
        -10.893,
        34.5193
      ],
      [
        -10.6854,
        34.5141
      ],
      [
        -10.4788,
        34.5183
      ],
      [
        -10.2753,
        34.5318
      ],
      [
        -10.077,
        34.5546
      ],
      [
        -9.886,
        34.5865
      ],
      [
        -9.7042,
        34.6271
      ],
      [
        -9.5336,
        34.6759
      ],
      [
        -9.3757,
        34.7327
      ],
      [
        -9.2324,
        34.7967
      ],
      [
        -9.1049,
        34.8673
      ],
      [
        -8.9947,
        34.9438
      ],
      [
        -8.903,
        35.0254
      ],
      [
        -8.8305,
        35.1113
      ],
      [
        -8.7782,
        35.2005
      ],
      [
        -8.7467,
        35.2921
      ],
      [
        -8.7363,
        35.3851
      ],
      [
        -8.7472,
        35.4785
      ],
      [
        -8.7794,
        35.5712
      ],
      [
        -8.8326,
        35.6623
      ],
      [
        -8.9064,
        35.7507
      ]
    ],
    [
      [
        -8.9207,
        35.8409
      ],
      [
        -9.033,
        35.921
      ],
      [
        -9.1631,
        35.9956
      ],
      [
        -9.3098,
        36.0637
      ],
      [
        -9.4715,
        36.1245
      ],
      [
        -9.6466,
        36.1774
      ],
      [
        -9.8331,
        36.2217
      ],
      [
        -10.0291,
        36.2568
      ],
      [
        -10.2325,
        36.2824
      ],
      [
        -10.4409,
        36.2982
      ],
      [
        -10.6522,
        36.3039
      ],
      [
        -10.8639,
        36.2994
      ],
      [
        -11.0736,
        36.2849
      ],
      [
        -11.2789,
        36.2605
      ],
      [
        -11.4774,
        36.2265
      ],
      [
        -11.6669,
        36.1833
      ],
      [
        -11.8451,
        36.1314
      ],
      [
        -12.0099,
        36.0715
      ],
      [
        -12.1595,
        36.0042
      ],
      [
        -12.292,
        35.9304
      ],
      [
        -12.406,
        35.8509
      ],
      [
        -12.5,
        35.7667
      ],
      [
        -12.5731,
        35.6787
      ],
      [
        -12.6243,
        35.5879
      ],
      [
        -12.6533,
        35.4954
      ],
      [
        -12.6596,
        35.4021
      ],
      [
        -12.6433,
        35.3091
      ],
      [
        -12.6047,
        35.2175
      ],
      [
        -12.5442,
        35.1281
      ],
      [
        -12.4628,
        35.042
      ],
      [
        -12.3613,
        34.96
      ],
      [
        -12.2412,
        34.883
      ],
      [
        -12.1037,
        34.8118
      ],
      [
        -11.9506,
        34.7471
      ],
      [
        -11.7836,
        34.6895
      ],
      [
        -11.6047,
        34.6397
      ],
      [
        -11.4159,
        34.5981
      ],
      [
        -11.2192,
        34.5651
      ],
      [
        -11.0168,
        34.5411
      ],
      [
        -10.811,
        34.5264
      ],
      [
        -10.6039,
        34.5209
      ],
      [
        -10.3977,
        34.5249
      ],
      [
        -10.1946,
        34.5383
      ],
      [
        -9.9968,
        34.561
      ],
      [
        -9.8061,
        34.5927
      ],
      [
        -9.6247,
        34.6331
      ],
      [
        -9.4543,
        34.6819
      ],
      [
        -9.2968,
        34.7385
      ],
      [
        -9.1536,
        34.8024
      ],
      [
        -9.0264,
        34.8729
      ],
      [
        -8.9163,
        34.9493
      ],
      [
        -8.8246,
        35.0309
      ],
      [
        -8.7523,
        35.1167
      ],
      [
        -8.7,
        35.2058
      ],
      [
        -8.6684,
        35.2974
      ],
      [
        -8.6579,
        35.3904
      ],
      [
        -8.6687,
        35.4838
      ],
      [
        -8.7007,
        35.5766
      ],
      [
        -8.7538,
        35.6677
      ],
      [
        -8.8273,
        35.7562
      ]
    ],
    [
      [
        -8.8415,
        35.8464
      ],
      [
        -8.9535,
        35.9266
      ],
      [
        -9.0833,
        36.0012
      ],
      [
        -9.2296,
        36.0694
      ],
      [
        -9.3909,
        36.1304
      ],
      [
        -9.5656,
        36.1834
      ],
      [
        -9.7516,
        36.2278
      ],
      [
        -9.9472,
        36.2631
      ],
      [
        -10.1501,
        36.2889
      ],
      [
        -10.3581,
        36.3048
      ],
      [
        -10.5689,
        36.3107
      ],
      [
        -10.7801,
        36.3064
      ],
      [
        -10.9894,
        36.2921
      ],
      [
        -11.1943,
        36.2678
      ],
      [
        -11.3924,
        36.234
      ],
      [
        -11.5815,
        36.1909
      ],
      [
        -11.7593,
        36.1392
      ],
      [
        -11.9239,
        36.0794
      ],
      [
        -12.0732,
        36.0123
      ],
      [
        -12.2054,
        35.9386
      ],
      [
        -12.3192,
        35.8593
      ],
      [
        -12.4131,
        35.7751
      ],
      [
        -12.4861,
        35.6872
      ],
      [
        -12.5373,
        35.5964
      ],
      [
        -12.5663,
        35.5039
      ],
      [
        -12.5727,
        35.4107
      ],
      [
        -12.5565,
        35.3177
      ],
      [
        -12.5181,
        35.226
      ],
      [
        -12.4579,
        35.1366
      ],
      [
        -12.3767,
        35.0504
      ],
      [
        -12.2756,
        34.9683
      ],
      [
        -12.1558,
        34.8912
      ],
      [
        -12.0187,
        34.8198
      ],
      [
        -11.866,
        34.755
      ],
      [
        -11.6995,
        34.6973
      ],
      [
        -11.5211,
        34.6473
      ],
      [
        -11.3327,
        34.6055
      ],
      [
        -11.1365,
        34.5724
      ],
      [
        -10.9346,
        34.5482
      ],
      [
        -10.7292,
        34.5333
      ],
      [
        -10.5226,
        34.5277
      ],
      [
        -10.3169,
        34.5316
      ],
      [
        -10.1142,
        34.5448
      ],
      [
        -9.9167,
        34.5673
      ],
      [
        -9.7265,
        34.5988
      ],
      [
        -9.5454,
        34.6391
      ],
      [
        -9.3753,
        34.6877
      ],
      [
        -9.218,
        34.7442
      ],
      [
        -9.0751,
        34.808
      ],
      [
        -8.948,
        34.8784
      ],
      [
        -8.8381,
        34.9548
      ],
      [
        -8.7465,
        35.0362
      ],
      [
        -8.6742,
        35.122
      ],
      [
        -8.622,
        35.2111
      ],
      [
        -8.5903,
        35.3027
      ],
      [
        -8.5798,
        35.3956
      ],
      [
        -8.5904,
        35.4891
      ],
      [
        -8.6223,
        35.5819
      ],
      [
        -8.6751,
        35.673
      ],
      [
        -8.7484,
        35.7615
      ]
    ],
    [
      [
        -8.7625,
        35.8517
      ],
      [
        -8.8742,
        35.932
      ],
      [
        -9.0037,
        36.0068
      ],
      [
        -9.1496,
        36.0751
      ],
      [
        -9.3105,
        36.1362
      ],
      [
        -9.4847,
        36.1893
      ],
      [
        -9.6704,
        36.2339
      ],
      [
        -9.8655,
        36.2694
      ],
      [
        -10.068,
        36.2953
      ],
      [
        -10.2755,
        36.3114
      ],
      [
        -10.4859,
        36.3174
      ],
      [
        -10.6966,
        36.3133
      ],
      [
        -10.9054,
        36.2991
      ],
      [
        -11.1099,
        36.2751
      ],
      [
        -11.3076,
        36.2414
      ],
      [
        -11.4963,
        36.1985
      ],
      [
        -11.6738,
        36.147
      ],
      [
        -11.838,
        36.0873
      ],
      [
        -11.987,
        36.0203
      ],
      [
        -12.1191,
        35.9468
      ],
      [
        -12.2327,
        35.8675
      ],
      [
        -12.3264,
        35.7834
      ],
      [
        -12.3993,
        35.6955
      ],
      [
        -12.4506,
        35.6049
      ],
      [
        -12.4795,
        35.5124
      ],
      [
        -12.486,
        35.4191
      ],
      [
        -12.47,
        35.3261
      ],
      [
        -12.4317,
        35.2344
      ],
      [
        -12.3718,
        35.1449
      ],
      [
        -12.2909,
        35.0586
      ],
      [
        -12.1901,
        34.9765
      ],
      [
        -12.0706,
        34.8993
      ],
      [
        -11.934,
        34.8278
      ],
      [
        -11.7817,
        34.7628
      ],
      [
        -11.6156,
        34.705
      ],
      [
        -11.4376,
        34.6548
      ],
      [
        -11.2497,
        34.6129
      ],
      [
        -11.054,
        34.5796
      ],
      [
        -10.8526,
        34.5553
      ],
      [
        -10.6477,
        34.5402
      ],
      [
        -10.4415,
        34.5344
      ],
      [
        -10.2362,
        34.5381
      ],
      [
        -10.034,
        34.5511
      ],
      [
        -9.8369,
        34.5735
      ],
      [
        -9.647,
        34.6049
      ],
      [
        -9.4662,
        34.645
      ],
      [
        -9.2965,
        34.6935
      ],
      [
        -9.1394,
        34.7499
      ],
      [
        -8.9968,
        34.8135
      ],
      [
        -8.8699,
        34.8839
      ],
      [
        -8.7601,
        34.9601
      ],
      [
        -8.6686,
        35.0415
      ],
      [
        -8.5963,
        35.1272
      ],
      [
        -8.5441,
        35.2163
      ],
      [
        -8.5125,
        35.3078
      ],
      [
        -8.5018,
        35.4008
      ],
      [
        -8.5124,
        35.4942
      ],
      [
        -8.5441,
        35.5871
      ],
      [
        -8.5967,
        35.6783
      ],
      [
        -8.6697,
        35.7668
      ]
    ],
    [
      [
        -8.6837,
        35.857
      ],
      [
        -8.7951,
        35.9374
      ],
      [
        -8.9243,
        36.0122
      ],
      [
        -9.0698,
        36.0806
      ],
      [
        -9.2303,
        36.1419
      ],
      [
        -9.4041,
        36.1952
      ],
      [
        -9.5894,
        36.2399
      ],
      [
        -9.784,
        36.2755
      ],
      [
        -9.986,
        36.3016
      ],
      [
        -10.1931,
        36.3178
      ],
      [
        -10.403,
        36.324
      ],
      [
        -10.6133,
        36.3201
      ],
      [
        -10.8217,
        36.3061
      ],
      [
        -11.0257,
        36.2822
      ],
      [
        -11.223,
        36.2487
      ],
      [
        -11.4114,
        36.206
      ],
      [
        -11.5885,
        36.1546
      ],
      [
        -11.7524,
        36.0951
      ],
      [
        -11.9012,
        36.0282
      ],
      [
        -12.033,
        35.9548
      ],
      [
        -12.1464,
        35.8756
      ],
      [
        -12.24,
        35.7916
      ],
      [
        -12.3129,
        35.7038
      ],
      [
        -12.364,
        35.6132
      ],
      [
        -12.3931,
        35.5207
      ],
      [
        -12.3996,
        35.4275
      ],
      [
        -12.3837,
        35.3345
      ],
      [
        -12.3456,
        35.2427
      ],
      [
        -12.2859,
        35.1532
      ],
      [
        -12.2053,
        35.0668
      ],
      [
        -12.1048,
        34.9846
      ],
      [
        -11.9858,
        34.9073
      ],
      [
        -11.8495,
        34.8357
      ],
      [
        -11.6976,
        34.7706
      ],
      [
        -11.532,
        34.7126
      ],
      [
        -11.3544,
        34.6623
      ],
      [
        -11.167,
        34.6202
      ],
      [
        -10.9717,
        34.5867
      ],
      [
        -10.7708,
        34.5622
      ],
      [
        -10.5664,
        34.5469
      ],
      [
        -10.3606,
        34.541
      ],
      [
        -10.1558,
        34.5445
      ],
      [
        -9.954,
        34.5574
      ],
      [
        -9.7573,
        34.5796
      ],
      [
        -9.5677,
        34.6108
      ],
      [
        -9.3873,
        34.6508
      ],
      [
        -9.2178,
        34.6992
      ],
      [
        -9.0611,
        34.7554
      ],
      [
        -8.9186,
        34.819
      ],
      [
        -8.7919,
        34.8892
      ],
      [
        -8.6823,
        34.9654
      ],
      [
        -8.5909,
        35.0467
      ],
      [
        -8.5187,
        35.1324
      ],
      [
        -8.4664,
        35.2214
      ],
      [
        -8.4347,
        35.3129
      ],
      [
        -8.424,
        35.4059
      ],
      [
        -8.4345,
        35.4993
      ],
      [
        -8.466,
        35.5922
      ],
      [
        -8.5184,
        35.6834
      ],
      [
        -8.5912,
        35.772
      ]
    ],
    [
      [
        -8.6052,
        35.8622
      ],
      [
        -8.7162,
        35.9427
      ],
      [
        -8.845,
        36.0176
      ],
      [
        -8.9902,
        36.0862
      ],
      [
        -9.1504,
        36.1475
      ],
      [
        -9.3237,
        36.2009
      ],
      [
        -9.5085,
        36.2458
      ],
      [
        -9.7028,
        36.2816
      ],
      [
        -9.9043,
        36.3078
      ],
      [
        -10.111,
        36.3242
      ],
      [
        -10.3204,
        36.3306
      ],
      [
        -10.5303,
        36.3268
      ],
      [
        -10.7382,
        36.313
      ],
      [
        -10.9418,
        36.2893
      ],
      [
        -11.1387,
        36.256
      ],
      [
        -11.3267,
        36.2134
      ],
      [
        -11.5035,
        36.1621
      ],
      [
        -11.6671,
        36.1028
      ],
      [
        -11.8155,
        36.036
      ],
      [
        -11.9471,
        35.9627
      ],
      [
        -12.0604,
        35.8836
      ],
      [
        -12.1539,
        35.7997
      ],
      [
        -12.2266,
        35.712
      ],
      [
        -12.2778,
        35.6214
      ],
      [
        -12.3068,
        35.529
      ],
      [
        -12.3135,
        35.4357
      ],
      [
        -12.2977,
        35.3427
      ],
      [
        -12.2598,
        35.2509
      ],
      [
        -12.2003,
        35.1613
      ],
      [
        -12.12,
        35.0749
      ],
      [
        -12.0198,
        34.9926
      ],
      [
        -11.9011,
        34.9152
      ],
      [
        -11.7652,
        34.8435
      ],
      [
        -11.6138,
        34.7782
      ],
      [
        -11.4486,
        34.7201
      ],
      [
        -11.2715,
        34.6696
      ],
      [
        -11.0845,
        34.6274
      ],
      [
        -10.8897,
        34.5938
      ],
      [
        -10.6892,
        34.5691
      ],
      [
        -10.4852,
        34.5536
      ],
      [
        -10.28,
        34.5476
      ],
      [
        -10.0755,
        34.5509
      ],
      [
        -9.8741,
        34.5636
      ],
      [
        -9.6778,
        34.5856
      ],
      [
        -9.4887,
        34.6167
      ],
      [
        -9.3086,
        34.6566
      ],
      [
        -9.1394,
        34.7048
      ],
      [
        -8.9829,
        34.7609
      ],
      [
        -8.8406,
        34.8244
      ],
      [
        -8.7141,
        34.8945
      ],
      [
        -8.6046,
        34.9706
      ],
      [
        -8.5133,
        35.0519
      ],
      [
        -8.4412,
        35.1375
      ],
      [
        -8.3889,
        35.2265
      ],
      [
        -8.3572,
        35.3179
      ],
      [
        -8.3464,
        35.4109
      ],
      [
        -8.3567,
        35.5043
      ],
      [
        -8.3881,
        35.5972
      ],
      [
        -8.4403,
        35.6885
      ],
      [
        -8.5129,
        35.7772
      ]
    ],
    [
      [
        -8.5268,
        35.8674
      ],
      [
        -8.6375,
        35.9479
      ],
      [
        -8.766,
        36.0229
      ],
      [
        -8.9108,
        36.0916
      ],
      [
        -9.0706,
        36.153
      ],
      [
        -9.2435,
        36.2066
      ],
      [
        -9.4279,
        36.2516
      ],
      [
        -9.6217,
        36.2875
      ],
      [
        -9.8228,
        36.314
      ],
      [
        -10.029,
        36.3305
      ],
      [
        -10.238,
        36.3371
      ],
      [
        -10.4474,
        36.3335
      ],
      [
        -10.6549,
        36.3198
      ],
      [
        -10.8581,
        36.2963
      ],
      [
        -11.0546,
        36.2631
      ],
      [
        -11.2422,
        36.2207
      ],
      [
        -11.4186,
        36.1696
      ],
      [
        -11.5819,
        36.1104
      ],
      [
        -11.7301,
        36.0438
      ],
      [
        -11.8615,
        35.9705
      ],
      [
        -11.9746,
        35.8916
      ],
      [
        -12.0679,
        35.8078
      ],
      [
        -12.1406,
        35.7201
      ],
      [
        -12.1917,
        35.6295
      ],
      [
        -12.2208,
        35.5371
      ],
      [
        -12.2275,
        35.4439
      ],
      [
        -12.2119,
        35.3508
      ],
      [
        -12.1742,
        35.259
      ],
      [
        -12.1149,
        35.1694
      ],
      [
        -12.0349,
        35.0829
      ],
      [
        -11.935,
        35.0005
      ],
      [
        -11.8167,
        34.923
      ],
      [
        -11.6812,
        34.8511
      ],
      [
        -11.5302,
        34.7858
      ],
      [
        -11.3654,
        34.7275
      ],
      [
        -11.1887,
        34.6769
      ],
      [
        -11.0022,
        34.6345
      ],
      [
        -10.8079,
        34.6007
      ],
      [
        -10.6079,
        34.5759
      ],
      [
        -10.4044,
        34.5603
      ],
      [
        -10.1995,
        34.554
      ],
      [
        -9.9955,
        34.5572
      ],
      [
        -9.7945,
        34.5697
      ],
      [
        -9.5986,
        34.5916
      ],
      [
        -9.4098,
        34.6226
      ],
      [
        -9.23,
        34.6623
      ],
      [
        -9.0612,
        34.7104
      ],
      [
        -8.9049,
        34.7664
      ],
      [
        -8.7629,
        34.8297
      ],
      [
        -8.6365,
        34.8997
      ],
      [
        -8.5272,
        34.9757
      ],
      [
        -8.436,
        35.0569
      ],
      [
        -8.3639,
        35.1425
      ],
      [
        -8.3116,
        35.2314
      ],
      [
        -8.2799,
        35.3229
      ],
      [
        -8.269,
        35.4158
      ],
      [
        -8.2792,
        35.5093
      ],
      [
        -8.3104,
        35.6022
      ],
      [
        -8.3624,
        35.6935
      ],
      [
        -8.4348,
        35.7822
      ]
    ],
    [
      [
        -8.4485,
        35.8724
      ],
      [
        -8.559,
        35.953
      ],
      [
        -8.6871,
        36.0282
      ],
      [
        -8.8316,
        36.0969
      ],
      [
        -8.991,
        36.1585
      ],
      [
        -9.1635,
        36.2122
      ],
      [
        -9.3475,
        36.2574
      ],
      [
        -9.5408,
        36.2934
      ],
      [
        -9.7415,
        36.32
      ],
      [
        -9.9472,
        36.3367
      ],
      [
        -10.1558,
        36.3435
      ],
      [
        -10.3647,
        36.3401
      ],
      [
        -10.5718,
        36.3266
      ],
      [
        -10.7746,
        36.3032
      ],
      [
        -10.9707,
        36.2702
      ],
      [
        -11.1579,
        36.2279
      ],
      [
        -11.3341,
        36.177
      ],
      [
        -11.497,
        36.1179
      ],
      [
        -11.645,
        36.0514
      ],
      [
        -11.7761,
        35.9783
      ],
      [
        -11.889,
        35.8994
      ],
      [
        -11.9822,
        35.8157
      ],
      [
        -12.0548,
        35.7281
      ],
      [
        -12.106,
        35.6376
      ],
      [
        -12.135,
        35.5452
      ],
      [
        -12.1419,
        35.452
      ],
      [
        -12.1264,
        35.3589
      ],
      [
        -12.0888,
        35.267
      ],
      [
        -12.0298,
        35.1774
      ],
      [
        -11.95,
        35.0908
      ],
      [
        -11.8505,
        35.0083
      ],
      [
        -11.7325,
        34.9307
      ],
      [
        -11.5974,
        34.8587
      ],
      [
        -11.4468,
        34.7932
      ],
      [
        -11.2824,
        34.7348
      ],
      [
        -11.1062,
        34.6841
      ],
      [
        -10.9201,
        34.6415
      ],
      [
        -10.7263,
        34.6076
      ],
      [
        -10.5267,
        34.5826
      ],
      [
        -10.3237,
        34.5668
      ],
      [
        -10.1193,
        34.5604
      ],
      [
        -9.9157,
        34.5634
      ],
      [
        -9.7151,
        34.5758
      ],
      [
        -9.5196,
        34.5975
      ],
      [
        -9.3311,
        34.6283
      ],
      [
        -9.1517,
        34.6679
      ],
      [
        -8.9831,
        34.7158
      ],
      [
        -8.8271,
        34.7717
      ],
      [
        -8.6853,
        34.8349
      ],
      [
        -8.5591,
        34.9049
      ],
      [
        -8.4499,
        34.9808
      ],
      [
        -8.3588,
        35.0619
      ],
      [
        -8.2867,
        35.1474
      ],
      [
        -8.2345,
        35.2363
      ],
      [
        -8.2027,
        35.3278
      ],
      [
        -8.1918,
        35.4207
      ],
      [
        -8.2019,
        35.5142
      ],
      [
        -8.2329,
        35.6071
      ],
      [
        -8.2847,
        35.6984
      ],
      [
        -8.3568,
        35.7872
      ]
    ],
    [
      [
        -8.3705,
        35.8774
      ],
      [
        -8.4807,
        35.9581
      ],
      [
        -8.6085,
        36.0333
      ],
      [
        -8.7526,
        36.1022
      ],
      [
        -8.9116,
        36.1639
      ],
      [
        -9.0837,
        36.2177
      ],
      [
        -9.2672,
        36.263
      ],
      [
        -9.4602,
        36.2993
      ],
      [
        -9.6604,
        36.326
      ],
      [
        -9.8657,
        36.3429
      ],
      [
        -10.0738,
        36.3498
      ],
      [
        -10.2823,
        36.3465
      ],
      [
        -10.4889,
        36.3332
      ],
      [
        -10.6913,
        36.31
      ],
      [
        -10.887,
        36.2771
      ],
      [
        -11.0739,
        36.2351
      ],
      [
        -11.2497,
        36.1842
      ],
      [
        -11.4124,
        36.1253
      ],
      [
        -11.56,
        36.0589
      ],
      [
        -11.691,
        35.986
      ],
      [
        -11.8037,
        35.9072
      ],
      [
        -11.8968,
        35.8235
      ],
      [
        -11.9693,
        35.736
      ],
      [
        -12.0204,
        35.6455
      ],
      [
        -12.0495,
        35.5531
      ],
      [
        -12.0564,
        35.4599
      ],
      [
        -12.0411,
        35.3669
      ],
      [
        -12.0037,
        35.275
      ],
      [
        -11.9449,
        35.1852
      ],
      [
        -11.8654,
        35.0986
      ],
      [
        -11.7662,
        35.016
      ],
      [
        -11.6485,
        34.9383
      ],
      [
        -11.5138,
        34.8662
      ],
      [
        -11.3636,
        34.8006
      ],
      [
        -11.1997,
        34.742
      ],
      [
        -11.0239,
        34.6912
      ],
      [
        -10.8383,
        34.6484
      ],
      [
        -10.6449,
        34.6143
      ],
      [
        -10.4458,
        34.5892
      ],
      [
        -10.2432,
        34.5732
      ],
      [
        -10.0392,
        34.5666
      ],
      [
        -9.8361,
        34.5695
      ],
      [
        -9.6359,
        34.5817
      ],
      [
        -9.4408,
        34.6033
      ],
      [
        -9.2527,
        34.6339
      ],
      [
        -9.0735,
        34.6734
      ],
      [
        -8.9052,
        34.7212
      ],
      [
        -8.7495,
        34.777
      ],
      [
        -8.6079,
        34.8401
      ],
      [
        -8.4819,
        34.9099
      ],
      [
        -8.3728,
        34.9858
      ],
      [
        -8.2818,
        35.0668
      ],
      [
        -8.2098,
        35.1523
      ],
      [
        -8.1576,
        35.2412
      ],
      [
        -8.1258,
        35.3326
      ],
      [
        -8.1148,
        35.4255
      ],
      [
        -8.1247,
        35.519
      ],
      [
        -8.1556,
        35.6119
      ],
      [
        -8.2072,
        35.7033
      ],
      [
        -8.2791,
        35.7921
      ]
    ],
    [
      [
        -8.2927,
        35.8823
      ],
      [
        -8.4025,
        35.9631
      ],
      [
        -8.53,
        36.0384
      ],
      [
        -8.6738,
        36.1074
      ],
      [
        -8.8323,
        36.1692
      ],
      [
        -9.0041,
        36.2232
      ],
      [
        -9.1872,
        36.2686
      ],
      [
        -9.3797,
        36.305
      ],
      [
        -9.5795,
        36.3319
      ],
      [
        -9.7843,
        36.3489
      ],
      [
        -9.992,
        36.356
      ],
      [
        -10.2001,
        36.3529
      ],
      [
        -10.4063,
        36.3398
      ],
      [
        -10.6082,
        36.3167
      ],
      [
        -10.8036,
        36.284
      ],
      [
        -10.9901,
        36.2421
      ],
      [
        -11.1655,
        36.1914
      ],
      [
        -11.3279,
        36.1326
      ],
      [
        -11.4753,
        36.0664
      ],
      [
        -11.6061,
        35.9935
      ],
      [
        -11.7186,
        35.9148
      ],
      [
        -11.8116,
        35.8313
      ],
      [
        -11.884,
        35.7438
      ],
      [
        -11.9351,
        35.6534
      ],
      [
        -11.9642,
        35.561
      ],
      [
        -11.9712,
        35.4678
      ],
      [
        -11.956,
        35.3747
      ],
      [
        -11.9188,
        35.2828
      ],
      [
        -11.8602,
        35.193
      ],
      [
        -11.781,
        35.1063
      ],
      [
        -11.6821,
        35.0237
      ],
      [
        -11.5648,
        34.9458
      ],
      [
        -11.4304,
        34.8737
      ],
      [
        -11.2806,
        34.8079
      ],
      [
        -11.1172,
        34.7492
      ],
      [
        -10.9418,
        34.6982
      ],
      [
        -10.7567,
        34.6553
      ],
      [
        -10.5637,
        34.621
      ],
      [
        -10.3651,
        34.5957
      ],
      [
        -10.1629,
        34.5796
      ],
      [
        -9.9594,
        34.5728
      ],
      [
        -9.7567,
        34.5755
      ],
      [
        -9.5569,
        34.5876
      ],
      [
        -9.3621,
        34.609
      ],
      [
        -9.1744,
        34.6395
      ],
      [
        -8.9956,
        34.6788
      ],
      [
        -8.8276,
        34.7265
      ],
      [
        -8.6721,
        34.7822
      ],
      [
        -8.5307,
        34.8452
      ],
      [
        -8.4049,
        34.9149
      ],
      [
        -8.2959,
        34.9907
      ],
      [
        -8.205,
        35.0717
      ],
      [
        -8.133,
        35.1571
      ],
      [
        -8.0808,
        35.2459
      ],
      [
        -8.049,
        35.3373
      ],
      [
        -8.0379,
        35.4302
      ],
      [
        -8.0477,
        35.5237
      ],
      [
        -8.0785,
        35.6167
      ],
      [
        -8.1299,
        35.7081
      ],
      [
        -8.2015,
        35.797
      ]
    ],
    [
      [
        -8.215,
        35.8871
      ],
      [
        -8.3246,
        35.968
      ],
      [
        -8.4517,
        36.0434
      ],
      [
        -8.5951,
        36.1125
      ],
      [
        -8.7533,
        36.1745
      ],
      [
        -8.9247,
        36.2286
      ],
      [
        -9.1074,
        36.2741
      ],
      [
        -9.2994,
        36.3107
      ],
      [
        -9.4988,
        36.3377
      ],
      [
        -9.7032,
        36.3549
      ],
      [
        -9.9104,
        36.3621
      ],
      [
        -10.1181,
        36.3592
      ],
      [
        -10.3239,
        36.3463
      ],
      [
        -10.5254,
        36.3234
      ],
      [
        -10.7204,
        36.2908
      ],
      [
        -10.9065,
        36.2491
      ],
      [
        -11.0816,
        36.1985
      ],
      [
        -11.2437,
        36.1399
      ],
      [
        -11.3909,
        36.0738
      ],
      [
        -11.5214,
        36.001
      ],
      [
        -11.6337,
        35.9224
      ],
      [
        -11.7266,
        35.8389
      ],
      [
        -11.799,
        35.7515
      ],
      [
        -11.85,
        35.6611
      ],
      [
        -11.8792,
        35.5688
      ],
      [
        -11.8863,
        35.4756
      ],
      [
        -11.8712,
        35.3825
      ],
      [
        -11.8342,
        35.2906
      ],
      [
        -11.7758,
        35.2007
      ],
      [
        -11.6969,
        35.114
      ],
      [
        -11.5983,
        35.0312
      ],
      [
        -11.4813,
        34.9533
      ],
      [
        -11.3473,
        34.881
      ],
      [
        -11.1979,
        34.8151
      ],
      [
        -11.0349,
        34.7563
      ],
      [
        -10.86,
        34.7051
      ],
      [
        -10.6753,
        34.6621
      ],
      [
        -10.4828,
        34.6276
      ],
      [
        -10.2846,
        34.6022
      ],
      [
        -10.0829,
        34.5859
      ],
      [
        -9.8798,
        34.579
      ],
      [
        -9.6775,
        34.5815
      ],
      [
        -9.4781,
        34.5934
      ],
      [
        -9.2837,
        34.6147
      ],
      [
        -9.0963,
        34.645
      ],
      [
        -8.9178,
        34.6842
      ],
      [
        -8.7501,
        34.7318
      ],
      [
        -8.5949,
        34.7873
      ],
      [
        -8.4537,
        34.8502
      ],
      [
        -8.328,
        34.9198
      ],
      [
        -8.2192,
        34.9955
      ],
      [
        -8.1284,
        35.0765
      ],
      [
        -8.0565,
        35.1618
      ],
      [
        -8.0043,
        35.2506
      ],
      [
        -7.9724,
        35.3419
      ],
      [
        -7.9612,
        35.4349
      ],
      [
        -7.9709,
        35.5283
      ],
      [
        -8.0015,
        35.6213
      ],
      [
        -8.0527,
        35.7128
      ],
      [
        -8.1241,
        35.8017
      ]
    ],
    [
      [
        -8.1375,
        35.8919
      ],
      [
        -8.2468,
        35.9729
      ],
      [
        -8.3736,
        36.0484
      ],
      [
        -8.5167,
        36.1176
      ],
      [
        -8.6745,
        36.1796
      ],
      [
        -8.8455,
        36.2339
      ],
      [
        -9.0277,
        36.2796
      ],
      [
        -9.2194,
        36.3162
      ],
      [
        -9.4183,
        36.3434
      ],
      [
        -9.6222,
        36.3608
      ],
      [
        -9.829,
        36.3682
      ],
      [
        -10.0363,
        36.3655
      ],
      [
        -10.2416,
        36.3526
      ],
      [
        -10.4428,
        36.3299
      ],
      [
        -10.6374,
        36.2975
      ],
      [
        -10.8231,
        36.2559
      ],
      [
        -10.9979,
        36.2055
      ],
      [
        -11.1597,
        36.147
      ],
      [
        -11.3066,
        36.081
      ],
      [
        -11.4369,
        36.0084
      ],
      [
        -11.5491,
        35.9299
      ],
      [
        -11.6419,
        35.8465
      ],
      [
        -11.7142,
        35.7591
      ],
      [
        -11.7652,
        35.6688
      ],
      [
        -11.7944,
        35.5765
      ],
      [
        -11.8015,
        35.4833
      ],
      [
        -11.7866,
        35.3902
      ],
      [
        -11.7498,
        35.2982
      ],
      [
        -11.6916,
        35.2083
      ],
      [
        -11.6129,
        35.1215
      ],
      [
        -11.5147,
        35.0386
      ],
      [
        -11.398,
        34.9606
      ],
      [
        -11.2644,
        34.8882
      ],
      [
        -11.1154,
        34.8222
      ],
      [
        -10.9528,
        34.7632
      ],
      [
        -10.7783,
        34.7119
      ],
      [
        -10.5941,
        34.6687
      ],
      [
        -10.402,
        34.6342
      ],
      [
        -10.2043,
        34.6085
      ],
      [
        -10.003,
        34.5921
      ],
      [
        -9.8004,
        34.585
      ],
      [
        -9.5985,
        34.5874
      ],
      [
        -9.3995,
        34.5992
      ],
      [
        -9.2055,
        34.6203
      ],
      [
        -9.0184,
        34.6505
      ],
      [
        -8.8402,
        34.6895
      ],
      [
        -8.6728,
        34.7369
      ],
      [
        -8.5178,
        34.7923
      ],
      [
        -8.3769,
        34.8551
      ],
      [
        -8.2514,
        34.9247
      ],
      [
        -8.1427,
        35.0003
      ],
      [
        -8.0519,
        35.0812
      ],
      [
        -7.9801,
        35.1664
      ],
      [
        -7.9279,
        35.2552
      ],
      [
        -7.896,
        35.3465
      ],
      [
        -7.8847,
        35.4394
      ],
      [
        -7.8943,
        35.5329
      ],
      [
        -7.9247,
        35.6259
      ],
      [
        -7.9757,
        35.7175
      ],
      [
        -8.0469,
        35.8064
      ]
    ],
    [
      [
        -8.0603,
        35.8966
      ],
      [
        -8.1692,
        35.9776
      ],
      [
        -8.2957,
        36.0532
      ],
      [
        -8.4384,
        36.1225
      ],
      [
        -8.5958,
        36.1847
      ],
      [
        -8.7664,
        36.2391
      ],
      [
        -8.9483,
        36.2849
      ],
      [
        -9.1395,
        36.3218
      ],
      [
        -9.338,
        36.3491
      ],
      [
        -9.5415,
        36.3666
      ],
      [
        -9.7479,
        36.3742
      ],
      [
        -9.9547,
        36.3716
      ],
      [
        -10.1596,
        36.359
      ],
      [
        -10.3604,
        36.3364
      ],
      [
        -10.5546,
        36.3042
      ],
      [
        -10.74,
        36.2627
      ],
      [
        -10.9145,
        36.2125
      ],
      [
        -11.076,
        36.1541
      ],
      [
        -11.2226,
        36.0882
      ],
      [
        -11.3527,
        36.0157
      ],
      [
        -11.4647,
        35.9373
      ],
      [
        -11.5573,
        35.8539
      ],
      [
        -11.6296,
        35.7666
      ],
      [
        -11.6806,
        35.6764
      ],
      [
        -11.7098,
        35.5841
      ],
      [
        -11.717,
        35.4909
      ],
      [
        -11.7022,
        35.3978
      ],
      [
        -11.6656,
        35.3058
      ],
      [
        -11.6077,
        35.2158
      ],
      [
        -11.5292,
        35.129
      ],
      [
        -11.4313,
        35.046
      ],
      [
        -11.315,
        34.9679
      ],
      [
        -11.1818,
        34.8954
      ],
      [
        -11.0332,
        34.8292
      ],
      [
        -10.8709,
        34.7701
      ],
      [
        -10.6969,
        34.7187
      ],
      [
        -10.5131,
        34.6753
      ],
      [
        -10.3215,
        34.6406
      ],
      [
        -10.1242,
        34.6148
      ],
      [
        -9.9234,
        34.5982
      ],
      [
        -9.7211,
        34.591
      ],
      [
        -9.5197,
        34.5932
      ],
      [
        -9.3211,
        34.6048
      ],
      [
        -9.1274,
        34.6257
      ],
      [
        -8.9407,
        34.6558
      ],
      [
        -8.7629,
        34.6947
      ],
      [
        -8.5957,
        34.742
      ],
      [
        -8.441,
        34.7973
      ],
      [
        -8.3002,
        34.86
      ],
      [
        -8.1749,
        34.9295
      ],
      [
        -8.0664,
        35.005
      ],
      [
        -7.9757,
        35.0858
      ],
      [
        -7.9039,
        35.171
      ],
      [
        -7.8517,
        35.2597
      ],
      [
        -7.8197,
        35.351
      ],
      [
        -7.8084,
        35.444
      ],
      [
        -7.8179,
        35.5374
      ],
      [
        -7.8481,
        35.6305
      ],
      [
        -7.8989,
        35.722
      ],
      [
        -7.9699,
        35.8111
      ]
    ],
    [
      [
        -7.9832,
        35.9012
      ],
      [
        -8.0918,
        35.9823
      ],
      [
        -8.218,
        36.058
      ],
      [
        -8.3603,
        36.1274
      ],
      [
        -8.5174,
        36.1897
      ],
      [
        -8.6876,
        36.2442
      ],
      [
        -8.869,
        36.2902
      ],
      [
        -9.0598,
        36.3272
      ],
      [
        -9.2579,
        36.3547
      ],
      [
        -9.461,
        36.3724
      ],
      [
        -9.6669,
        36.3801
      ],
      [
        -9.8733,
        36.3777
      ],
      [
        -10.0778,
        36.3652
      ],
      [
        -10.2782,
        36.3428
      ],
      [
        -10.472,
        36.3107
      ],
      [
        -10.657,
        36.2694
      ],
      [
        -10.8312,
        36.2193
      ],
      [
        -10.9924,
        36.1611
      ],
      [
        -11.1388,
        36.0953
      ],
      [
        -11.2687,
        36.0229
      ],
      [
        -11.3805,
        35.9446
      ],
      [
        -11.4731,
        35.8613
      ],
      [
        -11.5452,
        35.7741
      ],
      [
        -11.5962,
        35.6838
      ],
      [
        -11.6255,
        35.5916
      ],
      [
        -11.6328,
        35.4984
      ],
      [
        -11.6181,
        35.4053
      ],
      [
        -11.5816,
        35.3132
      ],
      [
        -11.5239,
        35.2233
      ],
      [
        -11.4458,
        35.1363
      ],
      [
        -11.3481,
        35.0533
      ],
      [
        -11.2322,
        34.9751
      ],
      [
        -11.0993,
        34.9024
      ],
      [
        -10.9511,
        34.8362
      ],
      [
        -10.7893,
        34.7769
      ],
      [
        -10.6157,
        34.7253
      ],
      [
        -10.4323,
        34.6819
      ],
      [
        -10.2411,
        34.647
      ],
      [
        -10.0443,
        34.621
      ],
      [
        -9.8439,
        34.6042
      ],
      [
        -9.6421,
        34.5968
      ],
      [
        -9.4411,
        34.5989
      ],
      [
        -9.2429,
        34.6104
      ],
      [
        -9.0496,
        34.6312
      ],
      [
        -8.8632,
        34.6611
      ],
      [
        -8.6857,
        34.6998
      ],
      [
        -8.5188,
        34.747
      ],
      [
        -8.3643,
        34.8022
      ],
      [
        -8.2237,
        34.8648
      ],
      [
        -8.0986,
        34.9342
      ],
      [
        -7.9902,
        35.0096
      ],
      [
        -7.8996,
        35.0903
      ],
      [
        -7.8278,
        35.1755
      ],
      [
        -7.7757,
        35.2642
      ],
      [
        -7.7437,
        35.3555
      ],
      [
        -7.7322,
        35.4484
      ],
      [
        -7.7416,
        35.5419
      ],
      [
        -7.7717,
        35.6349
      ],
      [
        -7.8223,
        35.7265
      ],
      [
        -7.893,
        35.8156
      ]
    ],
    [
      [
        -7.9062,
        35.9058
      ],
      [
        -8.0146,
        35.987
      ],
      [
        -8.1404,
        36.0627
      ],
      [
        -8.2824,
        36.1323
      ],
      [
        -8.4391,
        36.1947
      ],
      [
        -8.6089,
        36.2493
      ],
      [
        -8.79,
        36.2954
      ],
      [
        -8.9803,
        36.3325
      ],
      [
        -9.1779,
        36.3602
      ],
      [
        -9.3806,
        36.378
      ],
      [
        -9.5861,
        36.3859
      ],
      [
        -9.7921,
        36.3836
      ],
      [
        -9.9962,
        36.3713
      ],
      [
        -10.1962,
        36.3491
      ],
      [
        -10.3896,
        36.3172
      ],
      [
        -10.5743,
        36.276
      ],
      [
        -10.7482,
        36.2261
      ],
      [
        -10.9091,
        36.1679
      ],
      [
        -11.0552,
        36.1023
      ],
      [
        -11.1849,
        36.03
      ],
      [
        -11.2966,
        35.9518
      ],
      [
        -11.389,
        35.8686
      ],
      [
        -11.4611,
        35.7814
      ],
      [
        -11.512,
        35.6912
      ],
      [
        -11.5414,
        35.599
      ],
      [
        -11.5487,
        35.5058
      ],
      [
        -11.5342,
        35.4127
      ],
      [
        -11.4979,
        35.3206
      ],
      [
        -11.4404,
        35.2306
      ],
      [
        -11.3625,
        35.1436
      ],
      [
        -11.2652,
        35.0605
      ],
      [
        -11.1496,
        34.9822
      ],
      [
        -11.0171,
        34.9094
      ],
      [
        -10.8693,
        34.843
      ],
      [
        -10.7079,
        34.7837
      ],
      [
        -10.5347,
        34.7319
      ],
      [
        -10.3517,
        34.6883
      ],
      [
        -10.161,
        34.6532
      ],
      [
        -9.9646,
        34.6271
      ],
      [
        -9.7647,
        34.6102
      ],
      [
        -9.5633,
        34.6027
      ],
      [
        -9.3627,
        34.6045
      ],
      [
        -9.1648,
        34.6159
      ],
      [
        -8.9719,
        34.6365
      ],
      [
        -8.7859,
        34.6663
      ],
      [
        -8.6087,
        34.7049
      ],
      [
        -8.4421,
        34.752
      ],
      [
        -8.2878,
        34.807
      ],
      [
        -8.1475,
        34.8695
      ],
      [
        -8.0225,
        34.9388
      ],
      [
        -7.9142,
        35.0142
      ],
      [
        -7.8237,
        35.0948
      ],
      [
        -7.752,
        35.1799
      ],
      [
        -7.6998,
        35.2686
      ],
      [
        -7.6678,
        35.3599
      ],
      [
        -7.6563,
        35.4527
      ],
      [
        -7.6655,
        35.5462
      ],
      [
        -7.6955,
        35.6393
      ],
      [
        -7.7459,
        35.731
      ],
      [
        -7.8164,
        35.8201
      ]
    ],
    [
      [
        -7.8295,
        35.9102
      ],
      [
        -7.9376,
        35.9915
      ],
      [
        -8.0631,
        36.0674
      ],
      [
        -8.2047,
        36.137
      ],
      [
        -8.361,
        36.1996
      ],
      [
        -8.5304,
        36.2543
      ],
      [
        -8.7111,
        36.3006
      ],
      [
        -8.901,
        36.3378
      ],
      [
        -9.0982,
        36.3656
      ],
      [
        -9.3005,
        36.3836
      ],
      [
        -9.5056,
        36.3916
      ],
      [
        -9.7111,
        36.3896
      ],
      [
        -9.9148,
        36.3774
      ],
      [
        -10.1144,
        36.3553
      ],
      [
        -10.3075,
        36.3236
      ],
      [
        -10.4918,
        36.2825
      ],
      [
        -10.6653,
        36.2327
      ],
      [
        -10.826,
        36.1747
      ],
      [
        -10.9719,
        36.1092
      ],
      [
        -11.1013,
        36.037
      ],
      [
        -11.2129,
        35.9589
      ],
      [
        -11.3052,
        35.8758
      ],
      [
        -11.3772,
        35.7887
      ],
      [
        -11.4281,
        35.6985
      ],
      [
        -11.4575,
        35.6064
      ],
      [
        -11.4649,
        35.5132
      ],
      [
        -11.4505,
        35.42
      ],
      [
        -11.4144,
        35.3279
      ],
      [
        -11.3572,
        35.2379
      ],
      [
        -11.2795,
        35.1508
      ],
      [
        -11.1825,
        35.0676
      ],
      [
        -11.0672,
        34.9892
      ],
      [
        -10.9351,
        34.9163
      ],
      [
        -10.7876,
        34.8498
      ],
      [
        -10.6267,
        34.7903
      ],
      [
        -10.4539,
        34.7384
      ],
      [
        -10.2714,
        34.6946
      ],
      [
        -10.0811,
        34.6594
      ],
      [
        -9.8851,
        34.6332
      ],
      [
        -9.6856,
        34.6161
      ],
      [
        -9.4847,
        34.6084
      ],
      [
        -9.2844,
        34.6101
      ],
      [
        -9.087,
        34.6213
      ],
      [
        -8.8944,
        34.6418
      ],
      [
        -8.7087,
        34.6714
      ],
      [
        -8.5318,
        34.7099
      ],
      [
        -8.3655,
        34.7569
      ],
      [
        -8.2115,
        34.8118
      ],
      [
        -8.0714,
        34.8742
      ],
      [
        -7.9466,
        34.9434
      ],
      [
        -7.8384,
        35.0186
      ],
      [
        -7.748,
        35.0992
      ],
      [
        -7.6763,
        35.1843
      ],
      [
        -7.6241,
        35.2729
      ],
      [
        -7.5921,
        35.3642
      ],
      [
        -7.5805,
        35.457
      ],
      [
        -7.5896,
        35.5505
      ],
      [
        -7.6194,
        35.6436
      ],
      [
        -7.6696,
        35.7353
      ],
      [
        -7.7399,
        35.8245
      ]
    ],
    [
      [
        -7.7529,
        35.9146
      ],
      [
        -7.8607,
        35.996
      ],
      [
        -7.9859,
        36.072
      ],
      [
        -8.1272,
        36.1417
      ],
      [
        -8.2831,
        36.2043
      ],
      [
        -8.4522,
        36.2592
      ],
      [
        -8.6324,
        36.3056
      ],
      [
        -8.8219,
        36.343
      ],
      [
        -9.0187,
        36.371
      ],
      [
        -9.2205,
        36.3891
      ],
      [
        -9.4252,
        36.3973
      ],
      [
        -9.6303,
        36.3954
      ],
      [
        -9.8336,
        36.3834
      ],
      [
        -10.0328,
        36.3614
      ],
      [
        -10.2255,
        36.3299
      ],
      [
        -10.4095,
        36.289
      ],
      [
        -10.5827,
        36.2393
      ],
      [
        -10.7431,
        36.1815
      ],
      [
        -10.8888,
        36.1161
      ],
      [
        -11.018,
        36.044
      ],
      [
        -11.1294,
        35.9659
      ],
      [
        -11.2215,
        35.8829
      ],
      [
        -11.2935,
        35.7959
      ],
      [
        -11.3444,
        35.7058
      ],
      [
        -11.3738,
        35.6136
      ],
      [
        -11.3813,
        35.5204
      ],
      [
        -11.367,
        35.4273
      ],
      [
        -11.3311,
        35.3351
      ],
      [
        -11.2741,
        35.245
      ],
      [
        -11.1967,
        35.1579
      ],
      [
        -11.1,
        35.0746
      ],
      [
        -10.985,
        34.9961
      ],
      [
        -10.8533,
        34.9231
      ],
      [
        -10.7062,
        34.8565
      ],
      [
        -10.5457,
        34.7969
      ],
      [
        -10.3733,
        34.7448
      ],
      [
        -10.1913,
        34.7009
      ],
      [
        -10.0014,
        34.6656
      ],
      [
        -9.8059,
        34.6391
      ],
      [
        -9.6068,
        34.6219
      ],
      [
        -9.4062,
        34.614
      ],
      [
        -9.2064,
        34.6156
      ],
      [
        -9.0094,
        34.6266
      ],
      [
        -8.8172,
        34.647
      ],
      [
        -8.6318,
        34.6765
      ],
      [
        -8.4552,
        34.7148
      ],
      [
        -8.2891,
        34.7617
      ],
      [
        -8.1354,
        34.8165
      ],
      [
        -7.9954,
        34.8788
      ],
      [
        -7.8708,
        34.9479
      ],
      [
        -7.7627,
        35.0231
      ],
      [
        -7.6724,
        35.1036
      ],
      [
        -7.6008,
        35.1886
      ],
      [
        -7.5486,
        35.2772
      ],
      [
        -7.5165,
        35.3684
      ],
      [
        -7.5049,
        35.4613
      ],
      [
        -7.5139,
        35.5548
      ],
      [
        -7.5435,
        35.6479
      ],
      [
        -7.5936,
        35.7396
      ],
      [
        -7.6636,
        35.8288
      ]
    ],
    [
      [
        -7.6765,
        35.919
      ],
      [
        -7.784,
        36.0004
      ],
      [
        -7.9089,
        36.0765
      ],
      [
        -8.0498,
        36.1463
      ],
      [
        -8.2054,
        36.2091
      ],
      [
        -8.3741,
        36.2641
      ],
      [
        -8.5539,
        36.3106
      ],
      [
        -8.743,
        36.3481
      ],
      [
        -8.9394,
        36.3762
      ],
      [
        -9.1408,
        36.3946
      ],
      [
        -9.345,
        36.4029
      ],
      [
        -9.5497,
        36.4011
      ],
      [
        -9.7527,
        36.3893
      ],
      [
        -9.9514,
        36.3675
      ],
      [
        -10.1438,
        36.3361
      ],
      [
        -10.3275,
        36.2953
      ],
      [
        -10.5003,
        36.2458
      ],
      [
        -10.6604,
        36.1881
      ],
      [
        -10.8058,
        36.1228
      ],
      [
        -10.9349,
        36.0508
      ],
      [
        -11.0461,
        35.9729
      ],
      [
        -11.1382,
        35.89
      ],
      [
        -11.21,
        35.803
      ],
      [
        -11.261,
        35.7129
      ],
      [
        -11.2904,
        35.6208
      ],
      [
        -11.298,
        35.5276
      ],
      [
        -11.2838,
        35.4344
      ],
      [
        -11.2481,
        35.3423
      ],
      [
        -11.1913,
        35.2521
      ],
      [
        -11.1142,
        35.1649
      ],
      [
        -11.0177,
        35.0815
      ],
      [
        -10.9031,
        35.0029
      ],
      [
        -10.7717,
        34.9299
      ],
      [
        -10.625,
        34.8631
      ],
      [
        -10.4649,
        34.8033
      ],
      [
        -10.293,
        34.7512
      ],
      [
        -10.1113,
        34.7071
      ],
      [
        -9.9219,
        34.6716
      ],
      [
        -9.7268,
        34.645
      ],
      [
        -9.5281,
        34.6276
      ],
      [
        -9.328,
        34.6196
      ],
      [
        -9.1286,
        34.621
      ],
      [
        -8.9319,
        34.6319
      ],
      [
        -8.7401,
        34.6521
      ],
      [
        -8.555,
        34.6815
      ],
      [
        -8.3787,
        34.7197
      ],
      [
        -8.213,
        34.7664
      ],
      [
        -8.0594,
        34.8211
      ],
      [
        -7.9197,
        34.8833
      ],
      [
        -7.7952,
        34.9523
      ],
      [
        -7.6873,
        35.0274
      ],
      [
        -7.597,
        35.1079
      ],
      [
        -7.5255,
        35.1928
      ],
      [
        -7.4733,
        35.2814
      ],
      [
        -7.4412,
        35.3726
      ],
      [
        -7.4294,
        35.4654
      ],
      [
        -7.4383,
        35.5589
      ],
      [
        -7.4678,
        35.6521
      ],
      [
        -7.5176,
        35.7438
      ],
      [
        -7.5874,
        35.8331
      ]
    ],
    [
      [
        -7.6003,
        35.9232
      ],
      [
        -7.7075,
        36.0047
      ],
      [
        -7.832,
        36.0809
      ],
      [
        -7.9727,
        36.1508
      ],
      [
        -8.1279,
        36.2137
      ],
      [
        -8.2961,
        36.2688
      ],
      [
        -8.4756,
        36.3155
      ],
      [
        -8.6643,
        36.3532
      ],
      [
        -8.8602,
        36.3814
      ],
      [
        -9.0612,
        36.3999
      ],
      [
        -9.265,
        36.4084
      ],
      [
        -9.4694,
        36.4068
      ],
      [
        -9.6719,
        36.3951
      ],
      [
        -9.8703,
        36.3735
      ],
      [
        -10.0622,
        36.3422
      ],
      [
        -10.2456,
        36.3016
      ],
      [
        -10.4182,
        36.2522
      ],
      [
        -10.578,
        36.1946
      ],
      [
        -10.7231,
        36.1295
      ],
      [
        -10.852,
        36.0576
      ],
      [
        -10.963,
        35.9798
      ],
      [
        -11.055,
        35.8969
      ],
      [
        -11.1268,
        35.81
      ],
      [
        -11.1777,
        35.7199
      ],
      [
        -11.2072,
        35.6278
      ],
      [
        -11.2149,
        35.5347
      ],
      [
        -11.2008,
        35.4415
      ],
      [
        -11.1652,
        35.3493
      ],
      [
        -11.1087,
        35.2591
      ],
      [
        -11.0318,
        35.1718
      ],
      [
        -10.9357,
        35.0884
      ],
      [
        -10.8214,
        35.0097
      ],
      [
        -10.6903,
        34.9365
      ],
      [
        -10.5441,
        34.8696
      ],
      [
        -10.3843,
        34.8097
      ],
      [
        -10.2128,
        34.7574
      ],
      [
        -10.0316,
        34.7132
      ],
      [
        -9.8426,
        34.6776
      ],
      [
        -9.6479,
        34.6508
      ],
      [
        -9.4497,
        34.6333
      ],
      [
        -9.25,
        34.6251
      ],
      [
        -9.0509,
        34.6264
      ],
      [
        -8.8547,
        34.6371
      ],
      [
        -8.6632,
        34.6571
      ],
      [
        -8.4785,
        34.6864
      ],
      [
        -8.3025,
        34.7245
      ],
      [
        -8.1369,
        34.771
      ],
      [
        -7.9836,
        34.8256
      ],
      [
        -7.8441,
        34.8877
      ],
      [
        -7.7198,
        34.9566
      ],
      [
        -7.612,
        35.0317
      ],
      [
        -7.5218,
        35.1121
      ],
      [
        -7.4503,
        35.197
      ],
      [
        -7.3981,
        35.2855
      ],
      [
        -7.366,
        35.3767
      ],
      [
        -7.3542,
        35.4695
      ],
      [
        -7.3629,
        35.563
      ],
      [
        -7.3923,
        35.6562
      ],
      [
        -7.4419,
        35.748
      ],
      [
        -7.5115,
        35.8373
      ]
    ],
    [
      [
        -7.5242,
        35.9274
      ],
      [
        -7.6312,
        36.009
      ],
      [
        -7.7554,
        36.0853
      ],
      [
        -7.8957,
        36.1553
      ],
      [
        -8.0505,
        36.2183
      ],
      [
        -8.2184,
        36.2735
      ],
      [
        -8.3975,
        36.3203
      ],
      [
        -8.5858,
        36.3582
      ],
      [
        -8.7813,
        36.3866
      ],
      [
        -8.9819,
        36.4052
      ],
      [
        -9.1853,
        36.4138
      ],
      [
        -9.3892,
        36.4124
      ],
      [
        -9.5913,
        36.4008
      ],
      [
        -9.7893,
        36.3794
      ],
      [
        -9.9809,
        36.3483
      ],
      [
        -10.1639,
        36.3078
      ],
      [
        -10.3362,
        36.2586
      ],
      [
        -10.4957,
        36.2011
      ],
      [
        -10.6407,
        36.1361
      ],
      [
        -10.7693,
        36.0643
      ],
      [
        -10.8802,
        35.9865
      ],
      [
        -10.972,
        35.9037
      ],
      [
        -11.0438,
        35.8169
      ],
      [
        -11.0947,
        35.7269
      ],
      [
        -11.1242,
        35.6348
      ],
      [
        -11.1319,
        35.5417
      ],
      [
        -11.118,
        35.4485
      ],
      [
        -11.0826,
        35.3562
      ],
      [
        -11.0263,
        35.266
      ],
      [
        -10.9497,
        35.1786
      ],
      [
        -10.8538,
        35.0951
      ],
      [
        -10.7399,
        35.0163
      ],
      [
        -10.6092,
        34.9431
      ],
      [
        -10.4633,
        34.8761
      ],
      [
        -10.3039,
        34.816
      ],
      [
        -10.1329,
        34.7636
      ],
      [
        -9.9521,
        34.7192
      ],
      [
        -9.7635,
        34.6834
      ],
      [
        -9.5692,
        34.6566
      ],
      [
        -9.3714,
        34.6388
      ],
      [
        -9.1721,
        34.6305
      ],
      [
        -8.9735,
        34.6316
      ],
      [
        -8.7776,
        34.6422
      ],
      [
        -8.5864,
        34.6621
      ],
      [
        -8.4021,
        34.6912
      ],
      [
        -8.2264,
        34.7292
      ],
      [
        -8.0611,
        34.7756
      ],
      [
        -7.908,
        34.8301
      ],
      [
        -7.7687,
        34.8921
      ],
      [
        -7.6446,
        34.9609
      ],
      [
        -7.5369,
        35.0359
      ],
      [
        -7.4468,
        35.1162
      ],
      [
        -7.3753,
        35.201
      ],
      [
        -7.3232,
        35.2895
      ],
      [
        -7.2909,
        35.3807
      ],
      [
        -7.2791,
        35.4735
      ],
      [
        -7.2877,
        35.5671
      ],
      [
        -7.3169,
        35.6602
      ],
      [
        -7.3664,
        35.752
      ],
      [
        -7.4357,
        35.8414
      ]
    ],
    [
      [
        -7.4484,
        35.9316
      ],
      [
        -7.555,
        36.0132
      ],
      [
        -7.6789,
        36.0896
      ],
      [
        -7.8189,
        36.1597
      ],
      [
        -7.9734,
        36.2228
      ],
      [
        -8.1409,
        36.2782
      ],
      [
        -8.3195,
        36.3251
      ],
      [
        -8.5074,
        36.3631
      ],
      [
        -8.7025,
        36.3916
      ],
      [
        -8.9027,
        36.4104
      ],
      [
        -9.1057,
        36.4192
      ],
      [
        -9.3092,
        36.4179
      ],
      [
        -9.5109,
        36.4065
      ],
      [
        -9.7085,
        36.3852
      ],
      [
        -9.8998,
        36.3542
      ],
      [
        -10.0825,
        36.3139
      ],
      [
        -10.2544,
        36.2648
      ],
      [
        -10.4137,
        36.2075
      ],
      [
        -10.5584,
        36.1426
      ],
      [
        -10.6868,
        36.0709
      ],
      [
        -10.7976,
        35.9932
      ],
      [
        -10.8893,
        35.9105
      ],
      [
        -10.961,
        35.8237
      ],
      [
        -11.0119,
        35.7338
      ],
      [
        -11.0414,
        35.6417
      ],
      [
        -11.0492,
        35.5486
      ],
      [
        -11.0355,
        35.4554
      ],
      [
        -11.0002,
        35.3631
      ],
      [
        -10.9441,
        35.2728
      ],
      [
        -10.8678,
        35.1854
      ],
      [
        -10.7722,
        35.1018
      ],
      [
        -10.6586,
        35.0229
      ],
      [
        -10.5282,
        34.9495
      ],
      [
        -10.3827,
        34.8824
      ],
      [
        -10.2238,
        34.8223
      ],
      [
        -10.0531,
        34.7697
      ],
      [
        -9.8727,
        34.7252
      ],
      [
        -9.6846,
        34.6892
      ],
      [
        -9.4908,
        34.6622
      ],
      [
        -9.2934,
        34.6443
      ],
      [
        -9.0945,
        34.6359
      ],
      [
        -8.8962,
        34.6368
      ],
      [
        -8.7007,
        34.6472
      ],
      [
        -8.5099,
        34.667
      ],
      [
        -8.3259,
        34.696
      ],
      [
        -8.1504,
        34.7338
      ],
      [
        -7.9855,
        34.7801
      ],
      [
        -7.8326,
        34.8345
      ],
      [
        -7.6935,
        34.8964
      ],
      [
        -7.5695,
        34.9651
      ],
      [
        -7.4619,
        35.04
      ],
      [
        -7.372,
        35.1203
      ],
      [
        -7.3005,
        35.2051
      ],
      [
        -7.2483,
        35.2935
      ],
      [
        -7.2161,
        35.3846
      ],
      [
        -7.2041,
        35.4775
      ],
      [
        -7.2127,
        35.571
      ],
      [
        -7.2417,
        35.6642
      ],
      [
        -7.291,
        35.7561
      ],
      [
        -7.3601,
        35.8455
      ]
    ],
    [
      [
        -7.3727,
        35.9356
      ],
      [
        -7.479,
        36.0173
      ],
      [
        -7.6026,
        36.0938
      ],
      [
        -7.7422,
        36.164
      ],
      [
        -7.8964,
        36.2272
      ],
      [
        -8.0635,
        36.2827
      ],
      [
        -8.2418,
        36.3298
      ],
      [
        -8.4293,
        36.3679
      ],
      [
        -8.624,
        36.3966
      ],
      [
        -8.8237,
        36.4155
      ],
      [
        -9.0263,
        36.4244
      ],
      [
        -9.2294,
        36.4233
      ],
      [
        -9.4307,
        36.4121
      ],
      [
        -9.628,
        36.3909
      ],
      [
        -9.8189,
        36.3601
      ],
      [
        -10.0012,
        36.32
      ],
      [
        -10.1729,
        36.271
      ],
      [
        -10.3319,
        36.2138
      ],
      [
        -10.4763,
        36.149
      ],
      [
        -10.6046,
        36.0774
      ],
      [
        -10.7152,
        35.9998
      ],
      [
        -10.8068,
        35.9172
      ],
      [
        -10.8784,
        35.8304
      ],
      [
        -10.9293,
        35.7405
      ],
      [
        -10.9588,
        35.6485
      ],
      [
        -10.9668,
        35.5554
      ],
      [
        -10.9531,
        35.4622
      ],
      [
        -10.9181,
        35.3699
      ],
      [
        -10.8621,
        35.2795
      ],
      [
        -10.7861,
        35.192
      ],
      [
        -10.6908,
        35.1084
      ],
      [
        -10.5775,
        35.0294
      ],
      [
        -10.4475,
        34.9559
      ],
      [
        -10.3024,
        34.8887
      ],
      [
        -10.1438,
        34.8284
      ],
      [
        -9.9736,
        34.7757
      ],
      [
        -9.7936,
        34.7311
      ],
      [
        -9.6059,
        34.695
      ],
      [
        -9.4125,
        34.6678
      ],
      [
        -9.2155,
        34.6498
      ],
      [
        -9.017,
        34.6411
      ],
      [
        -8.8191,
        34.6419
      ],
      [
        -8.624,
        34.6522
      ],
      [
        -8.4336,
        34.6718
      ],
      [
        -8.2498,
        34.7007
      ],
      [
        -8.0747,
        34.7384
      ],
      [
        -7.91,
        34.7846
      ],
      [
        -7.7574,
        34.8388
      ],
      [
        -7.6184,
        34.9006
      ],
      [
        -7.4946,
        34.9693
      ],
      [
        -7.3872,
        35.0441
      ],
      [
        -7.2973,
        35.1243
      ],
      [
        -7.2258,
        35.209
      ],
      [
        -7.1737,
        35.2974
      ],
      [
        -7.1414,
        35.3885
      ],
      [
        -7.1294,
        35.4814
      ],
      [
        -7.1378,
        35.5749
      ],
      [
        -7.1667,
        35.6681
      ],
      [
        -7.2157,
        35.76
      ],
      [
        -7.2846,
        35.8495
      ]
    ],
    [
      [
        -7.2972,
        35.9396
      ],
      [
        -7.4032,
        36.0214
      ],
      [
        -7.5265,
        36.0979
      ],
      [
        -7.6658,
        36.1683
      ],
      [
        -7.8196,
        36.2316
      ],
      [
        -7.9863,
        36.2872
      ],
      [
        -8.1642,
        36.3344
      ],
      [
        -8.3513,
        36.3726
      ],
      [
        -8.5456,
        36.4015
      ],
      [
        -8.7449,
        36.4205
      ],
      [
        -8.9471,
        36.4296
      ],
      [
        -9.1498,
        36.4287
      ],
      [
        -9.3507,
        36.4176
      ],
      [
        -9.5476,
        36.3966
      ],
      [
        -9.7381,
        36.3659
      ],
      [
        -9.9202,
        36.3259
      ],
      [
        -10.0915,
        36.2771
      ],
      [
        -10.2502,
        36.22
      ],
      [
        -10.3945,
        36.1553
      ],
      [
        -10.5225,
        36.0838
      ],
      [
        -10.633,
        36.0064
      ],
      [
        -10.7245,
        35.9238
      ],
      [
        -10.7961,
        35.8371
      ],
      [
        -10.8469,
        35.7472
      ],
      [
        -10.8765,
        35.6552
      ],
      [
        -10.8845,
        35.5621
      ],
      [
        -10.871,
        35.4689
      ],
      [
        -10.8361,
        35.3766
      ],
      [
        -10.7804,
        35.2862
      ],
      [
        -10.7046,
        35.1986
      ],
      [
        -10.6096,
        35.1149
      ],
      [
        -10.4966,
        35.0358
      ],
      [
        -10.367,
        34.9622
      ],
      [
        -10.2222,
        34.8949
      ],
      [
        -10.064,
        34.8345
      ],
      [
        -9.8942,
        34.7816
      ],
      [
        -9.7147,
        34.7368
      ],
      [
        -9.5274,
        34.7006
      ],
      [
        -9.3344,
        34.6733
      ],
      [
        -9.1378,
        34.6551
      ],
      [
        -8.9397,
        34.6463
      ],
      [
        -8.7423,
        34.647
      ],
      [
        -8.5475,
        34.6571
      ],
      [
        -8.3574,
        34.6766
      ],
      [
        -8.174,
        34.7053
      ],
      [
        -7.9992,
        34.7428
      ],
      [
        -7.8347,
        34.7889
      ],
      [
        -7.6823,
        34.8431
      ],
      [
        -7.5436,
        34.9048
      ],
      [
        -7.4199,
        34.9733
      ],
      [
        -7.3126,
        35.0481
      ],
      [
        -7.2228,
        35.1282
      ],
      [
        -7.1514,
        35.2129
      ],
      [
        -7.0992,
        35.3013
      ],
      [
        -7.0669,
        35.3923
      ],
      [
        -7.0548,
        35.4852
      ],
      [
        -7.0631,
        35.5787
      ],
      [
        -7.0918,
        35.672
      ],
      [
        -7.1407,
        35.7639
      ],
      [
        -7.2094,
        35.8534
      ]
    ],
    [
      [
        -7.2218,
        35.9435
      ],
      [
        -7.3276,
        36.0254
      ],
      [
        -7.4506,
        36.102
      ],
      [
        -7.5895,
        36.1724
      ],
      [
        -7.7429,
        36.2359
      ],
      [
        -7.9093,
        36.2916
      ],
      [
        -8.0868,
        36.3389
      ],
      [
        -8.2735,
        36.3773
      ],
      [
        -8.4674,
        36.4063
      ],
      [
        -8.6663,
        36.4255
      ],
      [
        -8.8681,
        36.4348
      ],
      [
        -9.0704,
        36.4339
      ],
      [
        -9.2709,
        36.423
      ],
      [
        -9.4674,
        36.4022
      ],
      [
        -9.6576,
        36.3717
      ],
      [
        -9.8393,
        36.3318
      ],
      [
        -10.0104,
        36.2831
      ],
      [
        -10.1688,
        36.2261
      ],
      [
        -10.3128,
        36.1616
      ],
      [
        -10.4407,
        36.0902
      ],
      [
        -10.551,
        36.0128
      ],
      [
        -10.6424,
        35.9303
      ],
      [
        -10.7139,
        35.8437
      ],
      [
        -10.7648,
        35.7539
      ],
      [
        -10.7944,
        35.6619
      ],
      [
        -10.8025,
        35.5687
      ],
      [
        -10.7891,
        35.4755
      ],
      [
        -10.7544,
        35.3832
      ],
      [
        -10.6989,
        35.2927
      ],
      [
        -10.6233,
        35.2051
      ],
      [
        -10.5286,
        35.1213
      ],
      [
        -10.416,
        35.0421
      ],
      [
        -10.2867,
        34.9685
      ],
      [
        -10.1423,
        34.901
      ],
      [
        -9.9845,
        34.8405
      ],
      [
        -9.8151,
        34.7875
      ],
      [
        -9.6359,
        34.7426
      ],
      [
        -9.449,
        34.7062
      ],
      [
        -9.2565,
        34.6787
      ],
      [
        -9.0603,
        34.6604
      ],
      [
        -8.8626,
        34.6514
      ],
      [
        -8.6656,
        34.6519
      ],
      [
        -8.4711,
        34.6619
      ],
      [
        -8.2814,
        34.6813
      ],
      [
        -8.0983,
        34.7098
      ],
      [
        -7.9238,
        34.7473
      ],
      [
        -7.7596,
        34.7932
      ],
      [
        -7.6074,
        34.8473
      ],
      [
        -7.4689,
        34.9089
      ],
      [
        -7.3454,
        34.9773
      ],
      [
        -7.2382,
        35.052
      ],
      [
        -7.1484,
        35.1321
      ],
      [
        -7.0771,
        35.2167
      ],
      [
        -7.0249,
        35.305
      ],
      [
        -6.9925,
        35.3961
      ],
      [
        -6.9803,
        35.4889
      ],
      [
        -6.9885,
        35.5825
      ],
      [
        -7.0171,
        35.6757
      ],
      [
        -7.0658,
        35.7677
      ],
      [
        -7.1343,
        35.8573
      ]
    ],
    [
      [
        -7.1466,
        35.9474
      ],
      [
        -7.2521,
        36.0293
      ],
      [
        -7.3748,
        36.106
      ],
      [
        -7.5134,
        36.1766
      ],
      [
        -7.6665,
        36.2401
      ],
      [
        -7.8325,
        36.2959
      ],
      [
        -8.0096,
        36.3434
      ],
      [
        -8.1959,
        36.3819
      ],
      [
        -8.3894,
        36.411
      ],
      [
        -8.5879,
        36.4304
      ],
      [
        -8.7893,
        36.4398
      ],
      [
        -8.9912,
        36.4391
      ],
      [
        -9.1913,
        36.4284
      ],
      [
        -9.3875,
        36.4077
      ],
      [
        -9.5773,
        36.3773
      ],
      [
        -9.7587,
        36.3376
      ],
      [
        -9.9294,
        36.289
      ],
      [
        -10.0876,
        36.2322
      ],
      [
        -10.2314,
        36.1677
      ],
      [
        -10.3591,
        36.0965
      ],
      [
        -10.4692,
        36.0192
      ],
      [
        -10.5605,
        35.9367
      ],
      [
        -10.632,
        35.8502
      ],
      [
        -10.6828,
        35.7604
      ],
      [
        -10.7125,
        35.6684
      ],
      [
        -10.7206,
        35.5753
      ],
      [
        -10.7074,
        35.4821
      ],
      [
        -10.6728,
        35.3897
      ],
      [
        -10.6176,
        35.2992
      ],
      [
        -10.5422,
        35.2115
      ],
      [
        -10.4478,
        35.1276
      ],
      [
        -10.3355,
        35.0484
      ],
      [
        -10.2066,
        34.9746
      ],
      [
        -10.0626,
        34.907
      ],
      [
        -9.9051,
        34.8464
      ],
      [
        -9.7361,
        34.7933
      ],
      [
        -9.5574,
        34.7482
      ],
      [
        -9.3709,
        34.7117
      ],
      [
        -9.1788,
        34.684
      ],
      [
        -8.983,
        34.6656
      ],
      [
        -8.7857,
        34.6565
      ],
      [
        -8.589,
        34.6568
      ],
      [
        -8.395,
        34.6667
      ],
      [
        -8.2056,
        34.6859
      ],
      [
        -8.0228,
        34.7143
      ],
      [
        -7.8486,
        34.7516
      ],
      [
        -7.6846,
        34.7975
      ],
      [
        -7.5327,
        34.8514
      ],
      [
        -7.3943,
        34.9129
      ],
      [
        -7.271,
        34.9813
      ],
      [
        -7.1639,
        35.0559
      ],
      [
        -7.0742,
        35.1359
      ],
      [
        -7.0029,
        35.2205
      ],
      [
        -6.9508,
        35.3088
      ],
      [
        -6.9184,
        35.3998
      ],
      [
        -6.9061,
        35.4926
      ],
      [
        -6.9142,
        35.5862
      ],
      [
        -6.9426,
        35.6794
      ],
      [
        -6.9911,
        35.7714
      ],
      [
        -7.0593,
        35.8611
      ]
    ],
    [
      [
        -7.0716,
        35.9511
      ],
      [
        -7.1768,
        36.0332
      ],
      [
        -7.2992,
        36.11
      ],
      [
        -7.4374,
        36.1806
      ],
      [
        -7.5902,
        36.2443
      ],
      [
        -7.7558,
        36.3002
      ],
      [
        -7.9325,
        36.3478
      ],
      [
        -8.1184,
        36.3865
      ],
      [
        -8.3115,
        36.4157
      ],
      [
        -8.5097,
        36.4352
      ],
      [
        -8.7106,
        36.4448
      ],
      [
        -8.9121,
        36.4443
      ],
      [
        -9.1119,
        36.4337
      ],
      [
        -9.3077,
        36.4131
      ],
      [
        -9.4972,
        36.3829
      ],
      [
        -9.6782,
        36.3433
      ],
      [
        -9.8487,
        36.2949
      ],
      [
        -10.0066,
        36.2381
      ],
      [
        -10.1502,
        36.1738
      ],
      [
        -10.2777,
        36.1026
      ],
      [
        -10.3877,
        36.0254
      ],
      [
        -10.4789,
        35.9431
      ],
      [
        -10.5503,
        35.8566
      ],
      [
        -10.6011,
        35.7668
      ],
      [
        -10.6308,
        35.6749
      ],
      [
        -10.639,
        35.5818
      ],
      [
        -10.6259,
        35.4885
      ],
      [
        -10.5915,
        35.3961
      ],
      [
        -10.5365,
        35.3056
      ],
      [
        -10.4614,
        35.2179
      ],
      [
        -10.3673,
        35.1339
      ],
      [
        -10.2552,
        35.0546
      ],
      [
        -10.1267,
        34.9807
      ],
      [
        -9.983,
        34.913
      ],
      [
        -9.826,
        34.8522
      ],
      [
        -9.6574,
        34.799
      ],
      [
        -9.479,
        34.7538
      ],
      [
        -9.293,
        34.7171
      ],
      [
        -9.1013,
        34.6893
      ],
      [
        -8.9059,
        34.6707
      ],
      [
        -8.709,
        34.6614
      ],
      [
        -8.5127,
        34.6617
      ],
      [
        -8.319,
        34.6714
      ],
      [
        -8.1299,
        34.6904
      ],
      [
        -7.9475,
        34.7187
      ],
      [
        -7.7735,
        34.7559
      ],
      [
        -7.6099,
        34.8016
      ],
      [
        -7.4582,
        34.8555
      ],
      [
        -7.32,
        34.9168
      ],
      [
        -7.1968,
        34.9851
      ],
      [
        -7.0898,
        35.0596
      ],
      [
        -7.0002,
        35.1396
      ],
      [
        -6.9289,
        35.2241
      ],
      [
        -6.8768,
        35.3124
      ],
      [
        -6.8443,
        35.4034
      ],
      [
        -6.832,
        35.4962
      ],
      [
        -6.84,
        35.5898
      ],
      [
        -6.8682,
        35.6831
      ],
      [
        -6.9166,
        35.7751
      ],
      [
        -6.9846,
        35.8648
      ]
    ],
    [
      [
        -6.9968,
        35.9549
      ],
      [
        -7.1017,
        36.037
      ],
      [
        -7.2237,
        36.1138
      ],
      [
        -7.3617,
        36.1846
      ],
      [
        -7.5141,
        36.2483
      ],
      [
        -7.6793,
        36.3044
      ],
      [
        -7.8557,
        36.3521
      ],
      [
        -8.0412,
        36.3909
      ],
      [
        -8.2339,
        36.4203
      ],
      [
        -8.4316,
        36.44
      ],
      [
        -8.6322,
        36.4497
      ],
      [
        -8.8333,
        36.4493
      ],
      [
        -9.0327,
        36.4389
      ],
      [
        -9.2281,
        36.4185
      ],
      [
        -9.4173,
        36.3884
      ],
      [
        -9.598,
        36.3489
      ],
      [
        -9.7682,
        36.3006
      ],
      [
        -9.9258,
        36.244
      ],
      [
        -10.0692,
        36.1798
      ],
      [
        -10.1965,
        36.1087
      ],
      [
        -10.3063,
        36.0316
      ],
      [
        -10.3974,
        35.9494
      ],
      [
        -10.4687,
        35.8629
      ],
      [
        -10.5195,
        35.7732
      ],
      [
        -10.5493,
        35.6813
      ],
      [
        -10.5576,
        35.5882
      ],
      [
        -10.5446,
        35.4949
      ],
      [
        -10.5104,
        35.4025
      ],
      [
        -10.4556,
        35.3119
      ],
      [
        -10.3807,
        35.2241
      ],
      [
        -10.2869,
        35.1401
      ],
      [
        -10.1752,
        35.0607
      ],
      [
        -10.047,
        34.9867
      ],
      [
        -9.9037,
        34.9189
      ],
      [
        -9.747,
        34.858
      ],
      [
        -9.5788,
        34.8046
      ],
      [
        -9.4009,
        34.7592
      ],
      [
        -9.2153,
        34.7224
      ],
      [
        -9.0239,
        34.6945
      ],
      [
        -8.829,
        34.6757
      ],
      [
        -8.6325,
        34.6663
      ],
      [
        -8.4365,
        34.6664
      ],
      [
        -8.2432,
        34.676
      ],
      [
        -8.0545,
        34.6949
      ],
      [
        -7.8724,
        34.7231
      ],
      [
        -7.6987,
        34.7601
      ],
      [
        -7.5353,
        34.8057
      ],
      [
        -7.3838,
        34.8595
      ],
      [
        -7.2458,
        34.9207
      ],
      [
        -7.1227,
        34.9889
      ],
      [
        -7.0159,
        35.0634
      ],
      [
        -6.9264,
        35.1433
      ],
      [
        -6.8551,
        35.2278
      ],
      [
        -6.803,
        35.316
      ],
      [
        -6.7705,
        35.407
      ],
      [
        -6.7581,
        35.4998
      ],
      [
        -6.7659,
        35.5933
      ],
      [
        -6.794,
        35.6867
      ],
      [
        -6.8422,
        35.7787
      ],
      [
        -6.91,
        35.8684
      ]
    ],
    [
      [
        -6.9221,
        35.9585
      ],
      [
        -7.0267,
        36.0407
      ],
      [
        -7.1485,
        36.1176
      ],
      [
        -7.2861,
        36.1885
      ],
      [
        -7.4381,
        36.2524
      ],
      [
        -7.603,
        36.3085
      ],
      [
        -7.779,
        36.3564
      ],
      [
        -7.9641,
        36.3953
      ],
      [
        -8.1564,
        36.4249
      ],
      [
        -8.3537,
        36.4447
      ],
      [
        -8.5539,
        36.4545
      ],
      [
        -8.7546,
        36.4543
      ],
      [
        -8.9537,
        36.444
      ],
      [
        -9.1487,
        36.4237
      ],
      [
        -9.3375,
        36.3938
      ],
      [
        -9.5179,
        36.3545
      ],
      [
        -9.6878,
        36.3063
      ],
      [
        -9.8452,
        36.2499
      ],
      [
        -9.9883,
        36.1858
      ],
      [
        -10.1155,
        36.1148
      ],
      [
        -10.2252,
        36.0377
      ],
      [
        -10.3162,
        35.9555
      ],
      [
        -10.3874,
        35.8691
      ],
      [
        -10.4382,
        35.7795
      ],
      [
        -10.468,
        35.6876
      ],
      [
        -10.4764,
        35.5945
      ],
      [
        -10.4635,
        35.5012
      ],
      [
        -10.4295,
        35.4088
      ],
      [
        -10.3749,
        35.3181
      ],
      [
        -10.3003,
        35.2303
      ],
      [
        -10.2067,
        35.1462
      ],
      [
        -10.0954,
        35.0667
      ],
      [
        -9.9675,
        34.9926
      ],
      [
        -9.8245,
        34.9247
      ],
      [
        -9.6683,
        34.8636
      ],
      [
        -9.5005,
        34.8101
      ],
      [
        -9.3229,
        34.7646
      ],
      [
        -9.1377,
        34.7277
      ],
      [
        -8.9468,
        34.6996
      ],
      [
        -8.7522,
        34.6807
      ],
      [
        -8.5561,
        34.6712
      ],
      [
        -8.3606,
        34.6711
      ],
      [
        -8.1676,
        34.6805
      ],
      [
        -7.9792,
        34.6993
      ],
      [
        -7.7974,
        34.7273
      ],
      [
        -7.624,
        34.7643
      ],
      [
        -7.4608,
        34.8098
      ],
      [
        -7.3096,
        34.8634
      ],
      [
        -7.1718,
        34.9246
      ],
      [
        -7.0489,
        34.9927
      ],
      [
        -6.9421,
        35.067
      ],
      [
        -6.8527,
        35.1469
      ],
      [
        -6.7815,
        35.2313
      ],
      [
        -6.7293,
        35.3195
      ],
      [
        -6.6968,
        35.4105
      ],
      [
        -6.6843,
        35.5032
      ],
      [
        -6.692,
        35.5968
      ],
      [
        -6.72,
        35.6902
      ],
      [
        -6.768,
        35.7822
      ],
      [
        -6.8355,
        35.872
      ]
    ],
    [
      [
        -6.8476,
        35.9621
      ],
      [
        -6.9519,
        36.0443
      ],
      [
        -7.0734,
        36.1214
      ],
      [
        -7.2107,
        36.1923
      ],
      [
        -7.3624,
        36.2563
      ],
      [
        -7.5269,
        36.3126
      ],
      [
        -7.7025,
        36.3606
      ],
      [
        -7.8872,
        36.3996
      ],
      [
        -8.0791,
        36.4293
      ],
      [
        -8.2761,
        36.4493
      ],
      [
        -8.4758,
        36.4593
      ],
      [
        -8.6762,
        36.4592
      ],
      [
        -8.8748,
        36.449
      ],
      [
        -9.0695,
        36.4289
      ],
      [
        -9.258,
        36.3991
      ],
      [
        -9.4381,
        36.36
      ],
      [
        -9.6077,
        36.3119
      ],
      [
        -9.7648,
        36.2556
      ],
      [
        -9.9077,
        36.1916
      ],
      [
        -10.0347,
        36.1207
      ],
      [
        -10.1442,
        36.0438
      ],
      [
        -10.2351,
        35.9616
      ],
      [
        -10.3063,
        35.8753
      ],
      [
        -10.3571,
        35.7857
      ],
      [
        -10.3869,
        35.6938
      ],
      [
        -10.3954,
        35.6007
      ],
      [
        -10.3827,
        35.5074
      ],
      [
        -10.3488,
        35.415
      ],
      [
        -10.2944,
        35.3243
      ],
      [
        -10.2201,
        35.2364
      ],
      [
        -10.1268,
        35.1522
      ],
      [
        -10.0157,
        35.0726
      ],
      [
        -9.8881,
        34.9984
      ],
      [
        -9.7456,
        34.9304
      ],
      [
        -9.5897,
        34.8692
      ],
      [
        -9.4223,
        34.8156
      ],
      [
        -9.2452,
        34.77
      ],
      [
        -9.0604,
        34.7329
      ],
      [
        -8.8698,
        34.7047
      ],
      [
        -8.6757,
        34.6856
      ],
      [
        -8.48,
        34.6759
      ],
      [
        -8.2848,
        34.6757
      ],
      [
        -8.0921,
        34.685
      ],
      [
        -7.9041,
        34.7036
      ],
      [
        -7.7226,
        34.7315
      ],
      [
        -7.5495,
        34.7683
      ],
      [
        -7.3866,
        34.8137
      ],
      [
        -7.2355,
        34.8672
      ],
      [
        -7.0979,
        34.9283
      ],
      [
        -6.9751,
        34.9963
      ],
      [
        -6.8685,
        35.0706
      ],
      [
        -6.7792,
        35.1504
      ],
      [
        -6.708,
        35.2348
      ],
      [
        -6.6558,
        35.3229
      ],
      [
        -6.6233,
        35.4139
      ],
      [
        -6.6107,
        35.5067
      ],
      [
        -6.6183,
        35.6002
      ],
      [
        -6.6461,
        35.6936
      ],
      [
        -6.6939,
        35.7857
      ],
      [
        -6.7613,
        35.8755
      ]
    ],
    [
      [
        -6.7732,
        35.9656
      ],
      [
        -6.8773,
        36.0479
      ],
      [
        -6.9985,
        36.1251
      ],
      [
        -7.1354,
        36.1961
      ],
      [
        -7.2868,
        36.2602
      ],
      [
        -7.4509,
        36.3166
      ],
      [
        -7.6261,
        36.3647
      ],
      [
        -7.8105,
        36.4039
      ],
      [
        -8.002,
        36.4337
      ],
      [
        -8.1986,
        36.4538
      ],
      [
        -8.3979,
        36.4639
      ],
      [
        -8.5979,
        36.464
      ],
      [
        -8.7962,
        36.454
      ],
      [
        -8.9905,
        36.4341
      ],
      [
        -9.1787,
        36.4044
      ],
      [
        -9.3584,
        36.3654
      ],
      [
        -9.5277,
        36.3175
      ],
      [
        -9.6846,
        36.2612
      ],
      [
        -9.8273,
        36.1974
      ],
      [
        -9.9541,
        36.1266
      ],
      [
        -10.0635,
        36.0497
      ],
      [
        -10.1543,
        35.9677
      ],
      [
        -10.2255,
        35.8814
      ],
      [
        -10.2762,
        35.7918
      ],
      [
        -10.306,
        35.7
      ],
      [
        -10.3146,
        35.6069
      ],
      [
        -10.302,
        35.5136
      ],
      [
        -10.2683,
        35.4211
      ],
      [
        -10.2141,
        35.3304
      ],
      [
        -10.14,
        35.2424
      ],
      [
        -10.047,
        35.1581
      ],
      [
        -9.9363,
        35.0784
      ],
      [
        -9.809,
        35.0041
      ],
      [
        -9.6669,
        34.936
      ],
      [
        -9.5114,
        34.8747
      ],
      [
        -9.3443,
        34.821
      ],
      [
        -9.1676,
        34.7752
      ],
      [
        -8.9832,
        34.738
      ],
      [
        -8.7931,
        34.7096
      ],
      [
        -8.5993,
        34.6904
      ],
      [
        -8.404,
        34.6806
      ],
      [
        -8.2091,
        34.6803
      ],
      [
        -8.0169,
        34.6894
      ],
      [
        -7.8292,
        34.7079
      ],
      [
        -7.648,
        34.7357
      ],
      [
        -7.4751,
        34.7723
      ],
      [
        -7.3125,
        34.8176
      ],
      [
        -7.1616,
        34.871
      ],
      [
        -7.0242,
        34.932
      ],
      [
        -6.9016,
        35.0
      ],
      [
        -6.7951,
        35.0742
      ],
      [
        -6.7058,
        35.1539
      ],
      [
        -6.6347,
        35.2382
      ],
      [
        -6.5825,
        35.3263
      ],
      [
        -6.5499,
        35.4172
      ],
      [
        -6.5373,
        35.51
      ],
      [
        -6.5448,
        35.6036
      ],
      [
        -6.5724,
        35.697
      ],
      [
        -6.62,
        35.7891
      ],
      [
        -6.6872,
        35.879
      ]
    ],
    [
      [
        -6.699,
        35.9691
      ],
      [
        -6.8028,
        36.0515
      ],
      [
        -6.9237,
        36.1287
      ],
      [
        -7.0603,
        36.1998
      ],
      [
        -7.2113,
        36.264
      ],
      [
        -7.3751,
        36.3205
      ],
      [
        -7.55,
        36.3687
      ],
      [
        -7.734,
        36.4081
      ],
      [
        -7.9251,
        36.438
      ],
      [
        -8.1212,
        36.4583
      ],
      [
        -8.3202,
        36.4686
      ],
      [
        -8.5198,
        36.4688
      ],
      [
        -8.7177,
        36.4589
      ],
      [
        -8.9117,
        36.4391
      ],
      [
        -9.0995,
        36.4096
      ],
      [
        -9.279,
        36.3707
      ],
      [
        -9.448,
        36.3229
      ],
      [
        -9.6046,
        36.2668
      ],
      [
        -9.7471,
        36.203
      ],
      [
        -9.8737,
        36.1324
      ],
      [
        -9.9829,
        36.0556
      ],
      [
        -10.0736,
        35.9736
      ],
      [
        -10.1448,
        35.8874
      ],
      [
        -10.1955,
        35.7978
      ],
      [
        -10.2254,
        35.706
      ],
      [
        -10.2341,
        35.6129
      ],
      [
        -10.2215,
        35.5196
      ],
      [
        -10.188,
        35.4271
      ],
      [
        -10.134,
        35.3363
      ],
      [
        -10.0602,
        35.2483
      ],
      [
        -9.9675,
        35.164
      ],
      [
        -9.857,
        35.0842
      ],
      [
        -9.7301,
        35.0098
      ],
      [
        -9.5883,
        34.9416
      ],
      [
        -9.4332,
        34.8802
      ],
      [
        -9.2665,
        34.8263
      ],
      [
        -9.0902,
        34.7804
      ],
      [
        -8.9062,
        34.743
      ],
      [
        -8.7165,
        34.7145
      ],
      [
        -8.5231,
        34.6952
      ],
      [
        -8.3282,
        34.6852
      ],
      [
        -8.1337,
        34.6847
      ],
      [
        -7.9418,
        34.6937
      ],
      [
        -7.7544,
        34.7121
      ],
      [
        -7.5735,
        34.7397
      ],
      [
        -7.401,
        34.7763
      ],
      [
        -7.2385,
        34.8214
      ],
      [
        -7.0879,
        34.8747
      ],
      [
        -6.9507,
        34.9356
      ],
      [
        -6.8282,
        35.0035
      ],
      [
        -6.7218,
        35.0776
      ],
      [
        -6.6326,
        35.1573
      ],
      [
        -6.5615,
        35.2416
      ],
      [
        -6.5094,
        35.3296
      ],
      [
        -6.4767,
        35.4205
      ],
      [
        -6.464,
        35.5133
      ],
      [
        -6.4714,
        35.6069
      ],
      [
        -6.4989,
        35.7003
      ],
      [
        -6.5463,
        35.7925
      ],
      [
        -6.6132,
        35.8824
      ]
    ],
    [
      [
        -6.625,
        35.9724
      ],
      [
        -6.7285,
        36.0549
      ],
      [
        -6.8491,
        36.1322
      ],
      [
        -6.9854,
        36.2034
      ],
      [
        -7.1361,
        36.2677
      ],
      [
        -7.2995,
        36.3244
      ],
      [
        -7.474,
        36.3727
      ],
      [
        -7.6576,
        36.4122
      ],
      [
        -7.8483,
        36.4423
      ],
      [
        -8.0441,
        36.4627
      ],
      [
        -8.2427,
        36.4731
      ],
      [
        -8.4419,
        36.4735
      ],
      [
        -8.6394,
        36.4637
      ],
      [
        -8.8331,
        36.4441
      ],
      [
        -9.0205,
        36.4147
      ],
      [
        -9.1997,
        36.3759
      ],
      [
        -9.3684,
        36.3283
      ],
      [
        -9.5248,
        36.2723
      ],
      [
        -9.6671,
        36.2087
      ],
      [
        -9.7935,
        36.1381
      ],
      [
        -9.9026,
        36.0614
      ],
      [
        -9.9932,
        35.9795
      ],
      [
        -10.0643,
        35.8933
      ],
      [
        -10.115,
        35.8038
      ],
      [
        -10.1449,
        35.712
      ],
      [
        -10.1537,
        35.6189
      ],
      [
        -10.1413,
        35.5256
      ],
      [
        -10.108,
        35.4331
      ],
      [
        -10.0541,
        35.3423
      ],
      [
        -9.9806,
        35.2542
      ],
      [
        -9.8881,
        35.1698
      ],
      [
        -9.778,
        35.0899
      ],
      [
        -9.6514,
        35.0154
      ],
      [
        -9.51,
        34.9471
      ],
      [
        -9.3552,
        34.8856
      ],
      [
        -9.1889,
        34.8315
      ],
      [
        -9.013,
        34.7855
      ],
      [
        -8.8294,
        34.748
      ],
      [
        -8.6401,
        34.7194
      ],
      [
        -8.4471,
        34.6999
      ],
      [
        -8.2525,
        34.6898
      ],
      [
        -8.0584,
        34.6891
      ],
      [
        -7.8669,
        34.698
      ],
      [
        -7.6798,
        34.7162
      ],
      [
        -7.4992,
        34.7437
      ],
      [
        -7.327,
        34.7802
      ],
      [
        -7.1648,
        34.8252
      ],
      [
        -7.0144,
        34.8784
      ],
      [
        -6.8773,
        34.9392
      ],
      [
        -6.755,
        35.007
      ],
      [
        -6.6487,
        35.081
      ],
      [
        -6.5596,
        35.1606
      ],
      [
        -6.4885,
        35.2449
      ],
      [
        -6.4364,
        35.3329
      ],
      [
        -6.4037,
        35.4238
      ],
      [
        -6.3909,
        35.5165
      ],
      [
        -6.3981,
        35.6101
      ],
      [
        -6.4255,
        35.7035
      ],
      [
        -6.4727,
        35.7958
      ],
      [
        -6.5394,
        35.8857
      ]
    ],
    [
      [
        -6.5511,
        35.9758
      ],
      [
        -6.6544,
        36.0583
      ],
      [
        -6.7747,
        36.1357
      ],
      [
        -6.9107,
        36.207
      ],
      [
        -7.061,
        36.2714
      ],
      [
        -7.2241,
        36.3282
      ],
      [
        -7.3982,
        36.3766
      ],
      [
        -7.5814,
        36.4162
      ],
      [
        -7.7717,
        36.4464
      ],
      [
        -7.9671,
        36.467
      ],
      [
        -8.1653,
        36.4776
      ],
      [
        -8.3642,
        36.4781
      ],
      [
        -8.5614,
        36.4685
      ],
      [
        -8.7546,
        36.449
      ],
      [
        -8.9418,
        36.4197
      ],
      [
        -9.1206,
        36.3811
      ],
      [
        -9.2891,
        36.3336
      ],
      [
        -9.4452,
        36.2777
      ],
      [
        -9.5872,
        36.2142
      ],
      [
        -9.7135,
        36.1437
      ],
      [
        -9.8225,
        36.0671
      ],
      [
        -9.913,
        35.9853
      ],
      [
        -9.984,
        35.8991
      ],
      [
        -10.0347,
        35.8097
      ],
      [
        -10.0647,
        35.7179
      ],
      [
        -10.0735,
        35.6248
      ],
      [
        -10.0612,
        35.5315
      ],
      [
        -10.0281,
        35.4389
      ],
      [
        -9.9745,
        35.3481
      ],
      [
        -9.9011,
        35.26
      ],
      [
        -9.809,
        35.1755
      ],
      [
        -9.6991,
        35.0955
      ],
      [
        -9.5729,
        35.0209
      ],
      [
        -9.4318,
        34.9525
      ],
      [
        -9.2774,
        34.8908
      ],
      [
        -9.1115,
        34.8367
      ],
      [
        -8.936,
        34.7905
      ],
      [
        -8.7528,
        34.7529
      ],
      [
        -8.5638,
        34.7241
      ],
      [
        -8.3713,
        34.7045
      ],
      [
        -8.1771,
        34.6942
      ],
      [
        -7.9834,
        34.6934
      ],
      [
        -7.7921,
        34.7022
      ],
      [
        -7.6054,
        34.7203
      ],
      [
        -7.4251,
        34.7476
      ],
      [
        -7.2531,
        34.784
      ],
      [
        -7.0912,
        34.8289
      ],
      [
        -6.941,
        34.882
      ],
      [
        -6.8041,
        34.9427
      ],
      [
        -6.6819,
        35.0104
      ],
      [
        -6.5758,
        35.0844
      ],
      [
        -6.4867,
        35.1639
      ],
      [
        -6.4157,
        35.2481
      ],
      [
        -6.3635,
        35.3361
      ],
      [
        -6.3308,
        35.4269
      ],
      [
        -6.3179,
        35.5197
      ],
      [
        -6.3251,
        35.6133
      ],
      [
        -6.3523,
        35.7067
      ],
      [
        -6.3993,
        35.799
      ],
      [
        -6.4658,
        35.889
      ]
    ],
    [
      [
        -6.4774,
        35.979
      ],
      [
        -6.5804,
        36.0616
      ],
      [
        -6.7004,
        36.1391
      ],
      [
        -6.8361,
        36.2105
      ],
      [
        -6.9861,
        36.275
      ],
      [
        -7.1488,
        36.3319
      ],
      [
        -7.3225,
        36.3805
      ],
      [
        -7.5054,
        36.4202
      ],
      [
        -7.6953,
        36.4505
      ],
      [
        -7.8903,
        36.4712
      ],
      [
        -8.0882,
        36.4819
      ],
      [
        -8.2866,
        36.4826
      ],
      [
        -8.4834,
        36.4732
      ],
      [
        -8.6764,
        36.4538
      ],
      [
        -8.8632,
        36.4247
      ],
      [
        -9.0417,
        36.3862
      ],
      [
        -9.2099,
        36.3388
      ],
      [
        -9.3658,
        36.2831
      ],
      [
        -9.5076,
        36.2196
      ],
      [
        -9.6337,
        36.1492
      ],
      [
        -9.7425,
        36.0727
      ],
      [
        -9.8329,
        35.991
      ],
      [
        -9.9039,
        35.9049
      ],
      [
        -9.9546,
        35.8155
      ],
      [
        -9.9846,
        35.7237
      ],
      [
        -9.9935,
        35.6307
      ],
      [
        -9.9814,
        35.5373
      ],
      [
        -9.9484,
        35.4447
      ],
      [
        -9.895,
        35.3538
      ],
      [
        -9.8219,
        35.2657
      ],
      [
        -9.73,
        35.1811
      ],
      [
        -9.6205,
        35.1011
      ],
      [
        -9.4946,
        35.0264
      ],
      [
        -9.3538,
        34.9578
      ],
      [
        -9.1998,
        34.8961
      ],
      [
        -9.0343,
        34.8418
      ],
      [
        -8.8592,
        34.7955
      ],
      [
        -8.6763,
        34.7577
      ],
      [
        -8.4878,
        34.7288
      ],
      [
        -8.2956,
        34.709
      ],
      [
        -8.1018,
        34.6986
      ],
      [
        -7.9084,
        34.6977
      ],
      [
        -7.7176,
        34.7063
      ],
      [
        -7.5312,
        34.7243
      ],
      [
        -7.3512,
        34.7515
      ],
      [
        -7.1794,
        34.7877
      ],
      [
        -7.0178,
        34.8325
      ],
      [
        -6.8678,
        34.8855
      ],
      [
        -6.7311,
        34.9461
      ],
      [
        -6.609,
        35.0137
      ],
      [
        -6.503,
        35.0876
      ],
      [
        -6.414,
        35.1671
      ],
      [
        -6.343,
        35.2512
      ],
      [
        -6.2908,
        35.3392
      ],
      [
        -6.2581,
        35.43
      ],
      [
        -6.2451,
        35.5228
      ],
      [
        -6.2521,
        35.6164
      ],
      [
        -6.2792,
        35.7098
      ],
      [
        -6.3261,
        35.8021
      ],
      [
        -6.3924,
        35.8922
      ]
    ],
    [
      [
        -6.4039,
        35.9822
      ],
      [
        -6.5066,
        36.0649
      ],
      [
        -6.6263,
        36.1424
      ],
      [
        -6.7616,
        36.2139
      ],
      [
        -6.9113,
        36.2785
      ],
      [
        -7.0737,
        36.3355
      ],
      [
        -7.247,
        36.3842
      ],
      [
        -7.4295,
        36.4241
      ],
      [
        -7.6191,
        36.4546
      ],
      [
        -7.8137,
        36.4754
      ],
      [
        -8.0112,
        36.4863
      ],
      [
        -8.2093,
        36.4871
      ],
      [
        -8.4057,
        36.4778
      ],
      [
        -8.5983,
        36.4585
      ],
      [
        -8.7848,
        36.4296
      ],
      [
        -8.963,
        36.3912
      ],
      [
        -9.1309,
        36.344
      ],
      [
        -9.2866,
        36.2883
      ],
      [
        -9.4282,
        36.225
      ],
      [
        -9.554,
        36.1547
      ],
      [
        -9.6628,
        36.0783
      ],
      [
        -9.7531,
        35.9966
      ],
      [
        -9.824,
        35.9106
      ],
      [
        -9.8748,
        35.8212
      ],
      [
        -9.9048,
        35.7295
      ],
      [
        -9.9138,
        35.6364
      ],
      [
        -9.9017,
        35.5431
      ],
      [
        -9.8689,
        35.4504
      ],
      [
        -9.8157,
        35.3595
      ],
      [
        -9.7429,
        35.2713
      ],
      [
        -9.6513,
        35.1866
      ],
      [
        -9.542,
        35.1065
      ],
      [
        -9.4165,
        35.0317
      ],
      [
        -9.2761,
        34.9631
      ],
      [
        -9.1224,
        34.9012
      ],
      [
        -8.9573,
        34.8468
      ],
      [
        -8.7825,
        34.8004
      ],
      [
        -8.6001,
        34.7625
      ],
      [
        -8.4119,
        34.7334
      ],
      [
        -8.2201,
        34.7135
      ],
      [
        -8.0267,
        34.703
      ],
      [
        -7.8337,
        34.7019
      ],
      [
        -7.6432,
        34.7103
      ],
      [
        -7.4571,
        34.7282
      ],
      [
        -7.2774,
        34.7553
      ],
      [
        -7.1059,
        34.7914
      ],
      [
        -6.9445,
        34.8361
      ],
      [
        -6.7947,
        34.889
      ],
      [
        -6.6582,
        34.9495
      ],
      [
        -6.5363,
        35.017
      ],
      [
        -6.4303,
        35.0908
      ],
      [
        -6.3414,
        35.1702
      ],
      [
        -6.2705,
        35.2543
      ],
      [
        -6.2183,
        35.3423
      ],
      [
        -6.1855,
        35.4331
      ],
      [
        -6.1725,
        35.5258
      ],
      [
        -6.1794,
        35.6194
      ],
      [
        -6.2063,
        35.7129
      ],
      [
        -6.253,
        35.8052
      ],
      [
        -6.3191,
        35.8953
      ]
    ],
    [
      [
        -6.3305,
        35.9853
      ],
      [
        -6.433,
        36.0681
      ],
      [
        -6.5523,
        36.1457
      ],
      [
        -6.6874,
        36.2173
      ],
      [
        -6.8367,
        36.282
      ],
      [
        -6.9987,
        36.3391
      ],
      [
        -7.1717,
        36.3879
      ],
      [
        -7.3538,
        36.4279
      ],
      [
        -7.543,
        36.4586
      ],
      [
        -7.7373,
        36.4795
      ],
      [
        -7.9344,
        36.4905
      ],
      [
        -8.1321,
        36.4915
      ],
      [
        -8.3282,
        36.4823
      ],
      [
        -8.5204,
        36.4632
      ],
      [
        -8.7066,
        36.4344
      ],
      [
        -8.8845,
        36.3962
      ],
      [
        -9.0521,
        36.349
      ],
      [
        -9.2075,
        36.2935
      ],
      [
        -9.3489,
        36.2303
      ],
      [
        -9.4746,
        36.1601
      ],
      [
        -9.5832,
        36.0838
      ],
      [
        -9.6735,
        36.0021
      ],
      [
        -9.7443,
        35.9162
      ],
      [
        -9.7951,
        35.8268
      ],
      [
        -9.8251,
        35.7351
      ],
      [
        -9.8342,
        35.6421
      ],
      [
        -9.8223,
        35.5487
      ],
      [
        -9.7896,
        35.4561
      ],
      [
        -9.7366,
        35.3651
      ],
      [
        -9.664,
        35.2768
      ],
      [
        -9.5727,
        35.1921
      ],
      [
        -9.4638,
        35.1119
      ],
      [
        -9.3385,
        35.037
      ],
      [
        -9.1985,
        34.9682
      ],
      [
        -9.0452,
        34.9063
      ],
      [
        -8.8804,
        34.8517
      ],
      [
        -8.7061,
        34.8052
      ],
      [
        -8.524,
        34.7671
      ],
      [
        -8.3363,
        34.7379
      ],
      [
        -8.1448,
        34.7179
      ],
      [
        -7.9518,
        34.7072
      ],
      [
        -7.7591,
        34.706
      ],
      [
        -7.5689,
        34.7143
      ],
      [
        -7.3832,
        34.732
      ],
      [
        -7.2038,
        34.759
      ],
      [
        -7.0326,
        34.795
      ],
      [
        -6.8714,
        34.8396
      ],
      [
        -6.7218,
        34.8923
      ],
      [
        -6.5855,
        34.9528
      ],
      [
        -6.4637,
        35.0202
      ],
      [
        -6.3579,
        35.094
      ],
      [
        -6.269,
        35.1733
      ],
      [
        -6.1981,
        35.2574
      ],
      [
        -6.1459,
        35.3453
      ],
      [
        -6.1131,
        35.4361
      ],
      [
        -6.1,
        35.5288
      ],
      [
        -6.1068,
        35.6224
      ],
      [
        -6.1336,
        35.7159
      ],
      [
        -6.1801,
        35.8082
      ],
      [
        -6.2459,
        35.8984
      ]
    ],
    [
      [
        -6.2573,
        35.9884
      ],
      [
        -6.3595,
        36.0712
      ],
      [
        -6.4786,
        36.1489
      ],
      [
        -6.6133,
        36.2206
      ],
      [
        -6.7623,
        36.2854
      ],
      [
        -6.9239,
        36.3426
      ],
      [
        -7.0966,
        36.3916
      ],
      [
        -7.2783,
        36.4317
      ],
      [
        -7.4671,
        36.4625
      ],
      [
        -7.661,
        36.4835
      ],
      [
        -7.8577,
        36.4947
      ],
      [
        -8.0551,
        36.4958
      ],
      [
        -8.2508,
        36.4868
      ],
      [
        -8.4427,
        36.4678
      ],
      [
        -8.6285,
        36.4391
      ],
      [
        -8.8062,
        36.4011
      ],
      [
        -8.9735,
        36.354
      ],
      [
        -9.1287,
        36.2986
      ],
      [
        -9.2699,
        36.2355
      ],
      [
        -9.3954,
        36.1654
      ],
      [
        -9.5039,
        36.0892
      ],
      [
        -9.594,
        36.0076
      ],
      [
        -9.6648,
        35.9217
      ],
      [
        -9.7156,
        35.8324
      ],
      [
        -9.7456,
        35.7407
      ],
      [
        -9.7548,
        35.6477
      ],
      [
        -9.743,
        35.5543
      ],
      [
        -9.7105,
        35.4616
      ],
      [
        -9.6577,
        35.3706
      ],
      [
        -9.5854,
        35.2823
      ],
      [
        -9.4943,
        35.1975
      ],
      [
        -9.3857,
        35.1172
      ],
      [
        -9.2608,
        35.0422
      ],
      [
        -9.1211,
        34.9734
      ],
      [
        -8.9681,
        34.9113
      ],
      [
        -8.8038,
        34.8566
      ],
      [
        -8.6298,
        34.8099
      ],
      [
        -8.4481,
        34.7717
      ],
      [
        -8.2608,
        34.7424
      ],
      [
        -8.0697,
        34.7222
      ],
      [
        -7.877,
        34.7114
      ],
      [
        -7.6847,
        34.7101
      ],
      [
        -7.4949,
        34.7182
      ],
      [
        -7.3094,
        34.7358
      ],
      [
        -7.1303,
        34.7627
      ],
      [
        -6.9594,
        34.7985
      ],
      [
        -6.7984,
        34.843
      ],
      [
        -6.6491,
        34.8957
      ],
      [
        -6.5129,
        34.956
      ],
      [
        -6.3913,
        35.0234
      ],
      [
        -6.2856,
        35.0971
      ],
      [
        -6.1968,
        35.1763
      ],
      [
        -6.1259,
        35.2603
      ],
      [
        -6.0737,
        35.3482
      ],
      [
        -6.0408,
        35.439
      ],
      [
        -6.0276,
        35.5317
      ],
      [
        -6.0343,
        35.6253
      ],
      [
        -6.061,
        35.7188
      ],
      [
        -6.1073,
        35.8112
      ],
      [
        -6.1729,
        35.9014
      ]
    ],
    [
      [
        -6.1842,
        35.9914
      ],
      [
        -6.2862,
        36.0743
      ],
      [
        -6.4049,
        36.1521
      ],
      [
        -6.5393,
        36.2238
      ],
      [
        -6.688,
        36.2888
      ],
      [
        -6.8493,
        36.3461
      ],
      [
        -7.0216,
        36.3952
      ],
      [
        -7.203,
        36.4354
      ],
      [
        -7.3914,
        36.4663
      ],
      [
        -7.5849,
        36.4875
      ],
      [
        -7.7812,
        36.4988
      ],
      [
        -7.9782,
        36.5
      ],
      [
        -8.1736,
        36.4912
      ],
      [
        -8.3652,
        36.4724
      ],
      [
        -8.5507,
        36.4438
      ],
      [
        -8.728,
        36.4059
      ],
      [
        -8.8951,
        36.359
      ],
      [
        -9.05,
        36.3037
      ],
      [
        -9.191,
        36.2407
      ],
      [
        -9.3164,
        36.1707
      ],
      [
        -9.4247,
        36.0945
      ],
      [
        -9.5148,
        36.013
      ],
      [
        -9.5855,
        35.9271
      ],
      [
        -9.6363,
        35.8379
      ],
      [
        -9.6664,
        35.7462
      ],
      [
        -9.6756,
        35.6532
      ],
      [
        -9.664,
        35.5598
      ],
      [
        -9.6316,
        35.4671
      ],
      [
        -9.5791,
        35.3761
      ],
      [
        -9.5069,
        35.2877
      ],
      [
        -9.4161,
        35.2028
      ],
      [
        -9.3078,
        35.1225
      ],
      [
        -9.1832,
        35.0474
      ],
      [
        -9.0438,
        34.9784
      ],
      [
        -8.8913,
        34.9162
      ],
      [
        -8.7273,
        34.8614
      ],
      [
        -8.5537,
        34.8146
      ],
      [
        -8.3724,
        34.7763
      ],
      [
        -8.1854,
        34.7468
      ],
      [
        -7.9947,
        34.7265
      ],
      [
        -7.8024,
        34.7155
      ],
      [
        -7.6105,
        34.7141
      ],
      [
        -7.421,
        34.7221
      ],
      [
        -7.2358,
        34.7396
      ],
      [
        -7.057,
        34.7663
      ],
      [
        -6.8864,
        34.802
      ],
      [
        -6.7257,
        34.8464
      ],
      [
        -6.5765,
        34.8989
      ],
      [
        -6.4405,
        34.9592
      ],
      [
        -6.3191,
        35.0265
      ],
      [
        -6.2134,
        35.1001
      ],
      [
        -6.1247,
        35.1793
      ],
      [
        -6.0538,
        35.2633
      ],
      [
        -6.0016,
        35.3511
      ],
      [
        -5.9687,
        35.4418
      ],
      [
        -5.9554,
        35.5345
      ],
      [
        -5.962,
        35.6282
      ],
      [
        -5.9885,
        35.7217
      ],
      [
        -6.0347,
        35.8141
      ],
      [
        -6.1001,
        35.9043
      ]
    ],
    [
      [
        -6.1113,
        35.9943
      ],
      [
        -6.213,
        36.0773
      ],
      [
        -6.3315,
        36.1551
      ],
      [
        -6.4656,
        36.227
      ],
      [
        -6.6139,
        36.292
      ],
      [
        -6.7749,
        36.3495
      ],
      [
        -6.9468,
        36.3987
      ],
      [
        -7.1278,
        36.439
      ],
      [
        -7.3159,
        36.4701
      ],
      [
        -7.509,
        36.4914
      ],
      [
        -7.7049,
        36.5028
      ],
      [
        -7.9016,
        36.5042
      ],
      [
        -8.0966,
        36.4955
      ],
      [
        -8.2878,
        36.4768
      ],
      [
        -8.473,
        36.4484
      ],
      [
        -8.6501,
        36.4106
      ],
      [
        -8.8169,
        36.3638
      ],
      [
        -8.9716,
        36.3087
      ],
      [
        -9.1123,
        36.2457
      ],
      [
        -9.2375,
        36.1758
      ],
      [
        -9.3457,
        36.0997
      ],
      [
        -9.4357,
        36.0183
      ],
      [
        -9.5064,
        35.9325
      ],
      [
        -9.5571,
        35.8433
      ],
      [
        -9.5873,
        35.7517
      ],
      [
        -9.5966,
        35.6586
      ],
      [
        -9.5851,
        35.5653
      ],
      [
        -9.5529,
        35.4725
      ],
      [
        -9.5006,
        35.3814
      ],
      [
        -9.4286,
        35.293
      ],
      [
        -9.3381,
        35.2081
      ],
      [
        -9.2301,
        35.1276
      ],
      [
        -9.1058,
        35.0524
      ],
      [
        -8.9668,
        34.9834
      ],
      [
        -8.8146,
        34.921
      ],
      [
        -8.651,
        34.8661
      ],
      [
        -8.4778,
        34.8192
      ],
      [
        -8.2969,
        34.7808
      ],
      [
        -8.1103,
        34.7511
      ],
      [
        -7.92,
        34.7307
      ],
      [
        -7.728,
        34.7196
      ],
      [
        -7.5364,
        34.718
      ],
      [
        -7.3472,
        34.7259
      ],
      [
        -7.1624,
        34.7432
      ],
      [
        -6.9839,
        34.7698
      ],
      [
        -6.8135,
        34.8054
      ],
      [
        -6.653,
        34.8497
      ],
      [
        -6.5041,
        34.9021
      ],
      [
        -6.3683,
        34.9623
      ],
      [
        -6.2469,
        35.0295
      ],
      [
        -6.1414,
        35.103
      ],
      [
        -6.0527,
        35.1822
      ],
      [
        -5.9819,
        35.2661
      ],
      [
        -5.9297,
        35.3539
      ],
      [
        -5.8968,
        35.4446
      ],
      [
        -5.8834,
        35.5373
      ],
      [
        -5.8899,
        35.6309
      ],
      [
        -5.9162,
        35.7245
      ],
      [
        -5.9622,
        35.8169
      ],
      [
        -6.0274,
        35.9072
      ]
    ],
    [
      [
        -6.0385,
        35.9972
      ],
      [
        -6.14,
        36.0802
      ],
      [
        -6.2582,
        36.1582
      ],
      [
        -6.392,
        36.2301
      ],
      [
        -6.5399,
        36.2952
      ],
      [
        -6.7006,
        36.3528
      ],
      [
        -6.8721,
        36.4021
      ],
      [
        -7.0528,
        36.4426
      ],
      [
        -7.2405,
        36.4737
      ],
      [
        -7.4332,
        36.4952
      ],
      [
        -7.6288,
        36.5068
      ],
      [
        -7.8251,
        36.5083
      ],
      [
        -8.0198,
        36.4997
      ],
      [
        -8.2106,
        36.4812
      ],
      [
        -8.3955,
        36.4529
      ],
      [
        -8.5723,
        36.4152
      ],
      [
        -8.7388,
        36.3686
      ],
      [
        -8.8933,
        36.3135
      ],
      [
        -9.0339,
        36.2507
      ],
      [
        -9.1589,
        36.1809
      ],
      [
        -9.267,
        36.1049
      ],
      [
        -9.3568,
        36.0236
      ],
      [
        -9.4275,
        35.9378
      ],
      [
        -9.4782,
        35.8486
      ],
      [
        -9.5084,
        35.757
      ],
      [
        -9.5178,
        35.664
      ],
      [
        -9.5064,
        35.5706
      ],
      [
        -9.4744,
        35.4779
      ],
      [
        -9.4222,
        35.3867
      ],
      [
        -9.3506,
        35.2982
      ],
      [
        -9.2603,
        35.2132
      ],
      [
        -9.1526,
        35.1327
      ],
      [
        -9.0286,
        35.0574
      ],
      [
        -8.89,
        34.9882
      ],
      [
        -8.7381,
        34.9258
      ],
      [
        -8.5749,
        34.8708
      ],
      [
        -8.402,
        34.8237
      ],
      [
        -8.2215,
        34.7851
      ],
      [
        -8.0353,
        34.7554
      ],
      [
        -7.8454,
        34.7348
      ],
      [
        -7.6538,
        34.7236
      ],
      [
        -7.4625,
        34.7218
      ],
      [
        -7.2737,
        34.7296
      ],
      [
        -7.0892,
        34.7468
      ],
      [
        -6.911,
        34.7733
      ],
      [
        -6.7408,
        34.8088
      ],
      [
        -6.5806,
        34.8529
      ],
      [
        -6.4319,
        34.9053
      ],
      [
        -6.2962,
        34.9653
      ],
      [
        -6.175,
        35.0324
      ],
      [
        -6.0696,
        35.1059
      ],
      [
        -5.981,
        35.185
      ],
      [
        -5.9102,
        35.2689
      ],
      [
        -5.858,
        35.3566
      ],
      [
        -5.825,
        35.4474
      ],
      [
        -5.8116,
        35.54
      ],
      [
        -5.8179,
        35.6337
      ],
      [
        -5.8441,
        35.7272
      ],
      [
        -5.8899,
        35.8197
      ],
      [
        -5.9549,
        35.91
      ]
    ],
    [
      [
        -5.9659,
        36.0
      ],
      [
        -6.0671,
        36.0831
      ],
      [
        -6.185,
        36.1611
      ],
      [
        -6.3185,
        36.2332
      ],
      [
        -6.4662,
        36.2984
      ],
      [
        -6.6264,
        36.3561
      ],
      [
        -6.7976,
        36.4055
      ],
      [
        -6.9779,
        36.4461
      ],
      [
        -7.1653,
        36.4774
      ],
      [
        -7.3576,
        36.499
      ],
      [
        -7.5529,
        36.5107
      ],
      [
        -7.7488,
        36.5124
      ],
      [
        -7.9431,
        36.5039
      ],
      [
        -8.1337,
        36.4855
      ],
      [
        -8.3182,
        36.4574
      ],
      [
        -8.4947,
        36.4198
      ],
      [
        -8.661,
        36.3733
      ],
      [
        -8.8152,
        36.3184
      ],
      [
        -8.9556,
        36.2557
      ],
      [
        -9.0804,
        36.1859
      ],
      [
        -9.1884,
        36.11
      ],
      [
        -9.2782,
        36.0287
      ],
      [
        -9.3488,
        35.943
      ],
      [
        -9.3995,
        35.8539
      ],
      [
        -9.4297,
        35.7623
      ],
      [
        -9.4392,
        35.6693
      ],
      [
        -9.428,
        35.5759
      ],
      [
        -9.3961,
        35.4831
      ],
      [
        -9.3441,
        35.3919
      ],
      [
        -9.2727,
        35.3034
      ],
      [
        -9.1827,
        35.2183
      ],
      [
        -9.0753,
        35.1377
      ],
      [
        -8.9516,
        35.0624
      ],
      [
        -8.8133,
        34.9931
      ],
      [
        -8.6618,
        34.9305
      ],
      [
        -8.4989,
        34.8754
      ],
      [
        -8.3265,
        34.8282
      ],
      [
        -8.1463,
        34.7895
      ],
      [
        -7.9605,
        34.7596
      ],
      [
        -7.7709,
        34.7389
      ],
      [
        -7.5797,
        34.7275
      ],
      [
        -7.3888,
        34.7256
      ],
      [
        -7.2003,
        34.7332
      ],
      [
        -7.0161,
        34.7503
      ],
      [
        -6.8382,
        34.7767
      ],
      [
        -6.6683,
        34.812
      ],
      [
        -6.5083,
        34.8561
      ],
      [
        -6.3597,
        34.9084
      ],
      [
        -6.2243,
        34.9683
      ],
      [
        -6.1032,
        35.0353
      ],
      [
        -5.9979,
        35.1088
      ],
      [
        -5.9093,
        35.1878
      ],
      [
        -5.8386,
        35.2716
      ],
      [
        -5.7864,
        35.3593
      ],
      [
        -5.7533,
        35.45
      ],
      [
        -5.7398,
        35.5427
      ],
      [
        -5.7461,
        35.6363
      ],
      [
        -5.7721,
        35.7299
      ],
      [
        -5.8178,
        35.8224
      ],
      [
        -5.8826,
        35.9128
      ]
    ],
    [
      [
        -5.8935,
        36.0028
      ],
      [
        -5.9944,
        36.0859
      ],
      [
        -6.112,
        36.164
      ],
      [
        -6.2452,
        36.2361
      ],
      [
        -6.3925,
        36.3015
      ],
      [
        -6.5525,
        36.3593
      ],
      [
        -6.7233,
        36.4088
      ],
      [
        -6.9032,
        36.4495
      ],
      [
        -7.0902,
        36.4809
      ],
      [
        -7.2822,
        36.5027
      ],
      [
        -7.4771,
        36.5145
      ],
      [
        -7.6726,
        36.5163
      ],
      [
        -7.8666,
        36.508
      ],
      [
        -8.0568,
        36.4898
      ],
      [
        -8.2411,
        36.4618
      ],
      [
        -8.4173,
        36.4243
      ],
      [
        -8.5833,
        36.3779
      ],
      [
        -8.7373,
        36.3231
      ],
      [
        -8.8774,
        36.2605
      ],
      [
        -9.0021,
        36.1909
      ],
      [
        -9.11,
        36.115
      ],
      [
        -9.1997,
        36.0338
      ],
      [
        -9.2703,
        35.9482
      ],
      [
        -9.321,
        35.8591
      ],
      [
        -9.3513,
        35.7675
      ],
      [
        -9.3608,
        35.6745
      ],
      [
        -9.3497,
        35.5811
      ],
      [
        -9.318,
        35.4883
      ],
      [
        -9.2662,
        35.3971
      ],
      [
        -9.195,
        35.3085
      ],
      [
        -9.1053,
        35.2233
      ],
      [
        -8.9981,
        35.1426
      ],
      [
        -8.8748,
        35.0672
      ],
      [
        -8.7368,
        34.9978
      ],
      [
        -8.5857,
        34.9351
      ],
      [
        -8.4232,
        34.8799
      ],
      [
        -8.2511,
        34.8326
      ],
      [
        -8.0713,
        34.7937
      ],
      [
        -7.8858,
        34.7637
      ],
      [
        -7.6967,
        34.7428
      ],
      [
        -7.5058,
        34.7313
      ],
      [
        -7.3152,
        34.7293
      ],
      [
        -7.1271,
        34.7368
      ],
      [
        -6.9432,
        34.7538
      ],
      [
        -6.7655,
        34.78
      ],
      [
        -6.5959,
        34.8153
      ],
      [
        -6.4361,
        34.8592
      ],
      [
        -6.2878,
        34.9114
      ],
      [
        -6.1525,
        34.9712
      ],
      [
        -6.0316,
        35.0382
      ],
      [
        -5.9263,
        35.1115
      ],
      [
        -5.8379,
        35.1905
      ],
      [
        -5.7671,
        35.2743
      ],
      [
        -5.7149,
        35.362
      ],
      [
        -5.6818,
        35.4526
      ],
      [
        -5.6683,
        35.5453
      ],
      [
        -5.6744,
        35.6389
      ],
      [
        -5.7003,
        35.7325
      ],
      [
        -5.7458,
        35.8251
      ],
      [
        -5.8104,
        35.9155
      ]
    ],
    [
      [
        -5.8212,
        36.0054
      ],
      [
        -5.9218,
        36.0887
      ],
      [
        -6.0392,
        36.1668
      ],
      [
        -6.172,
        36.2391
      ],
      [
        -6.3191,
        36.3045
      ],
      [
        -6.4787,
        36.3624
      ],
      [
        -6.6492,
        36.412
      ],
      [
        -6.8287,
        36.4529
      ],
      [
        -7.0153,
        36.4844
      ],
      [
        -7.207,
        36.5063
      ],
      [
        -7.4015,
        36.5183
      ],
      [
        -7.5967,
        36.5202
      ],
      [
        -7.7903,
        36.5121
      ],
      [
        -7.9802,
        36.494
      ],
      [
        -8.1641,
        36.4661
      ],
      [
        -8.34,
        36.4288
      ],
      [
        -8.5058,
        36.3825
      ],
      [
        -8.6596,
        36.3278
      ],
      [
        -8.7995,
        36.2653
      ],
      [
        -8.9241,
        36.1958
      ],
      [
        -9.0317,
        36.12
      ],
      [
        -9.1214,
        36.0388
      ],
      [
        -9.1919,
        35.9532
      ],
      [
        -9.2426,
        35.8642
      ],
      [
        -9.2729,
        35.7726
      ],
      [
        -9.2826,
        35.6796
      ],
      [
        -9.2716,
        35.5862
      ],
      [
        -9.24,
        35.4934
      ],
      [
        -9.1884,
        35.4021
      ],
      [
        -9.1175,
        35.3135
      ],
      [
        -9.028,
        35.2283
      ],
      [
        -8.9212,
        35.1475
      ],
      [
        -8.7982,
        35.072
      ],
      [
        -8.6605,
        35.0025
      ],
      [
        -8.5098,
        34.9397
      ],
      [
        -8.3476,
        34.8843
      ],
      [
        -8.1759,
        34.8369
      ],
      [
        -7.9965,
        34.7979
      ],
      [
        -7.8114,
        34.7678
      ],
      [
        -7.6226,
        34.7468
      ],
      [
        -7.432,
        34.7351
      ],
      [
        -7.2419,
        34.733
      ],
      [
        -7.054,
        34.7403
      ],
      [
        -6.8704,
        34.7572
      ],
      [
        -6.693,
        34.7833
      ],
      [
        -6.5237,
        34.8184
      ],
      [
        -6.3641,
        34.8623
      ],
      [
        -6.216,
        34.9143
      ],
      [
        -6.0809,
        34.9741
      ],
      [
        -5.9601,
        35.041
      ],
      [
        -5.8549,
        35.1142
      ],
      [
        -5.7665,
        35.1932
      ],
      [
        -5.6958,
        35.2769
      ],
      [
        -5.6436,
        35.3645
      ],
      [
        -5.6105,
        35.4552
      ],
      [
        -5.5968,
        35.5478
      ],
      [
        -5.6029,
        35.6415
      ],
      [
        -5.6286,
        35.7351
      ],
      [
        -5.6739,
        35.8276
      ],
      [
        -5.7383,
        35.9181
      ]
    ],
    [
      [
        -5.7491,
        36.0081
      ],
      [
        -5.8494,
        36.0914
      ],
      [
        -5.9665,
        36.1696
      ],
      [
        -6.0991,
        36.2419
      ],
      [
        -6.2457,
        36.3075
      ],
      [
        -6.405,
        36.3654
      ],
      [
        -6.5752,
        36.4152
      ],
      [
        -6.7544,
        36.4562
      ],
      [
        -6.9406,
        36.4879
      ],
      [
        -7.1319,
        36.5099
      ],
      [
        -7.326,
        36.522
      ],
      [
        -7.5209,
        36.5241
      ],
      [
        -7.7142,
        36.5161
      ],
      [
        -7.9037,
        36.4981
      ],
      [
        -8.0874,
        36.4703
      ],
      [
        -8.263,
        36.4331
      ],
      [
        -8.4285,
        36.387
      ],
      [
        -8.582,
        36.3324
      ],
      [
        -8.7218,
        36.27
      ],
      [
        -8.8461,
        36.2005
      ],
      [
        -8.9537,
        36.1248
      ],
      [
        -9.0433,
        36.0438
      ],
      [
        -9.1138,
        35.9582
      ],
      [
        -9.1645,
        35.8692
      ],
      [
        -9.1948,
        35.7777
      ],
      [
        -9.2046,
        35.6847
      ],
      [
        -9.1937,
        35.5913
      ],
      [
        -9.1623,
        35.4984
      ],
      [
        -9.1109,
        35.4071
      ],
      [
        -9.0402,
        35.3184
      ],
      [
        -8.951,
        35.2332
      ],
      [
        -8.8444,
        35.1523
      ],
      [
        -8.7217,
        35.0767
      ],
      [
        -8.5844,
        35.0071
      ],
      [
        -8.434,
        34.9442
      ],
      [
        -8.2722,
        34.8887
      ],
      [
        -8.1008,
        34.8411
      ],
      [
        -7.9218,
        34.802
      ],
      [
        -7.7371,
        34.7718
      ],
      [
        -7.5486,
        34.7506
      ],
      [
        -7.3585,
        34.7388
      ],
      [
        -7.1686,
        34.7366
      ],
      [
        -6.9811,
        34.7438
      ],
      [
        -6.7978,
        34.7605
      ],
      [
        -6.6207,
        34.7865
      ],
      [
        -6.4516,
        34.8215
      ],
      [
        -6.2923,
        34.8652
      ],
      [
        -6.1444,
        34.9172
      ],
      [
        -6.0094,
        34.9769
      ],
      [
        -5.8887,
        35.0437
      ],
      [
        -5.7837,
        35.1169
      ],
      [
        -5.6954,
        35.1957
      ],
      [
        -5.6247,
        35.2794
      ],
      [
        -5.5725,
        35.367
      ],
      [
        -5.5393,
        35.4577
      ],
      [
        -5.5256,
        35.5503
      ],
      [
        -5.5315,
        35.644
      ],
      [
        -5.5571,
        35.7376
      ],
      [
        -5.6022,
        35.8302
      ],
      [
        -5.6664,
        35.9207
      ]
    ],
    [
      [
        -5.6771,
        36.0106
      ],
      [
        -5.7772,
        36.094
      ],
      [
        -5.894,
        36.1723
      ],
      [
        -6.0262,
        36.2447
      ],
      [
        -6.1726,
        36.3103
      ],
      [
        -6.3315,
        36.3684
      ],
      [
        -6.5013,
        36.4183
      ],
      [
        -6.6802,
        36.4594
      ],
      [
        -6.8661,
        36.4912
      ],
      [
        -7.057,
        36.5134
      ],
      [
        -7.2508,
        36.5256
      ],
      [
        -7.4452,
        36.5278
      ],
      [
        -7.6382,
        36.52
      ],
      [
        -7.8274,
        36.5021
      ],
      [
        -8.0108,
        36.4745
      ],
      [
        -8.1861,
        36.4374
      ],
      [
        -8.3513,
        36.3914
      ],
      [
        -8.5046,
        36.3369
      ],
      [
        -8.6442,
        36.2746
      ],
      [
        -8.7684,
        36.2053
      ],
      [
        -8.8759,
        36.1296
      ],
      [
        -8.9653,
        36.0486
      ],
      [
        -9.0358,
        35.9631
      ],
      [
        -9.0865,
        35.8742
      ],
      [
        -9.1169,
        35.7827
      ],
      [
        -9.1267,
        35.6897
      ],
      [
        -9.1159,
        35.5963
      ],
      [
        -9.0847,
        35.5034
      ],
      [
        -9.0335,
        35.4121
      ],
      [
        -8.963,
        35.3233
      ],
      [
        -8.8741,
        35.238
      ],
      [
        -8.7678,
        35.157
      ],
      [
        -8.6455,
        35.0813
      ],
      [
        -8.5085,
        35.0116
      ],
      [
        -8.3584,
        34.9486
      ],
      [
        -8.197,
        34.893
      ],
      [
        -8.026,
        34.8453
      ],
      [
        -7.8473,
        34.8061
      ],
      [
        -7.663,
        34.7757
      ],
      [
        -7.4749,
        34.7544
      ],
      [
        -7.2851,
        34.7425
      ],
      [
        -7.0955,
        34.7401
      ],
      [
        -6.9083,
        34.7472
      ],
      [
        -6.7254,
        34.7638
      ],
      [
        -6.5486,
        34.7896
      ],
      [
        -6.3797,
        34.8246
      ],
      [
        -6.2206,
        34.8682
      ],
      [
        -6.0729,
        34.92
      ],
      [
        -5.9381,
        34.9796
      ],
      [
        -5.8176,
        35.0463
      ],
      [
        -5.7126,
        35.1195
      ],
      [
        -5.6243,
        35.1983
      ],
      [
        -5.5537,
        35.2819
      ],
      [
        -5.5015,
        35.3695
      ],
      [
        -5.4683,
        35.4601
      ],
      [
        -5.4545,
        35.5527
      ],
      [
        -5.4603,
        35.6464
      ],
      [
        -5.4857,
        35.74
      ],
      [
        -5.5307,
        35.8326
      ],
      [
        -5.5946,
        35.9232
      ]
    ],
    [
      [
        -5.6052,
        36.0131
      ],
      [
        -5.7051,
        36.0966
      ],
      [
        -5.8216,
        36.175
      ],
      [
        -5.9535,
        36.2475
      ],
      [
        -6.0996,
        36.3132
      ],
      [
        -6.2582,
        36.3714
      ],
      [
        -6.4276,
        36.4214
      ],
      [
        -6.6061,
        36.4626
      ],
      [
        -6.7917,
        36.4945
      ],
      [
        -6.9822,
        36.5168
      ],
      [
        -7.1756,
        36.5292
      ],
      [
        -7.3698,
        36.5315
      ],
      [
        -7.5624,
        36.5238
      ],
      [
        -7.7513,
        36.5061
      ],
      [
        -7.9343,
        36.4786
      ],
      [
        -8.1094,
        36.4417
      ],
      [
        -8.2744,
        36.3957
      ],
      [
        -8.4275,
        36.3414
      ],
      [
        -8.5668,
        36.2792
      ],
      [
        -8.6909,
        36.2099
      ],
      [
        -8.7982,
        36.1344
      ],
      [
        -8.8876,
        36.0534
      ],
      [
        -8.958,
        35.968
      ],
      [
        -9.0087,
        35.879
      ],
      [
        -9.0391,
        35.7876
      ],
      [
        -9.0491,
        35.6946
      ],
      [
        -9.0384,
        35.6012
      ],
      [
        -9.0073,
        35.5083
      ],
      [
        -8.9563,
        35.4169
      ],
      [
        -8.8861,
        35.3281
      ],
      [
        -8.7974,
        35.2427
      ],
      [
        -8.6914,
        35.1617
      ],
      [
        -8.5694,
        35.0859
      ],
      [
        -8.4327,
        35.0161
      ],
      [
        -8.283,
        34.953
      ],
      [
        -8.1219,
        34.8972
      ],
      [
        -7.9513,
        34.8494
      ],
      [
        -7.773,
        34.8101
      ],
      [
        -7.589,
        34.7795
      ],
      [
        -7.4013,
        34.7581
      ],
      [
        -7.2118,
        34.7461
      ],
      [
        -7.0226,
        34.7435
      ],
      [
        -6.8357,
        34.7505
      ],
      [
        -6.6531,
        34.767
      ],
      [
        -6.4765,
        34.7927
      ],
      [
        -6.308,
        34.8275
      ],
      [
        -6.1491,
        34.871
      ],
      [
        -6.0016,
        34.9228
      ],
      [
        -5.8669,
        34.9823
      ],
      [
        -5.7465,
        35.0489
      ],
      [
        -5.6417,
        35.122
      ],
      [
        -5.5535,
        35.2007
      ],
      [
        -5.4829,
        35.2843
      ],
      [
        -5.4306,
        35.3719
      ],
      [
        -5.3974,
        35.4625
      ],
      [
        -5.3835,
        35.5551
      ],
      [
        -5.3892,
        35.6487
      ],
      [
        -5.4145,
        35.7424
      ],
      [
        -5.4593,
        35.835
      ],
      [
        -5.523,
        35.9256
      ]
    ],
    [
      [
        -5.5336,
        36.0156
      ],
      [
        -5.6331,
        36.0991
      ],
      [
        -5.7494,
        36.1775
      ],
      [
        -5.881,
        36.2501
      ],
      [
        -6.0267,
        36.3159
      ],
      [
        -6.185,
        36.3743
      ],
      [
        -6.3541,
        36.4244
      ],
      [
        -6.5322,
        36.4657
      ],
      [
        -6.7174,
        36.4978
      ],
      [
        -6.9076,
        36.5202
      ],
      [
        -7.1007,
        36.5327
      ],
      [
        -7.2945,
        36.5352
      ],
      [
        -7.4868,
        36.5276
      ],
      [
        -7.6754,
        36.51
      ],
      [
        -7.8581,
        36.4826
      ],
      [
        -8.0328,
        36.4458
      ],
      [
        -8.1976,
        36.4
      ],
      [
        -8.3504,
        36.3457
      ],
      [
        -8.4896,
        36.2837
      ],
      [
        -8.6135,
        36.2145
      ],
      [
        -8.7207,
        36.139
      ],
      [
        -8.81,
        36.0581
      ],
      [
        -8.8804,
        35.9728
      ],
      [
        -8.9311,
        35.8839
      ],
      [
        -8.9616,
        35.7924
      ],
      [
        -8.9716,
        35.6994
      ],
      [
        -8.961,
        35.606
      ],
      [
        -8.9301,
        35.5131
      ],
      [
        -8.8793,
        35.4217
      ],
      [
        -8.8093,
        35.3328
      ],
      [
        -8.7209,
        35.2473
      ],
      [
        -8.6152,
        35.1662
      ],
      [
        -8.4934,
        35.0904
      ],
      [
        -8.3571,
        35.0204
      ],
      [
        -8.2077,
        34.9572
      ],
      [
        -8.047,
        34.9014
      ],
      [
        -7.8768,
        34.8535
      ],
      [
        -7.6988,
        34.814
      ],
      [
        -7.5152,
        34.7833
      ],
      [
        -7.3278,
        34.7618
      ],
      [
        -7.1387,
        34.7496
      ],
      [
        -6.9499,
        34.7469
      ],
      [
        -6.7633,
        34.7538
      ],
      [
        -6.581,
        34.7701
      ],
      [
        -6.4047,
        34.7957
      ],
      [
        -6.2364,
        34.8304
      ],
      [
        -6.0777,
        34.8738
      ],
      [
        -5.9304,
        34.9255
      ],
      [
        -5.7959,
        34.9849
      ],
      [
        -5.6756,
        35.0515
      ],
      [
        -5.5709,
        35.1245
      ],
      [
        -5.4827,
        35.2031
      ],
      [
        -5.4122,
        35.2867
      ],
      [
        -5.3599,
        35.3742
      ],
      [
        -5.3266,
        35.4648
      ],
      [
        -5.3127,
        35.5574
      ],
      [
        -5.3183,
        35.651
      ],
      [
        -5.3434,
        35.7447
      ],
      [
        -5.388,
        35.8374
      ],
      [
        -5.4516,
        35.928
      ]
    ],
    [
      [
        -5.462,
        36.0179
      ],
      [
        -5.5614,
        36.1015
      ],
      [
        -5.6773,
        36.1801
      ],
      [
        -5.8086,
        36.2527
      ],
      [
        -5.9541,
        36.3187
      ],
      [
        -6.112,
        36.3771
      ],
      [
        -6.2808,
        36.4273
      ],
      [
        -6.4585,
        36.4687
      ],
      [
        -6.6434,
        36.5009
      ],
      [
        -6.8332,
        36.5235
      ],
      [
        -7.0259,
        36.5361
      ],
      [
        -7.2194,
        36.5387
      ],
      [
        -7.4113,
        36.5313
      ],
      [
        -7.5996,
        36.5138
      ],
      [
        -7.782,
        36.4866
      ],
      [
        -7.9565,
        36.4499
      ],
      [
        -8.121,
        36.4042
      ],
      [
        -8.2736,
        36.3501
      ],
      [
        -8.4126,
        36.2881
      ],
      [
        -8.5363,
        36.219
      ],
      [
        -8.6434,
        36.1436
      ],
      [
        -8.7326,
        36.0628
      ],
      [
        -8.803,
        35.9775
      ],
      [
        -8.8537,
        35.8886
      ],
      [
        -8.8842,
        35.7972
      ],
      [
        -8.8943,
        35.7042
      ],
      [
        -8.8838,
        35.6108
      ],
      [
        -8.8531,
        35.5178
      ],
      [
        -8.8025,
        35.4264
      ],
      [
        -8.7327,
        35.3374
      ],
      [
        -8.6445,
        35.2519
      ],
      [
        -8.5391,
        35.1708
      ],
      [
        -8.4177,
        35.0948
      ],
      [
        -8.2817,
        35.0248
      ],
      [
        -8.1327,
        34.9614
      ],
      [
        -7.9723,
        34.9055
      ],
      [
        -7.8024,
        34.8574
      ],
      [
        -7.6249,
        34.8178
      ],
      [
        -7.4416,
        34.787
      ],
      [
        -7.2546,
        34.7654
      ],
      [
        -7.0658,
        34.7531
      ],
      [
        -6.8773,
        34.7503
      ],
      [
        -6.6911,
        34.757
      ],
      [
        -6.509,
        34.7732
      ],
      [
        -6.333,
        34.7987
      ],
      [
        -6.1649,
        34.8333
      ],
      [
        -6.0065,
        34.8766
      ],
      [
        -5.8594,
        34.9281
      ],
      [
        -5.725,
        34.9875
      ],
      [
        -5.6049,
        35.0539
      ],
      [
        -5.5002,
        35.1269
      ],
      [
        -5.4122,
        35.2055
      ],
      [
        -5.3416,
        35.289
      ],
      [
        -5.2894,
        35.3765
      ],
      [
        -5.256,
        35.467
      ],
      [
        -5.242,
        35.5596
      ],
      [
        -5.2475,
        35.6533
      ],
      [
        -5.2725,
        35.747
      ],
      [
        -5.3169,
        35.8397
      ],
      [
        -5.3803,
        35.9303
      ]
    ],
    [
      [
        -5.3906,
        36.0203
      ],
      [
        -5.4897,
        36.1039
      ],
      [
        -5.6054,
        36.1825
      ],
      [
        -5.7364,
        36.2553
      ],
      [
        -5.8815,
        36.3213
      ],
      [
        -6.0391,
        36.3798
      ],
      [
        -6.2075,
        36.4302
      ],
      [
        -6.385,
        36.4717
      ],
      [
        -6.5694,
        36.504
      ],
      [
        -6.7589,
        36.5267
      ],
      [
        -6.9513,
        36.5395
      ],
      [
        -7.1444,
        36.5422
      ],
      [
        -7.336,
        36.5349
      ],
      [
        -7.524,
        36.5176
      ],
      [
        -7.7061,
        36.4905
      ],
      [
        -7.8803,
        36.4539
      ],
      [
        -8.0446,
        36.4083
      ],
      [
        -8.197,
        36.3543
      ],
      [
        -8.3358,
        36.2924
      ],
      [
        -8.4593,
        36.2234
      ],
      [
        -8.5663,
        36.1481
      ],
      [
        -8.6554,
        36.0674
      ],
      [
        -8.7257,
        35.9821
      ],
      [
        -8.7764,
        35.8933
      ],
      [
        -8.807,
        35.8019
      ],
      [
        -8.8172,
        35.7089
      ],
      [
        -8.8069,
        35.6154
      ],
      [
        -8.7763,
        35.5225
      ],
      [
        -8.7259,
        35.431
      ],
      [
        -8.6563,
        35.342
      ],
      [
        -8.5684,
        35.2564
      ],
      [
        -8.4633,
        35.1752
      ],
      [
        -8.3421,
        35.0991
      ],
      [
        -8.2065,
        35.029
      ],
      [
        -8.0578,
        34.9656
      ],
      [
        -7.8978,
        34.9095
      ],
      [
        -7.7282,
        34.8614
      ],
      [
        -7.551,
        34.8216
      ],
      [
        -7.3681,
        34.7907
      ],
      [
        -7.1815,
        34.7689
      ],
      [
        -6.993,
        34.7565
      ],
      [
        -6.8049,
        34.7535
      ],
      [
        -6.6189,
        34.7601
      ],
      [
        -6.4372,
        34.7762
      ],
      [
        -6.2615,
        34.8016
      ],
      [
        -6.0936,
        34.8361
      ],
      [
        -5.9354,
        34.8792
      ],
      [
        -5.7885,
        34.9307
      ],
      [
        -5.6543,
        34.99
      ],
      [
        -5.5343,
        35.0563
      ],
      [
        -5.4297,
        35.1292
      ],
      [
        -5.3417,
        35.2078
      ],
      [
        -5.2712,
        35.2912
      ],
      [
        -5.2189,
        35.3787
      ],
      [
        -5.1856,
        35.4692
      ],
      [
        -5.1714,
        35.5618
      ],
      [
        -5.1768,
        35.6555
      ],
      [
        -5.2017,
        35.7492
      ],
      [
        -5.2459,
        35.8419
      ],
      [
        -5.3091,
        35.9326
      ]
    ],
    [
      [
        -5.3194,
        36.0225
      ],
      [
        -5.4182,
        36.1062
      ],
      [
        -5.5336,
        36.1849
      ],
      [
        -5.6644,
        36.2578
      ],
      [
        -5.8091,
        36.3239
      ],
      [
        -5.9664,
        36.3825
      ],
      [
        -6.1345,
        36.4329
      ],
      [
        -6.3116,
        36.4746
      ],
      [
        -6.4957,
        36.5071
      ],
      [
        -6.6848,
        36.5299
      ],
      [
        -6.8769,
        36.5428
      ],
      [
        -7.0696,
        36.5457
      ],
      [
        -7.2609,
        36.5385
      ],
      [
        -7.4485,
        36.5213
      ],
      [
        -7.6304,
        36.4943
      ],
      [
        -7.8043,
        36.4579
      ],
      [
        -7.9683,
        36.4124
      ],
      [
        -8.1205,
        36.3585
      ],
      [
        -8.2591,
        36.2967
      ],
      [
        -8.3825,
        36.2278
      ],
      [
        -8.4894,
        36.1526
      ],
      [
        -8.5784,
        36.0719
      ],
      [
        -8.6487,
        35.9866
      ],
      [
        -8.6994,
        35.8978
      ],
      [
        -8.73,
        35.8065
      ],
      [
        -8.7402,
        35.7135
      ],
      [
        -8.73,
        35.6201
      ],
      [
        -8.6996,
        35.5271
      ],
      [
        -8.6494,
        35.4355
      ],
      [
        -8.58,
        35.3465
      ],
      [
        -8.4924,
        35.2609
      ],
      [
        -8.3876,
        35.1795
      ],
      [
        -8.2667,
        35.1034
      ],
      [
        -8.1314,
        35.0332
      ],
      [
        -7.983,
        34.9697
      ],
      [
        -7.8234,
        34.9135
      ],
      [
        -7.6542,
        34.8652
      ],
      [
        -7.4774,
        34.8253
      ],
      [
        -7.2948,
        34.7943
      ],
      [
        -7.1085,
        34.7723
      ],
      [
        -6.9204,
        34.7598
      ],
      [
        -6.7326,
        34.7567
      ],
      [
        -6.547,
        34.7632
      ],
      [
        -6.3655,
        34.7791
      ],
      [
        -6.1901,
        34.8044
      ],
      [
        -6.0225,
        34.8388
      ],
      [
        -5.8645,
        34.8819
      ],
      [
        -5.7177,
        34.9332
      ],
      [
        -5.5837,
        34.9924
      ],
      [
        -5.4639,
        35.0587
      ],
      [
        -5.3594,
        35.1315
      ],
      [
        -5.2714,
        35.21
      ],
      [
        -5.2009,
        35.2934
      ],
      [
        -5.1487,
        35.3808
      ],
      [
        -5.1152,
        35.4713
      ],
      [
        -5.1011,
        35.5639
      ],
      [
        -5.1063,
        35.6576
      ],
      [
        -5.1311,
        35.7513
      ],
      [
        -5.1751,
        35.8441
      ],
      [
        -5.2381,
        35.9348
      ]
    ],
    [
      [
        -5.2483,
        36.0247
      ],
      [
        -5.3469,
        36.1085
      ],
      [
        -5.462,
        36.1873
      ],
      [
        -5.5924,
        36.2602
      ],
      [
        -5.7369,
        36.3264
      ],
      [
        -5.8939,
        36.3851
      ],
      [
        -6.0616,
        36.4357
      ],
      [
        -6.2383,
        36.4775
      ],
      [
        -6.4221,
        36.5101
      ],
      [
        -6.6109,
        36.533
      ],
      [
        -6.8026,
        36.546
      ],
      [
        -6.995,
        36.549
      ],
      [
        -7.1859,
        36.542
      ],
      [
        -7.3733,
        36.5249
      ],
      [
        -7.5548,
        36.498
      ],
      [
        -7.7284,
        36.4617
      ],
      [
        -7.8922,
        36.4164
      ],
      [
        -8.0442,
        36.3626
      ],
      [
        -8.1826,
        36.3009
      ],
      [
        -8.3059,
        36.2321
      ],
      [
        -8.4126,
        36.1569
      ],
      [
        -8.5016,
        36.0763
      ],
      [
        -8.5718,
        35.9911
      ],
      [
        -8.6225,
        35.9024
      ],
      [
        -8.6532,
        35.811
      ],
      [
        -8.6635,
        35.7181
      ],
      [
        -8.6534,
        35.6246
      ],
      [
        -8.6231,
        35.5316
      ],
      [
        -8.5731,
        35.44
      ],
      [
        -8.504,
        35.3509
      ],
      [
        -8.4166,
        35.2652
      ],
      [
        -8.312,
        35.1838
      ],
      [
        -8.1915,
        35.1076
      ],
      [
        -8.0565,
        35.0373
      ],
      [
        -7.9085,
        34.9737
      ],
      [
        -7.7492,
        34.9174
      ],
      [
        -7.5804,
        34.869
      ],
      [
        -7.4039,
        34.829
      ],
      [
        -7.2217,
        34.7978
      ],
      [
        -7.0357,
        34.7757
      ],
      [
        -6.848,
        34.763
      ],
      [
        -6.6605,
        34.7599
      ],
      [
        -6.4752,
        34.7662
      ],
      [
        -6.294,
        34.782
      ],
      [
        -6.1188,
        34.8072
      ],
      [
        -5.9515,
        34.8414
      ],
      [
        -5.7937,
        34.8844
      ],
      [
        -5.6472,
        34.9357
      ],
      [
        -5.5133,
        34.9948
      ],
      [
        -5.3936,
        35.061
      ],
      [
        -5.2892,
        35.1337
      ],
      [
        -5.2013,
        35.2122
      ],
      [
        -5.1308,
        35.2955
      ],
      [
        -5.0786,
        35.3829
      ],
      [
        -5.0451,
        35.4734
      ],
      [
        -5.0308,
        35.566
      ],
      [
        -5.036,
        35.6596
      ],
      [
        -5.0606,
        35.7534
      ],
      [
        -5.1045,
        35.8462
      ],
      [
        -5.1672,
        35.937
      ]
    ],
    [
      [
        -5.1773,
        36.0269
      ],
      [
        -5.2757,
        36.1107
      ],
      [
        -5.3905,
        36.1896
      ],
      [
        -5.5207,
        36.2626
      ],
      [
        -5.6648,
        36.3289
      ],
      [
        -5.8214,
        36.3877
      ],
      [
        -5.9889,
        36.4384
      ],
      [
        -6.1652,
        36.4803
      ],
      [
        -6.3487,
        36.513
      ],
      [
        -6.5371,
        36.536
      ],
      [
        -6.7284,
        36.5492
      ],
      [
        -6.9205,
        36.5523
      ],
      [
        -7.1111,
        36.5454
      ],
      [
        -7.2982,
        36.5285
      ],
      [
        -7.4794,
        36.5017
      ],
      [
        -7.6528,
        36.4655
      ],
      [
        -7.8163,
        36.4203
      ],
      [
        -7.968,
        36.3666
      ],
      [
        -8.1063,
        36.305
      ],
      [
        -8.2294,
        36.2363
      ],
      [
        -8.336,
        36.1612
      ],
      [
        -8.4249,
        36.0807
      ],
      [
        -8.4951,
        35.9955
      ],
      [
        -8.5458,
        35.9068
      ],
      [
        -8.5765,
        35.8155
      ],
      [
        -8.5869,
        35.7226
      ],
      [
        -8.577,
        35.6291
      ],
      [
        -8.5469,
        35.536
      ],
      [
        -8.497,
        35.4444
      ],
      [
        -8.4281,
        35.3553
      ],
      [
        -8.341,
        35.2695
      ],
      [
        -8.2367,
        35.1881
      ],
      [
        -8.1165,
        35.1117
      ],
      [
        -7.9818,
        35.0413
      ],
      [
        -7.8341,
        34.9776
      ],
      [
        -7.6751,
        34.9212
      ],
      [
        -7.5067,
        34.8727
      ],
      [
        -7.3306,
        34.8326
      ],
      [
        -7.1487,
        34.8012
      ],
      [
        -6.9631,
        34.7791
      ],
      [
        -6.7757,
        34.7662
      ],
      [
        -6.5885,
        34.7629
      ],
      [
        -6.4035,
        34.7692
      ],
      [
        -6.2227,
        34.7849
      ],
      [
        -6.0478,
        34.8099
      ],
      [
        -5.8807,
        34.844
      ],
      [
        -5.7231,
        34.8869
      ],
      [
        -5.5767,
        34.9381
      ],
      [
        -5.443,
        34.9971
      ],
      [
        -5.3234,
        35.0632
      ],
      [
        -5.2191,
        35.1359
      ],
      [
        -5.1313,
        35.2143
      ],
      [
        -5.0609,
        35.2976
      ],
      [
        -5.0086,
        35.385
      ],
      [
        -4.9751,
        35.4754
      ],
      [
        -4.9607,
        35.568
      ],
      [
        -4.9658,
        35.6617
      ],
      [
        -4.9902,
        35.7554
      ],
      [
        -5.0339,
        35.8482
      ],
      [
        -5.0965,
        35.9391
      ]
    ],
    [
      [
        -5.1065,
        36.029
      ],
      [
        -5.2046,
        36.1128
      ],
      [
        -5.3192,
        36.1918
      ],
      [
        -5.449,
        36.2649
      ],
      [
        -5.5929,
        36.3313
      ],
      [
        -5.7492,
        36.3902
      ],
      [
        -5.9163,
        36.441
      ],
      [
        -6.0923,
        36.483
      ],
      [
        -6.2754,
        36.5158
      ],
      [
        -6.4635,
        36.539
      ],
      [
        -6.6545,
        36.5523
      ],
      [
        -6.8462,
        36.5556
      ],
      [
        -7.0365,
        36.5488
      ],
      [
        -7.2232,
        36.5319
      ],
      [
        -7.4042,
        36.5054
      ],
      [
        -7.5773,
        36.4693
      ],
      [
        -7.7405,
        36.4242
      ],
      [
        -7.8921,
        36.3706
      ],
      [
        -8.0301,
        36.3091
      ],
      [
        -8.1531,
        36.2405
      ],
      [
        -8.2596,
        36.1655
      ],
      [
        -8.3484,
        36.085
      ],
      [
        -8.4186,
        35.9999
      ],
      [
        -8.4693,
        35.9112
      ],
      [
        -8.5,
        35.8199
      ],
      [
        -8.5105,
        35.727
      ],
      [
        -8.5007,
        35.6335
      ],
      [
        -8.4707,
        35.5404
      ],
      [
        -8.4211,
        35.4488
      ],
      [
        -8.3524,
        35.3596
      ],
      [
        -8.2655,
        35.2738
      ],
      [
        -8.1615,
        35.1922
      ],
      [
        -8.0416,
        35.1158
      ],
      [
        -7.9072,
        35.0453
      ],
      [
        -7.7599,
        34.9815
      ],
      [
        -7.6013,
        34.9249
      ],
      [
        -7.4332,
        34.8763
      ],
      [
        -7.2574,
        34.8361
      ],
      [
        -7.0759,
        34.8046
      ],
      [
        -6.8906,
        34.7823
      ],
      [
        -6.7036,
        34.7694
      ],
      [
        -6.5167,
        34.7659
      ],
      [
        -6.3321,
        34.772
      ],
      [
        -6.1515,
        34.7876
      ],
      [
        -5.9768,
        34.8126
      ],
      [
        -5.81,
        34.8466
      ],
      [
        -5.6526,
        34.8893
      ],
      [
        -5.5064,
        34.9404
      ],
      [
        -5.3729,
        34.9993
      ],
      [
        -5.2534,
        35.0654
      ],
      [
        -5.1492,
        35.138
      ],
      [
        -5.0615,
        35.2164
      ],
      [
        -4.991,
        35.2996
      ],
      [
        -4.9387,
        35.3869
      ],
      [
        -4.9052,
        35.4774
      ],
      [
        -4.8908,
        35.5699
      ],
      [
        -4.8957,
        35.6636
      ],
      [
        -4.92,
        35.7574
      ],
      [
        -4.9636,
        35.8502
      ],
      [
        -5.0259,
        35.9411
      ]
    ],
    [
      [
        -5.0359,
        36.031
      ],
      [
        -5.1337,
        36.1149
      ],
      [
        -5.248,
        36.1939
      ],
      [
        -5.3776,
        36.2671
      ],
      [
        -5.5211,
        36.3336
      ],
      [
        -5.6771,
        36.3926
      ],
      [
        -5.8438,
        36.4435
      ],
      [
        -6.0195,
        36.4857
      ],
      [
        -6.2023,
        36.5186
      ],
      [
        -6.39,
        36.5419
      ],
      [
        -6.5807,
        36.5554
      ],
      [
        -6.7721,
        36.5587
      ],
      [
        -6.962,
        36.5521
      ],
      [
        -7.1484,
        36.5354
      ],
      [
        -7.3291,
        36.5089
      ],
      [
        -7.5019,
        36.473
      ],
      [
        -7.665,
        36.428
      ],
      [
        -7.8163,
        36.3745
      ],
      [
        -7.9542,
        36.3131
      ],
      [
        -8.077,
        36.2445
      ],
      [
        -8.1834,
        36.1696
      ],
      [
        -8.2721,
        36.0892
      ],
      [
        -8.3422,
        36.0042
      ],
      [
        -8.393,
        35.9155
      ],
      [
        -8.4237,
        35.8242
      ],
      [
        -8.4343,
        35.7313
      ],
      [
        -8.4246,
        35.6378
      ],
      [
        -8.3948,
        35.5447
      ],
      [
        -8.3453,
        35.4531
      ],
      [
        -8.2769,
        35.3638
      ],
      [
        -8.1902,
        35.2779
      ],
      [
        -8.0865,
        35.1963
      ],
      [
        -7.9669,
        35.1198
      ],
      [
        -7.8328,
        35.0492
      ],
      [
        -7.6858,
        34.9853
      ],
      [
        -7.5276,
        34.9286
      ],
      [
        -7.3598,
        34.8799
      ],
      [
        -7.1844,
        34.8395
      ],
      [
        -7.0033,
        34.808
      ],
      [
        -6.8183,
        34.7855
      ],
      [
        -6.6316,
        34.7725
      ],
      [
        -6.4451,
        34.7689
      ],
      [
        -6.2607,
        34.7749
      ],
      [
        -6.0804,
        34.7903
      ],
      [
        -5.906,
        34.8151
      ],
      [
        -5.7394,
        34.8491
      ],
      [
        -5.5823,
        34.8917
      ],
      [
        -5.4363,
        34.9427
      ],
      [
        -5.3029,
        35.0015
      ],
      [
        -5.1836,
        35.0675
      ],
      [
        -5.0795,
        35.1401
      ],
      [
        -4.9917,
        35.2184
      ],
      [
        -4.9213,
        35.3016
      ],
      [
        -4.869,
        35.3889
      ],
      [
        -4.8354,
        35.4793
      ],
      [
        -4.8209,
        35.5718
      ],
      [
        -4.8258,
        35.6655
      ],
      [
        -4.85,
        35.7593
      ],
      [
        -4.8933,
        35.8522
      ],
      [
        -4.9555,
        35.9431
      ]
    ],
    [
      [
        -4.9654,
        36.033
      ],
      [
        -5.0629,
        36.117
      ],
      [
        -5.177,
        36.196
      ],
      [
        -5.3062,
        36.2693
      ],
      [
        -5.4495,
        36.3359
      ],
      [
        -5.6051,
        36.395
      ],
      [
        -5.7715,
        36.446
      ],
      [
        -5.9469,
        36.4883
      ],
      [
        -6.1293,
        36.5213
      ],
      [
        -6.3167,
        36.5448
      ],
      [
        -6.507,
        36.5583
      ],
      [
        -6.6981,
        36.5618
      ],
      [
        -6.8877,
        36.5553
      ],
      [
        -7.0738,
        36.5387
      ],
      [
        -7.2542,
        36.5124
      ],
      [
        -7.4268,
        36.4766
      ],
      [
        -7.5896,
        36.4317
      ],
      [
        -7.7407,
        36.3783
      ],
      [
        -7.8784,
        36.317
      ],
      [
        -8.001,
        36.2485
      ],
      [
        -8.1073,
        36.1737
      ],
      [
        -8.196,
        36.0933
      ],
      [
        -8.2661,
        36.0084
      ],
      [
        -8.3168,
        35.9197
      ],
      [
        -8.3476,
        35.8285
      ],
      [
        -8.3582,
        35.7356
      ],
      [
        -8.3487,
        35.6421
      ],
      [
        -8.319,
        35.549
      ],
      [
        -8.2698,
        35.4573
      ],
      [
        -8.2015,
        35.368
      ],
      [
        -8.1151,
        35.282
      ],
      [
        -8.0117,
        35.2003
      ],
      [
        -7.8924,
        35.1237
      ],
      [
        -7.7586,
        35.0531
      ],
      [
        -7.6119,
        34.989
      ],
      [
        -7.454,
        34.9323
      ],
      [
        -7.2866,
        34.8834
      ],
      [
        -7.1115,
        34.8429
      ],
      [
        -6.9308,
        34.8112
      ],
      [
        -6.7462,
        34.7887
      ],
      [
        -6.5598,
        34.7755
      ],
      [
        -6.3736,
        34.7718
      ],
      [
        -6.1895,
        34.7776
      ],
      [
        -6.0095,
        34.793
      ],
      [
        -5.8354,
        34.8177
      ],
      [
        -5.669,
        34.8515
      ],
      [
        -5.5121,
        34.894
      ],
      [
        -5.3663,
        34.9449
      ],
      [
        -5.2331,
        35.0037
      ],
      [
        -5.1138,
        35.0696
      ],
      [
        -5.0098,
        35.1421
      ],
      [
        -4.9222,
        35.2203
      ],
      [
        -4.8518,
        35.3035
      ],
      [
        -4.7995,
        35.3907
      ],
      [
        -4.7658,
        35.4811
      ],
      [
        -4.7513,
        35.5736
      ],
      [
        -4.756,
        35.6673
      ],
      [
        -4.78,
        35.7611
      ],
      [
        -4.8232,
        35.854
      ],
      [
        -4.8852,
        35.945
      ]
    ],
    [
      [
        -4.895,
        36.0349
      ],
      [
        -4.9923,
        36.1189
      ],
      [
        -5.1061,
        36.1981
      ],
      [
        -5.2351,
        36.2714
      ],
      [
        -5.378,
        36.3381
      ],
      [
        -5.5333,
        36.3973
      ],
      [
        -5.6994,
        36.4484
      ],
      [
        -5.8744,
        36.4908
      ],
      [
        -6.0565,
        36.524
      ],
      [
        -6.2435,
        36.5476
      ],
      [
        -6.4335,
        36.5612
      ],
      [
        -6.6242,
        36.5649
      ],
      [
        -6.8136,
        36.5585
      ],
      [
        -6.9994,
        36.542
      ],
      [
        -7.1795,
        36.5158
      ],
      [
        -7.3518,
        36.4801
      ],
      [
        -7.5143,
        36.4353
      ],
      [
        -7.6652,
        36.3821
      ],
      [
        -7.8027,
        36.3209
      ],
      [
        -7.9253,
        36.2525
      ],
      [
        -8.0314,
        36.1777
      ],
      [
        -8.12,
        36.0974
      ],
      [
        -8.1901,
        36.0125
      ],
      [
        -8.2408,
        35.9239
      ],
      [
        -8.2717,
        35.8327
      ],
      [
        -8.2824,
        35.7398
      ],
      [
        -8.2729,
        35.6463
      ],
      [
        -8.2434,
        35.5531
      ],
      [
        -8.1943,
        35.4614
      ],
      [
        -8.1263,
        35.3721
      ],
      [
        -8.0402,
        35.286
      ],
      [
        -7.937,
        35.2043
      ],
      [
        -7.818,
        35.1276
      ],
      [
        -7.6846,
        35.0568
      ],
      [
        -7.5382,
        34.9927
      ],
      [
        -7.3806,
        34.9358
      ],
      [
        -7.2136,
        34.8868
      ],
      [
        -7.0389,
        34.8462
      ],
      [
        -6.8584,
        34.8144
      ],
      [
        -6.6742,
        34.7917
      ],
      [
        -6.4882,
        34.7784
      ],
      [
        -6.3023,
        34.7746
      ],
      [
        -6.1185,
        34.7803
      ],
      [
        -5.9388,
        34.7956
      ],
      [
        -5.7649,
        34.8201
      ],
      [
        -5.5988,
        34.8538
      ],
      [
        -5.4421,
        34.8963
      ],
      [
        -5.2965,
        34.9471
      ],
      [
        -5.1634,
        35.0057
      ],
      [
        -5.0443,
        35.0716
      ],
      [
        -4.9404,
        35.144
      ],
      [
        -4.8527,
        35.2222
      ],
      [
        -4.7824,
        35.3053
      ],
      [
        -4.7301,
        35.3925
      ],
      [
        -4.6964,
        35.4829
      ],
      [
        -4.6817,
        35.5754
      ],
      [
        -4.6863,
        35.6691
      ],
      [
        -4.7103,
        35.7629
      ],
      [
        -4.7533,
        35.8559
      ],
      [
        -4.8151,
        35.9468
      ]
    ],
    [
      [
        -4.8248,
        36.0367
      ],
      [
        -4.9218,
        36.1208
      ],
      [
        -5.0353,
        36.2001
      ],
      [
        -5.164,
        36.2735
      ],
      [
        -5.3066,
        36.3402
      ],
      [
        -5.4617,
        36.3996
      ],
      [
        -5.6274,
        36.4508
      ],
      [
        -5.8021,
        36.4933
      ],
      [
        -5.9838,
        36.5266
      ],
      [
        -6.1705,
        36.5503
      ],
      [
        -6.3602,
        36.5641
      ],
      [
        -6.5506,
        36.5679
      ],
      [
        -6.7396,
        36.5616
      ],
      [
        -6.9251,
        36.5453
      ],
      [
        -7.1049,
        36.5192
      ],
      [
        -7.2769,
        36.4836
      ],
      [
        -7.4392,
        36.4389
      ],
      [
        -7.5899,
        36.3858
      ],
      [
        -7.7273,
        36.3247
      ],
      [
        -7.8497,
        36.2564
      ],
      [
        -7.9557,
        36.1817
      ],
      [
        -8.0443,
        36.1014
      ],
      [
        -8.1143,
        36.0166
      ],
      [
        -8.165,
        35.928
      ],
      [
        -8.1959,
        35.8368
      ],
      [
        -8.2067,
        35.7439
      ],
      [
        -8.1973,
        35.6504
      ],
      [
        -8.168,
        35.5572
      ],
      [
        -8.1191,
        35.4655
      ],
      [
        -8.0513,
        35.3761
      ],
      [
        -7.9654,
        35.29
      ],
      [
        -7.8625,
        35.2082
      ],
      [
        -7.7438,
        35.1314
      ],
      [
        -7.6107,
        35.0605
      ],
      [
        -7.4647,
        34.9963
      ],
      [
        -7.3074,
        34.9393
      ],
      [
        -7.1407,
        34.8902
      ],
      [
        -6.9663,
        34.8495
      ],
      [
        -6.7863,
        34.8176
      ],
      [
        -6.6024,
        34.7948
      ],
      [
        -6.4167,
        34.7813
      ],
      [
        -6.2311,
        34.7774
      ],
      [
        -6.0476,
        34.783
      ],
      [
        -5.8682,
        34.7981
      ],
      [
        -5.6946,
        34.8226
      ],
      [
        -5.5287,
        34.8561
      ],
      [
        -5.3722,
        34.8985
      ],
      [
        -5.2268,
        34.9492
      ],
      [
        -5.0938,
        35.0078
      ],
      [
        -4.9748,
        35.0735
      ],
      [
        -4.871,
        35.1459
      ],
      [
        -4.7835,
        35.224
      ],
      [
        -4.7131,
        35.3071
      ],
      [
        -4.6608,
        35.3943
      ],
      [
        -4.6271,
        35.4846
      ],
      [
        -4.6123,
        35.5771
      ],
      [
        -4.6168,
        35.6708
      ],
      [
        -4.6406,
        35.7647
      ],
      [
        -4.6835,
        35.8576
      ],
      [
        -4.745,
        35.9486
      ]
    ],
    [
      [
        -4.7547,
        36.0385
      ],
      [
        -4.8515,
        36.1227
      ],
      [
        -4.9647,
        36.202
      ],
      [
        -5.0931,
        36.2755
      ],
      [
        -5.2355,
        36.3423
      ],
      [
        -5.3901,
        36.4018
      ],
      [
        -5.5556,
        36.4531
      ],
      [
        -5.7299,
        36.4957
      ],
      [
        -5.9113,
        36.5291
      ],
      [
        -6.0977,
        36.5529
      ],
      [
        -6.287,
        36.5669
      ],
      [
        -6.4771,
        36.5708
      ],
      [
        -6.6658,
        36.5646
      ],
      [
        -6.851,
        36.5484
      ],
      [
        -7.0305,
        36.5225
      ],
      [
        -7.2023,
        36.487
      ],
      [
        -7.3643,
        36.4425
      ],
      [
        -7.5148,
        36.3894
      ],
      [
        -7.652,
        36.3284
      ],
      [
        -7.7742,
        36.2602
      ],
      [
        -7.8802,
        36.1855
      ],
      [
        -7.9686,
        36.1054
      ],
      [
        -8.0386,
        36.0205
      ],
      [
        -8.0893,
        35.932
      ],
      [
        -8.1203,
        35.8408
      ],
      [
        -8.1312,
        35.748
      ],
      [
        -8.1219,
        35.6544
      ],
      [
        -8.0927,
        35.5613
      ],
      [
        -8.0441,
        35.4695
      ],
      [
        -7.9765,
        35.38
      ],
      [
        -7.8908,
        35.2939
      ],
      [
        -7.7882,
        35.212
      ],
      [
        -7.6698,
        35.1351
      ],
      [
        -7.537,
        35.0642
      ],
      [
        -7.3913,
        34.9998
      ],
      [
        -7.2344,
        34.9427
      ],
      [
        -7.068,
        34.8935
      ],
      [
        -6.894,
        34.8527
      ],
      [
        -6.7142,
        34.8206
      ],
      [
        -6.5307,
        34.7977
      ],
      [
        -6.3453,
        34.7841
      ],
      [
        -6.1601,
        34.7801
      ],
      [
        -5.9769,
        34.7856
      ],
      [
        -5.7977,
        34.8006
      ],
      [
        -5.6244,
        34.8249
      ],
      [
        -5.4587,
        34.8584
      ],
      [
        -5.3025,
        34.9006
      ],
      [
        -5.1572,
        34.9513
      ],
      [
        -5.0244,
        35.0097
      ],
      [
        -4.9055,
        35.0754
      ],
      [
        -4.8018,
        35.1477
      ],
      [
        -4.7143,
        35.2258
      ],
      [
        -4.644,
        35.3088
      ],
      [
        -4.5917,
        35.396
      ],
      [
        -4.5579,
        35.4863
      ],
      [
        -4.5431,
        35.5788
      ],
      [
        -4.5475,
        35.6725
      ],
      [
        -4.5711,
        35.7663
      ],
      [
        -4.6138,
        35.8593
      ],
      [
        -4.6752,
        35.9504
      ]
    ],
    [
      [
        -4.6847,
        36.0402
      ],
      [
        -4.7813,
        36.1245
      ],
      [
        -4.8943,
        36.2039
      ],
      [
        -5.0224,
        36.2774
      ],
      [
        -5.1644,
        36.3444
      ],
      [
        -5.3188,
        36.4039
      ],
      [
        -5.4839,
        36.4554
      ],
      [
        -5.6579,
        36.4981
      ],
      [
        -5.8389,
        36.5316
      ],
      [
        -6.025,
        36.5555
      ],
      [
        -6.2139,
        36.5696
      ],
      [
        -6.4037,
        36.5736
      ],
      [
        -6.5921,
        36.5676
      ],
      [
        -6.777,
        36.5515
      ],
      [
        -6.9562,
        36.5257
      ],
      [
        -7.1277,
        36.4903
      ],
      [
        -7.2896,
        36.4459
      ],
      [
        -7.4399,
        36.3929
      ],
      [
        -7.5768,
        36.332
      ],
      [
        -7.699,
        36.2639
      ],
      [
        -7.8048,
        36.1894
      ],
      [
        -7.8932,
        36.1092
      ],
      [
        -7.9631,
        36.0245
      ],
      [
        -8.0139,
        35.936
      ],
      [
        -8.0448,
        35.8448
      ],
      [
        -8.0558,
        35.752
      ],
      [
        -8.0467,
        35.6584
      ],
      [
        -8.0177,
        35.5652
      ],
      [
        -7.9692,
        35.4734
      ],
      [
        -7.9018,
        35.3839
      ],
      [
        -7.8164,
        35.2977
      ],
      [
        -7.714,
        35.2157
      ],
      [
        -7.5959,
        35.1388
      ],
      [
        -7.4634,
        35.0677
      ],
      [
        -7.3181,
        35.0033
      ],
      [
        -7.1615,
        34.9461
      ],
      [
        -6.9955,
        34.8968
      ],
      [
        -6.8218,
        34.8558
      ],
      [
        -6.6424,
        34.8236
      ],
      [
        -6.4592,
        34.8006
      ],
      [
        -6.2741,
        34.7869
      ],
      [
        -6.0892,
        34.7827
      ],
      [
        -5.9063,
        34.7881
      ],
      [
        -5.7274,
        34.803
      ],
      [
        -5.5544,
        34.8272
      ],
      [
        -5.3889,
        34.8606
      ],
      [
        -5.2329,
        34.9027
      ],
      [
        -5.0878,
        34.9533
      ],
      [
        -4.9552,
        35.0116
      ],
      [
        -4.8364,
        35.0773
      ],
      [
        -4.7327,
        35.1495
      ],
      [
        -4.6453,
        35.2275
      ],
      [
        -4.575,
        35.3105
      ],
      [
        -4.5227,
        35.3976
      ],
      [
        -4.4888,
        35.4879
      ],
      [
        -4.474,
        35.5804
      ],
      [
        -4.4783,
        35.6741
      ],
      [
        -4.5018,
        35.768
      ],
      [
        -4.5443,
        35.861
      ],
      [
        -4.6055,
        35.9521
      ]
    ],
    [
      [
        -4.6149,
        36.0419
      ],
      [
        -4.7113,
        36.1262
      ],
      [
        -4.8239,
        36.2057
      ],
      [
        -4.9518,
        36.2793
      ],
      [
        -5.0935,
        36.3464
      ],
      [
        -5.2476,
        36.406
      ],
      [
        -5.4123,
        36.4575
      ],
      [
        -5.586,
        36.5004
      ],
      [
        -5.7667,
        36.534
      ],
      [
        -5.9524,
        36.5581
      ],
      [
        -6.1411,
        36.5723
      ],
      [
        -6.3305,
        36.5764
      ],
      [
        -6.5186,
        36.5705
      ],
      [
        -6.7032,
        36.5546
      ],
      [
        -6.8821,
        36.5288
      ],
      [
        -7.0534,
        36.4936
      ],
      [
        -7.215,
        36.4493
      ],
      [
        -7.3651,
        36.3964
      ],
      [
        -7.5019,
        36.3356
      ],
      [
        -7.6239,
        36.2676
      ],
      [
        -7.7296,
        36.1931
      ],
      [
        -7.8179,
        36.1131
      ],
      [
        -7.8878,
        36.0283
      ],
      [
        -7.9385,
        35.9399
      ],
      [
        -7.9696,
        35.8487
      ],
      [
        -7.9806,
        35.7559
      ],
      [
        -7.9716,
        35.6623
      ],
      [
        -7.9428,
        35.5691
      ],
      [
        -7.8944,
        35.4773
      ],
      [
        -7.8273,
        35.3877
      ],
      [
        -7.7421,
        35.3015
      ],
      [
        -7.6401,
        35.2194
      ],
      [
        -7.5222,
        35.1424
      ],
      [
        -7.39,
        35.0713
      ],
      [
        -7.245,
        35.0067
      ],
      [
        -7.0888,
        34.9494
      ],
      [
        -6.9231,
        34.9
      ],
      [
        -6.7497,
        34.8589
      ],
      [
        -6.5707,
        34.8266
      ],
      [
        -6.3878,
        34.8034
      ],
      [
        -6.2031,
        34.7896
      ],
      [
        -6.0184,
        34.7853
      ],
      [
        -5.8359,
        34.7905
      ],
      [
        -5.6572,
        34.8053
      ],
      [
        -5.4845,
        34.8294
      ],
      [
        -5.3193,
        34.8627
      ],
      [
        -5.1634,
        34.9048
      ],
      [
        -5.0185,
        34.9552
      ],
      [
        -4.886,
        35.0135
      ],
      [
        -4.7674,
        35.079
      ],
      [
        -4.6638,
        35.1512
      ],
      [
        -4.5764,
        35.2291
      ],
      [
        -4.5062,
        35.3121
      ],
      [
        -4.4538,
        35.3992
      ],
      [
        -4.4199,
        35.4895
      ],
      [
        -4.405,
        35.5819
      ],
      [
        -4.4092,
        35.6756
      ],
      [
        -4.4325,
        35.7695
      ],
      [
        -4.4749,
        35.8626
      ],
      [
        -4.5359,
        35.9537
      ]
    ],
    [
      [
        -4.5453,
        36.0435
      ],
      [
        -4.6414,
        36.1279
      ],
      [
        -4.7538,
        36.2074
      ],
      [
        -4.8813,
        36.2812
      ],
      [
        -5.0227,
        36.3483
      ],
      [
        -5.1765,
        36.408
      ],
      [
        -5.3409,
        36.4597
      ],
      [
        -5.5143,
        36.5026
      ],
      [
        -5.6947,
        36.5364
      ],
      [
        -5.88,
        36.5606
      ],
      [
        -6.0684,
        36.5749
      ],
      [
        -6.2575,
        36.5792
      ],
      [
        -6.4452,
        36.5734
      ],
      [
        -6.6295,
        36.5576
      ],
      [
        -6.8082,
        36.5319
      ],
      [
        -6.9792,
        36.4968
      ],
      [
        -7.1406,
        36.4526
      ],
      [
        -7.2905,
        36.3999
      ],
      [
        -7.4271,
        36.3391
      ],
      [
        -7.5489,
        36.2712
      ],
      [
        -7.6546,
        36.1968
      ],
      [
        -7.7428,
        36.1168
      ],
      [
        -7.8127,
        36.0321
      ],
      [
        -7.8634,
        35.9437
      ],
      [
        -7.8945,
        35.8526
      ],
      [
        -7.9056,
        35.7597
      ],
      [
        -7.8967,
        35.6662
      ],
      [
        -7.868,
        35.5729
      ],
      [
        -7.8199,
        35.481
      ],
      [
        -7.7529,
        35.3915
      ],
      [
        -7.6681,
        35.3052
      ],
      [
        -7.5662,
        35.223
      ],
      [
        -7.4487,
        35.1459
      ],
      [
        -7.3168,
        35.0747
      ],
      [
        -7.1721,
        35.01
      ],
      [
        -7.0162,
        34.9526
      ],
      [
        -6.8508,
        34.9031
      ],
      [
        -6.6778,
        34.8619
      ],
      [
        -6.4991,
        34.8295
      ],
      [
        -6.3166,
        34.8062
      ],
      [
        -6.1322,
        34.7922
      ],
      [
        -5.9479,
        34.7878
      ],
      [
        -5.7656,
        34.7929
      ],
      [
        -5.5872,
        34.8076
      ],
      [
        -5.4147,
        34.8316
      ],
      [
        -5.2497,
        34.8648
      ],
      [
        -5.0941,
        34.9067
      ],
      [
        -4.9494,
        34.9571
      ],
      [
        -4.817,
        35.0153
      ],
      [
        -4.6985,
        35.0808
      ],
      [
        -4.595,
        35.1528
      ],
      [
        -4.5077,
        35.2307
      ],
      [
        -4.4375,
        35.3137
      ],
      [
        -4.3851,
        35.4007
      ],
      [
        -4.3512,
        35.491
      ],
      [
        -4.3362,
        35.5834
      ],
      [
        -4.3402,
        35.6771
      ],
      [
        -4.3634,
        35.771
      ],
      [
        -4.4056,
        35.8641
      ],
      [
        -4.4664,
        35.9553
      ]
    ],
    [
      [
        -4.4757,
        36.0451
      ],
      [
        -4.5716,
        36.1295
      ],
      [
        -4.6837,
        36.2091
      ],
      [
        -4.811,
        36.2829
      ],
      [
        -4.9521,
        36.3502
      ],
      [
        -5.1056,
        36.41
      ],
      [
        -5.2697,
        36.4617
      ],
      [
        -5.4427,
        36.5048
      ],
      [
        -5.6228,
        36.5387
      ],
      [
        -5.8078,
        36.563
      ],
      [
        -5.9958,
        36.5774
      ],
      [
        -6.1846,
        36.5818
      ],
      [
        -6.372,
        36.5761
      ],
      [
        -6.556,
        36.5605
      ],
      [
        -6.7344,
        36.535
      ],
      [
        -6.9052,
        36.5
      ],
      [
        -7.0663,
        36.4559
      ],
      [
        -7.216,
        36.4032
      ],
      [
        -7.3525,
        36.3426
      ],
      [
        -7.4742,
        36.2747
      ],
      [
        -7.5797,
        36.2004
      ],
      [
        -7.6679,
        36.1205
      ],
      [
        -7.7377,
        36.0358
      ],
      [
        -7.7884,
        35.9475
      ],
      [
        -7.8196,
        35.8564
      ],
      [
        -7.8308,
        35.7635
      ],
      [
        -7.822,
        35.67
      ],
      [
        -7.7934,
        35.5767
      ],
      [
        -7.7455,
        35.4848
      ],
      [
        -7.6788,
        35.3951
      ],
      [
        -7.5941,
        35.3088
      ],
      [
        -7.4926,
        35.2266
      ],
      [
        -7.3753,
        35.1494
      ],
      [
        -7.2437,
        35.0781
      ],
      [
        -7.0994,
        35.0133
      ],
      [
        -6.9438,
        34.9558
      ],
      [
        -6.7788,
        34.9062
      ],
      [
        -6.6061,
        34.8648
      ],
      [
        -6.4277,
        34.8323
      ],
      [
        -6.2455,
        34.8089
      ],
      [
        -6.0614,
        34.7948
      ],
      [
        -5.8774,
        34.7903
      ],
      [
        -5.6954,
        34.7953
      ],
      [
        -5.5174,
        34.8098
      ],
      [
        -5.3451,
        34.8337
      ],
      [
        -5.1804,
        34.8668
      ],
      [
        -5.0249,
        34.9086
      ],
      [
        -4.8804,
        34.9589
      ],
      [
        -4.7482,
        35.017
      ],
      [
        -4.6298,
        35.0824
      ],
      [
        -4.5264,
        35.1544
      ],
      [
        -4.4391,
        35.2323
      ],
      [
        -4.3689,
        35.3152
      ],
      [
        -4.3165,
        35.4022
      ],
      [
        -4.2826,
        35.4924
      ],
      [
        -4.2674,
        35.5849
      ],
      [
        -4.2714,
        35.6786
      ],
      [
        -4.2945,
        35.7725
      ],
      [
        -4.3365,
        35.8656
      ],
      [
        -4.3971,
        35.9568
      ]
    ],
    [
      [
        -4.4063,
        36.0466
      ],
      [
        -4.5019,
        36.1311
      ],
      [
        -4.6138,
        36.2108
      ],
      [
        -4.7408,
        36.2847
      ],
      [
        -4.8816,
        36.352
      ],
      [
        -5.0348,
        36.4119
      ],
      [
        -5.1986,
        36.4637
      ],
      [
        -5.3713,
        36.5069
      ],
      [
        -5.551,
        36.5409
      ],
      [
        -5.7357,
        36.5653
      ],
      [
        -5.9234,
        36.5799
      ],
      [
        -6.1118,
        36.5844
      ],
      [
        -6.299,
        36.5789
      ],
      [
        -6.4827,
        36.5633
      ],
      [
        -6.6608,
        36.5379
      ],
      [
        -6.8313,
        36.5031
      ],
      [
        -6.9922,
        36.4591
      ],
      [
        -7.1417,
        36.4065
      ],
      [
        -7.278,
        36.346
      ],
      [
        -7.3995,
        36.2782
      ],
      [
        -7.505,
        36.2039
      ],
      [
        -7.5931,
        36.1241
      ],
      [
        -7.6629,
        36.0395
      ],
      [
        -7.7136,
        35.9512
      ],
      [
        -7.7448,
        35.8601
      ],
      [
        -7.7561,
        35.7672
      ],
      [
        -7.7474,
        35.6737
      ],
      [
        -7.719,
        35.5804
      ],
      [
        -7.6713,
        35.4884
      ],
      [
        -7.6048,
        35.3988
      ],
      [
        -7.5204,
        35.3123
      ],
      [
        -7.4191,
        35.2301
      ],
      [
        -7.3021,
        35.1528
      ],
      [
        -7.1708,
        35.0814
      ],
      [
        -7.0268,
        35.0165
      ],
      [
        -6.8715,
        34.9589
      ],
      [
        -6.7068,
        34.9092
      ],
      [
        -6.5345,
        34.8677
      ],
      [
        -6.3565,
        34.8351
      ],
      [
        -6.1746,
        34.8115
      ],
      [
        -5.9908,
        34.7973
      ],
      [
        -5.8071,
        34.7927
      ],
      [
        -5.6254,
        34.7976
      ],
      [
        -5.4477,
        34.812
      ],
      [
        -5.2756,
        34.8358
      ],
      [
        -5.1111,
        34.8687
      ],
      [
        -4.9559,
        34.9105
      ],
      [
        -4.8115,
        34.9607
      ],
      [
        -4.6795,
        35.0187
      ],
      [
        -4.5612,
        35.084
      ],
      [
        -4.4579,
        35.156
      ],
      [
        -4.3707,
        35.2338
      ],
      [
        -4.3005,
        35.3166
      ],
      [
        -4.2481,
        35.4036
      ],
      [
        -4.2141,
        35.4938
      ],
      [
        -4.1989,
        35.5863
      ],
      [
        -4.2027,
        35.68
      ],
      [
        -4.2257,
        35.7739
      ],
      [
        -4.2675,
        35.867
      ],
      [
        -4.3279,
        35.9583
      ]
    ],
    [
      [
        -4.3371,
        36.0481
      ],
      [
        -4.4325,
        36.1326
      ],
      [
        -4.5441,
        36.2123
      ],
      [
        -4.6708,
        36.2863
      ],
      [
        -4.8113,
        36.3537
      ],
      [
        -4.9641,
        36.4137
      ],
      [
        -5.1276,
        36.4657
      ],
      [
        -5.3,
        36.509
      ],
      [
        -5.4794,
        36.5431
      ],
      [
        -5.6638,
        36.5676
      ],
      [
        -5.8511,
        36.5823
      ],
      [
        -6.0393,
        36.587
      ],
      [
        -6.2261,
        36.5815
      ],
      [
        -6.4095,
        36.5661
      ],
      [
        -6.5874,
        36.5409
      ],
      [
        -6.7576,
        36.5061
      ],
      [
        -6.9183,
        36.4622
      ],
      [
        -7.0676,
        36.4097
      ],
      [
        -7.2037,
        36.3493
      ],
      [
        -7.3251,
        36.2816
      ],
      [
        -7.4304,
        36.2074
      ],
      [
        -7.5185,
        36.1276
      ],
      [
        -7.5882,
        36.0431
      ],
      [
        -7.639,
        35.9548
      ],
      [
        -7.6702,
        35.8637
      ],
      [
        -7.6816,
        35.7709
      ],
      [
        -7.6731,
        35.6773
      ],
      [
        -7.6448,
        35.584
      ],
      [
        -7.5972,
        35.492
      ],
      [
        -7.5309,
        35.4023
      ],
      [
        -7.4468,
        35.3158
      ],
      [
        -7.3457,
        35.2335
      ],
      [
        -7.2291,
        35.1562
      ],
      [
        -7.0981,
        35.0846
      ],
      [
        -6.9543,
        35.0197
      ],
      [
        -6.7994,
        34.962
      ],
      [
        -6.6351,
        34.9121
      ],
      [
        -6.4631,
        34.8705
      ],
      [
        -6.2854,
        34.8378
      ],
      [
        -6.1038,
        34.8141
      ],
      [
        -5.9204,
        34.7998
      ],
      [
        -5.737,
        34.795
      ],
      [
        -5.5556,
        34.7998
      ],
      [
        -5.3781,
        34.8141
      ],
      [
        -5.2063,
        34.8378
      ],
      [
        -5.042,
        34.8706
      ],
      [
        -4.887,
        34.9123
      ],
      [
        -4.7428,
        34.9624
      ],
      [
        -4.6109,
        35.0203
      ],
      [
        -4.4927,
        35.0856
      ],
      [
        -4.3895,
        35.1575
      ],
      [
        -4.3023,
        35.2352
      ],
      [
        -4.2322,
        35.318
      ],
      [
        -4.1797,
        35.4049
      ],
      [
        -4.1457,
        35.4951
      ],
      [
        -4.1304,
        35.5876
      ],
      [
        -4.1342,
        35.6813
      ],
      [
        -4.157,
        35.7752
      ],
      [
        -4.1987,
        35.8684
      ],
      [
        -4.2589,
        35.9597
      ]
    ],
    [
      [
        -4.268,
        36.0495
      ],
      [
        -4.3631,
        36.1341
      ],
      [
        -4.4745,
        36.2139
      ],
      [
        -4.6009,
        36.2879
      ],
      [
        -4.7411,
        36.3554
      ],
      [
        -4.8936,
        36.4155
      ],
      [
        -5.0568,
        36.4676
      ],
      [
        -5.2289,
        36.511
      ],
      [
        -5.4079,
        36.5452
      ],
      [
        -5.592,
        36.5699
      ],
      [
        -5.779,
        36.5847
      ],
      [
        -5.9668,
        36.5894
      ],
      [
        -6.1534,
        36.5841
      ],
      [
        -6.3365,
        36.5688
      ],
      [
        -6.5141,
        36.5437
      ],
      [
        -6.6841,
        36.509
      ],
      [
        -6.8445,
        36.4653
      ],
      [
        -6.9936,
        36.4129
      ],
      [
        -7.1296,
        36.3526
      ],
      [
        -7.2508,
        36.2849
      ],
      [
        -7.356,
        36.2108
      ],
      [
        -7.444,
        36.1311
      ],
      [
        -7.5138,
        36.0466
      ],
      [
        -7.5645,
        35.9583
      ],
      [
        -7.5958,
        35.8673
      ],
      [
        -7.6072,
        35.7745
      ],
      [
        -7.5988,
        35.6809
      ],
      [
        -7.5707,
        35.5876
      ],
      [
        -7.5233,
        35.4956
      ],
      [
        -7.4572,
        35.4058
      ],
      [
        -7.3733,
        35.3192
      ],
      [
        -7.2726,
        35.2368
      ],
      [
        -7.1562,
        35.1594
      ],
      [
        -7.0255,
        35.0878
      ],
      [
        -6.8821,
        35.0228
      ],
      [
        -6.7275,
        34.965
      ],
      [
        -6.5635,
        34.915
      ],
      [
        -6.3918,
        34.8733
      ],
      [
        -6.2144,
        34.8404
      ],
      [
        -6.0332,
        34.8166
      ],
      [
        -5.8501,
        34.8022
      ],
      [
        -5.667,
        34.7973
      ],
      [
        -5.4859,
        34.802
      ],
      [
        -5.3086,
        34.8161
      ],
      [
        -5.1371,
        34.8397
      ],
      [
        -4.9731,
        34.8725
      ],
      [
        -4.8182,
        34.914
      ],
      [
        -4.6742,
        34.964
      ],
      [
        -4.5425,
        35.0219
      ],
      [
        -4.4244,
        35.0871
      ],
      [
        -4.3213,
        35.1589
      ],
      [
        -4.2341,
        35.2366
      ],
      [
        -4.164,
        35.3193
      ],
      [
        -4.1116,
        35.4062
      ],
      [
        -4.0775,
        35.4964
      ],
      [
        -4.0621,
        35.5889
      ],
      [
        -4.0658,
        35.6826
      ],
      [
        -4.0885,
        35.7765
      ],
      [
        -4.13,
        35.8697
      ],
      [
        -4.19,
        35.961
      ]
    ],
    [
      [
        -4.199,
        36.0508
      ],
      [
        -4.2939,
        36.1355
      ],
      [
        -4.405,
        36.2153
      ],
      [
        -4.5311,
        36.2895
      ],
      [
        -4.6711,
        36.357
      ],
      [
        -4.8233,
        36.4173
      ],
      [
        -4.9861,
        36.4694
      ],
      [
        -5.1579,
        36.5129
      ],
      [
        -5.3366,
        36.5473
      ],
      [
        -5.5203,
        36.572
      ],
      [
        -5.707,
        36.587
      ],
      [
        -5.8945,
        36.5919
      ],
      [
        -6.0808,
        36.5867
      ],
      [
        -6.2636,
        36.5715
      ],
      [
        -6.4409,
        36.5465
      ],
      [
        -6.6107,
        36.5119
      ],
      [
        -6.7709,
        36.4683
      ],
      [
        -6.9198,
        36.416
      ],
      [
        -7.0556,
        36.3558
      ],
      [
        -7.1767,
        36.2882
      ],
      [
        -7.2818,
        36.2142
      ],
      [
        -7.3697,
        36.1345
      ],
      [
        -7.4395,
        36.0501
      ],
      [
        -7.4902,
        35.9618
      ],
      [
        -7.5215,
        35.8708
      ],
      [
        -7.5331,
        35.778
      ],
      [
        -7.5248,
        35.6844
      ],
      [
        -7.4968,
        35.5911
      ],
      [
        -7.4496,
        35.499
      ],
      [
        -7.3837,
        35.4092
      ],
      [
        -7.3,
        35.3226
      ],
      [
        -7.1995,
        35.2401
      ],
      [
        -7.0834,
        35.1626
      ],
      [
        -6.9531,
        35.0909
      ],
      [
        -6.81,
        35.0258
      ],
      [
        -6.6557,
        34.9679
      ],
      [
        -6.492,
        34.9178
      ],
      [
        -6.3207,
        34.876
      ],
      [
        -6.1436,
        34.843
      ],
      [
        -5.9627,
        34.8191
      ],
      [
        -5.7799,
        34.8046
      ],
      [
        -5.5971,
        34.7995
      ],
      [
        -5.4163,
        34.8041
      ],
      [
        -5.2393,
        34.8181
      ],
      [
        -5.0681,
        34.8416
      ],
      [
        -4.9043,
        34.8742
      ],
      [
        -4.7496,
        34.9157
      ],
      [
        -4.6057,
        34.9656
      ],
      [
        -4.4742,
        35.0234
      ],
      [
        -4.3562,
        35.0885
      ],
      [
        -4.2532,
        35.1603
      ],
      [
        -4.1661,
        35.2379
      ],
      [
        -4.096,
        35.3206
      ],
      [
        -4.0435,
        35.4075
      ],
      [
        -4.0094,
        35.4976
      ],
      [
        -3.994,
        35.5901
      ],
      [
        -3.9975,
        35.6838
      ],
      [
        -4.0201,
        35.7778
      ],
      [
        -4.0614,
        35.8709
      ],
      [
        -4.1212,
        35.9623
      ]
    ],
    [
      [
        -4.1301,
        36.0521
      ],
      [
        -4.2248,
        36.1368
      ],
      [
        -4.3356,
        36.2168
      ],
      [
        -4.4615,
        36.291
      ],
      [
        -4.6012,
        36.3586
      ],
      [
        -4.7531,
        36.4189
      ],
      [
        -4.9156,
        36.4712
      ],
      [
        -5.087,
        36.5148
      ],
      [
        -5.2654,
        36.5493
      ],
      [
        -5.4488,
        36.5742
      ],
      [
        -5.6352,
        36.5892
      ],
      [
        -5.8224,
        36.5942
      ],
      [
        -6.0084,
        36.5892
      ],
      [
        -6.1909,
        36.5741
      ],
      [
        -6.3679,
        36.5492
      ],
      [
        -6.5374,
        36.5148
      ],
      [
        -6.6975,
        36.4712
      ],
      [
        -6.8461,
        36.419
      ],
      [
        -6.9818,
        36.3589
      ],
      [
        -7.1028,
        36.2914
      ],
      [
        -7.2078,
        36.2175
      ],
      [
        -7.2956,
        36.1378
      ],
      [
        -7.3653,
        36.0535
      ],
      [
        -7.4161,
        35.9653
      ],
      [
        -7.4474,
        35.8743
      ],
      [
        -7.459,
        35.7815
      ],
      [
        -7.4509,
        35.6879
      ],
      [
        -7.4231,
        35.5945
      ],
      [
        -7.376,
        35.5024
      ],
      [
        -7.3104,
        35.4126
      ],
      [
        -7.2269,
        35.3259
      ],
      [
        -7.1267,
        35.2434
      ],
      [
        -7.0109,
        35.1658
      ],
      [
        -6.8808,
        35.094
      ],
      [
        -6.738,
        35.0288
      ],
      [
        -6.5841,
        34.9707
      ],
      [
        -6.4207,
        34.9205
      ],
      [
        -6.2497,
        34.8786
      ],
      [
        -6.073,
        34.8455
      ],
      [
        -5.8924,
        34.8215
      ],
      [
        -5.7099,
        34.8068
      ],
      [
        -5.5274,
        34.8017
      ],
      [
        -5.3469,
        34.8061
      ],
      [
        -5.1702,
        34.8201
      ],
      [
        -4.9992,
        34.8434
      ],
      [
        -4.8356,
        34.876
      ],
      [
        -4.6811,
        34.9174
      ],
      [
        -4.5374,
        34.9672
      ],
      [
        -4.406,
        35.0249
      ],
      [
        -4.2882,
        35.0899
      ],
      [
        -4.1852,
        35.1616
      ],
      [
        -4.0982,
        35.2392
      ],
      [
        -4.0281,
        35.3218
      ],
      [
        -3.9756,
        35.4087
      ],
      [
        -3.9414,
        35.4988
      ],
      [
        -3.9259,
        35.5912
      ],
      [
        -3.9294,
        35.685
      ],
      [
        -3.9518,
        35.7789
      ],
      [
        -3.993,
        35.8721
      ],
      [
        -4.0526,
        35.9635
      ]
    ],
    [
      [
        -4.0614,
        36.0533
      ],
      [
        -4.1558,
        36.1381
      ],
      [
        -4.2664,
        36.2181
      ],
      [
        -4.392,
        36.2924
      ],
      [
        -4.5314,
        36.3601
      ],
      [
        -4.683,
        36.4206
      ],
      [
        -4.8452,
        36.4729
      ],
      [
        -5.0163,
        36.5166
      ],
      [
        -5.1944,
        36.5512
      ],
      [
        -5.3775,
        36.5762
      ],
      [
        -5.5635,
        36.5914
      ],
      [
        -5.7504,
        36.5965
      ],
      [
        -5.9361,
        36.5916
      ],
      [
        -6.1183,
        36.5766
      ],
      [
        -6.2951,
        36.5518
      ],
      [
        -6.4644,
        36.5175
      ],
      [
        -6.6242,
        36.4741
      ],
      [
        -6.7726,
        36.422
      ],
      [
        -6.9081,
        36.362
      ],
      [
        -7.029,
        36.2946
      ],
      [
        -7.1339,
        36.2207
      ],
      [
        -7.2217,
        36.1411
      ],
      [
        -7.2913,
        36.0568
      ],
      [
        -7.3421,
        35.9686
      ],
      [
        -7.3735,
        35.8776
      ],
      [
        -7.3852,
        35.7848
      ],
      [
        -7.3771,
        35.6912
      ],
      [
        -7.3495,
        35.5979
      ],
      [
        -7.3026,
        35.5058
      ],
      [
        -7.2372,
        35.4158
      ],
      [
        -7.154,
        35.3291
      ],
      [
        -7.054,
        35.2465
      ],
      [
        -6.9385,
        35.1689
      ],
      [
        -6.8087,
        35.097
      ],
      [
        -6.6662,
        35.0317
      ],
      [
        -6.5126,
        34.9735
      ],
      [
        -6.3495,
        34.9232
      ],
      [
        -6.1789,
        34.8812
      ],
      [
        -6.0025,
        34.848
      ],
      [
        -5.8222,
        34.8238
      ],
      [
        -5.64,
        34.8091
      ],
      [
        -5.4579,
        34.8038
      ],
      [
        -5.2776,
        34.8081
      ],
      [
        -5.1012,
        34.822
      ],
      [
        -4.9304,
        34.8452
      ],
      [
        -4.767,
        34.8776
      ],
      [
        -4.6128,
        34.9189
      ],
      [
        -4.4693,
        34.9686
      ],
      [
        -4.338,
        35.0263
      ],
      [
        -4.2202,
        35.0912
      ],
      [
        -4.1174,
        35.1629
      ],
      [
        -4.0304,
        35.2404
      ],
      [
        -3.9603,
        35.323
      ],
      [
        -3.9078,
        35.4098
      ],
      [
        -3.8736,
        35.4999
      ],
      [
        -3.858,
        35.5923
      ],
      [
        -3.8614,
        35.6861
      ],
      [
        -3.8836,
        35.7801
      ],
      [
        -3.9247,
        35.8733
      ],
      [
        -3.9841,
        35.9647
      ]
    ],
    [
      [
        -3.9929,
        36.0545
      ],
      [
        -4.087,
        36.1394
      ],
      [
        -4.1974,
        36.2194
      ],
      [
        -4.3227,
        36.2938
      ],
      [
        -4.4618,
        36.3616
      ],
      [
        -4.613,
        36.4221
      ],
      [
        -4.775,
        36.4746
      ],
      [
        -4.9457,
        36.5184
      ],
      [
        -5.1235,
        36.5531
      ],
      [
        -5.3063,
        36.5782
      ],
      [
        -5.492,
        36.5935
      ],
      [
        -5.6786,
        36.5988
      ],
      [
        -5.8639,
        36.5939
      ],
      [
        -6.0459,
        36.5791
      ],
      [
        -6.2224,
        36.5544
      ],
      [
        -6.3914,
        36.5202
      ],
      [
        -6.551,
        36.4769
      ],
      [
        -6.6993,
        36.4249
      ],
      [
        -6.8346,
        36.365
      ],
      [
        -6.9553,
        36.2977
      ],
      [
        -7.0602,
        36.2238
      ],
      [
        -7.1479,
        36.1443
      ],
      [
        -7.2175,
        36.06
      ],
      [
        -7.2683,
        35.9719
      ],
      [
        -7.2997,
        35.881
      ],
      [
        -7.3115,
        35.7882
      ],
      [
        -7.3036,
        35.6946
      ],
      [
        -7.276,
        35.6012
      ],
      [
        -7.2294,
        35.509
      ],
      [
        -7.1641,
        35.4191
      ],
      [
        -7.0812,
        35.3323
      ],
      [
        -6.9815,
        35.2496
      ],
      [
        -6.8662,
        35.1719
      ],
      [
        -6.7367,
        35.0999
      ],
      [
        -6.5945,
        35.0345
      ],
      [
        -6.4412,
        34.9763
      ],
      [
        -6.2785,
        34.9258
      ],
      [
        -6.1082,
        34.8837
      ],
      [
        -5.9321,
        34.8504
      ],
      [
        -5.7522,
        34.8261
      ],
      [
        -5.5703,
        34.8112
      ],
      [
        -5.3885,
        34.8059
      ],
      [
        -5.2085,
        34.81
      ],
      [
        -5.0323,
        34.8238
      ],
      [
        -4.8618,
        34.8469
      ],
      [
        -4.6986,
        34.8793
      ],
      [
        -4.5446,
        34.9204
      ],
      [
        -4.4012,
        34.9701
      ],
      [
        -4.2701,
        35.0276
      ],
      [
        -4.1525,
        35.0925
      ],
      [
        -4.0497,
        35.1641
      ],
      [
        -3.9627,
        35.2415
      ],
      [
        -3.8927,
        35.3241
      ],
      [
        -3.8402,
        35.4109
      ],
      [
        -3.8059,
        35.501
      ],
      [
        -3.7903,
        35.5934
      ],
      [
        -3.7935,
        35.6871
      ],
      [
        -3.8156,
        35.7811
      ],
      [
        -3.8565,
        35.8744
      ],
      [
        -3.9158,
        35.9659
      ]
    ],
    [
      [
        -3.9244,
        36.0556
      ],
      [
        -4.0184,
        36.1405
      ],
      [
        -4.1284,
        36.2207
      ],
      [
        -4.2535,
        36.2951
      ],
      [
        -4.3923,
        36.363
      ],
      [
        -4.5432,
        36.4236
      ],
      [
        -4.7049,
        36.4762
      ],
      [
        -4.8753,
        36.5201
      ],
      [
        -5.0527,
        36.5549
      ],
      [
        -5.2352,
        36.5802
      ],
      [
        -5.4206,
        36.5955
      ],
      [
        -5.6069,
        36.6009
      ],
      [
        -5.792,
        36.5962
      ],
      [
        -5.9736,
        36.5815
      ],
      [
        -6.1499,
        36.557
      ],
      [
        -6.3187,
        36.5229
      ],
      [
        -6.478,
        36.4796
      ],
      [
        -6.6261,
        36.4278
      ],
      [
        -6.7612,
        36.3679
      ],
      [
        -6.8819,
        36.3007
      ],
      [
        -6.9866,
        36.2269
      ],
      [
        -7.0742,
        36.1475
      ],
      [
        -7.1438,
        36.0632
      ],
      [
        -7.1946,
        35.9752
      ],
      [
        -7.2261,
        35.8842
      ],
      [
        -7.238,
        35.7914
      ],
      [
        -7.2301,
        35.6978
      ],
      [
        -7.2028,
        35.6044
      ],
      [
        -7.1563,
        35.5122
      ],
      [
        -7.0913,
        35.4222
      ],
      [
        -7.0085,
        35.3354
      ],
      [
        -6.9091,
        35.2527
      ],
      [
        -6.7941,
        35.1748
      ],
      [
        -6.6649,
        35.1028
      ],
      [
        -6.523,
        35.0373
      ],
      [
        -6.3701,
        34.979
      ],
      [
        -6.2077,
        34.9284
      ],
      [
        -6.0377,
        34.8862
      ],
      [
        -5.8619,
        34.8527
      ],
      [
        -5.6823,
        34.8284
      ],
      [
        -5.5008,
        34.8133
      ],
      [
        -5.3192,
        34.8078
      ],
      [
        -5.1395,
        34.8119
      ],
      [
        -4.9636,
        34.8256
      ],
      [
        -4.7933,
        34.8486
      ],
      [
        -4.6304,
        34.8808
      ],
      [
        -4.4765,
        34.9219
      ],
      [
        -4.3333,
        34.9714
      ],
      [
        -4.2023,
        35.0289
      ],
      [
        -4.0848,
        35.0937
      ],
      [
        -3.9821,
        35.1652
      ],
      [
        -3.8952,
        35.2427
      ],
      [
        -3.8251,
        35.3252
      ],
      [
        -3.7727,
        35.4119
      ],
      [
        -3.7384,
        35.502
      ],
      [
        -3.7226,
        35.5944
      ],
      [
        -3.7258,
        35.6881
      ],
      [
        -3.7477,
        35.7822
      ],
      [
        -3.7885,
        35.8754
      ],
      [
        -3.8475,
        35.9669
      ]
    ],
    [
      [
        -3.8561,
        36.0567
      ],
      [
        -3.9498,
        36.1417
      ],
      [
        -4.0596,
        36.2219
      ],
      [
        -4.1844,
        36.2964
      ],
      [
        -4.3229,
        36.3644
      ],
      [
        -4.4736,
        36.4251
      ],
      [
        -4.6349,
        36.4777
      ],
      [
        -4.805,
        36.5218
      ],
      [
        -4.9821,
        36.5567
      ],
      [
        -5.1643,
        36.582
      ],
      [
        -5.3494,
        36.5975
      ],
      [
        -5.5354,
        36.603
      ],
      [
        -5.7201,
        36.5985
      ],
      [
        -5.9015,
        36.5839
      ],
      [
        -6.0775,
        36.5594
      ],
      [
        -6.2461,
        36.5255
      ],
      [
        -6.4052,
        36.4823
      ],
      [
        -6.5531,
        36.4306
      ],
      [
        -6.6881,
        36.3708
      ],
      [
        -6.8085,
        36.3036
      ],
      [
        -6.9132,
        36.23
      ],
      [
        -7.0008,
        36.1506
      ],
      [
        -7.0703,
        36.0664
      ],
      [
        -7.1211,
        35.9783
      ],
      [
        -7.1527,
        35.8874
      ],
      [
        -7.1646,
        35.7946
      ],
      [
        -7.1569,
        35.701
      ],
      [
        -7.1297,
        35.6076
      ],
      [
        -7.0834,
        35.5154
      ],
      [
        -7.0185,
        35.4253
      ],
      [
        -6.936,
        35.3384
      ],
      [
        -6.8369,
        35.2556
      ],
      [
        -6.7222,
        35.1777
      ],
      [
        -6.5933,
        35.1056
      ],
      [
        -6.4517,
        35.04
      ],
      [
        -6.299,
        34.9816
      ],
      [
        -6.137,
        34.9309
      ],
      [
        -5.9673,
        34.8886
      ],
      [
        -5.7919,
        34.855
      ],
      [
        -5.6126,
        34.8305
      ],
      [
        -5.4313,
        34.8154
      ],
      [
        -5.25,
        34.8098
      ],
      [
        -5.0706,
        34.8137
      ],
      [
        -4.895,
        34.8273
      ],
      [
        -4.7249,
        34.8502
      ],
      [
        -4.5622,
        34.8823
      ],
      [
        -4.4086,
        34.9233
      ],
      [
        -4.2656,
        34.9728
      ],
      [
        -4.1347,
        35.0302
      ],
      [
        -4.0173,
        35.0949
      ],
      [
        -3.9146,
        35.1663
      ],
      [
        -3.8278,
        35.2437
      ],
      [
        -3.7578,
        35.3262
      ],
      [
        -3.7053,
        35.4129
      ],
      [
        -3.6709,
        35.503
      ],
      [
        -3.6551,
        35.5954
      ],
      [
        -3.6581,
        35.6891
      ],
      [
        -3.68,
        35.7831
      ],
      [
        -3.7205,
        35.8764
      ],
      [
        -3.7794,
        35.968
      ]
    ],
    [
      [
        -3.7879,
        36.0577
      ],
      [
        -3.8814,
        36.1427
      ],
      [
        -3.991,
        36.223
      ],
      [
        -4.1155,
        36.2976
      ],
      [
        -4.2537,
        36.3657
      ],
      [
        -4.4041,
        36.4265
      ],
      [
        -4.565,
        36.4792
      ],
      [
        -4.7349,
        36.5234
      ],
      [
        -4.9117,
        36.5584
      ],
      [
        -5.0935,
        36.5839
      ],
      [
        -5.2783,
        36.5995
      ],
      [
        -5.464,
        36.6051
      ],
      [
        -5.6484,
        36.6006
      ],
      [
        -5.8296,
        36.5862
      ],
      [
        -6.0053,
        36.5618
      ],
      [
        -6.1736,
        36.528
      ],
      [
        -6.3325,
        36.4849
      ],
      [
        -6.4802,
        36.4333
      ],
      [
        -6.615,
        36.3736
      ],
      [
        -6.7354,
        36.3065
      ],
      [
        -6.8399,
        36.2329
      ],
      [
        -6.9274,
        36.1536
      ],
      [
        -6.997,
        36.0694
      ],
      [
        -7.0478,
        35.9814
      ],
      [
        -7.0794,
        35.8905
      ],
      [
        -7.0914,
        35.7978
      ],
      [
        -7.0838,
        35.7041
      ],
      [
        -7.0567,
        35.6107
      ],
      [
        -7.0106,
        35.5184
      ],
      [
        -6.946,
        35.4284
      ],
      [
        -6.8637,
        35.3414
      ],
      [
        -6.7648,
        35.2585
      ],
      [
        -6.6504,
        35.1806
      ],
      [
        -6.5218,
        35.1084
      ],
      [
        -6.3805,
        35.0427
      ],
      [
        -6.2282,
        34.9841
      ],
      [
        -6.0664,
        34.9334
      ],
      [
        -5.8971,
        34.8909
      ],
      [
        -5.722,
        34.8572
      ],
      [
        -5.543,
        34.8326
      ],
      [
        -5.362,
        34.8174
      ],
      [
        -5.181,
        34.8117
      ],
      [
        -5.0019,
        34.8155
      ],
      [
        -4.8265,
        34.8289
      ],
      [
        -4.6567,
        34.8517
      ],
      [
        -4.4942,
        34.8838
      ],
      [
        -4.3408,
        34.9247
      ],
      [
        -4.1979,
        34.974
      ],
      [
        -4.0672,
        35.0313
      ],
      [
        -3.9499,
        35.096
      ],
      [
        -3.8473,
        35.1674
      ],
      [
        -3.7606,
        35.2447
      ],
      [
        -3.6905,
        35.3272
      ],
      [
        -3.638,
        35.4139
      ],
      [
        -3.6036,
        35.5039
      ],
      [
        -3.5878,
        35.5963
      ],
      [
        -3.5907,
        35.69
      ],
      [
        -3.6124,
        35.784
      ],
      [
        -3.6528,
        35.8774
      ],
      [
        -3.7115,
        35.9689
      ]
    ],
    [
      [
        -3.7199,
        36.0587
      ],
      [
        -3.8131,
        36.1438
      ],
      [
        -3.9224,
        36.2241
      ],
      [
        -4.0467,
        36.2988
      ],
      [
        -4.1846,
        36.3669
      ],
      [
        -4.3347,
        36.4278
      ],
      [
        -4.4954,
        36.4807
      ],
      [
        -4.6649,
        36.5249
      ],
      [
        -4.8414,
        36.56
      ],
      [
        -5.0229,
        36.5856
      ],
      [
        -5.2073,
        36.6014
      ],
      [
        -5.3927,
        36.6071
      ],
      [
        -5.5769,
        36.6028
      ],
      [
        -5.7577,
        36.5884
      ],
      [
        -5.9332,
        36.5642
      ],
      [
        -6.1013,
        36.5304
      ],
      [
        -6.26,
        36.4875
      ],
      [
        -6.4075,
        36.4359
      ],
      [
        -6.5421,
        36.3763
      ],
      [
        -6.6624,
        36.3094
      ],
      [
        -6.7668,
        36.2358
      ],
      [
        -6.8543,
        36.1565
      ],
      [
        -6.9238,
        36.0724
      ],
      [
        -6.9746,
        35.9845
      ],
      [
        -7.0062,
        35.8936
      ],
      [
        -7.0183,
        35.8008
      ],
      [
        -7.0109,
        35.7072
      ],
      [
        -6.9839,
        35.6137
      ],
      [
        -6.938,
        35.5215
      ],
      [
        -6.8736,
        35.4313
      ],
      [
        -6.7915,
        35.3443
      ],
      [
        -6.6929,
        35.2614
      ],
      [
        -6.5787,
        35.1834
      ],
      [
        -6.4504,
        35.1111
      ],
      [
        -6.3095,
        35.0452
      ],
      [
        -6.1574,
        34.9866
      ],
      [
        -5.996,
        34.9358
      ],
      [
        -5.827,
        34.8932
      ],
      [
        -5.6522,
        34.8594
      ],
      [
        -5.4735,
        34.8347
      ],
      [
        -5.2929,
        34.8193
      ],
      [
        -5.1122,
        34.8135
      ],
      [
        -4.9333,
        34.8172
      ],
      [
        -4.7582,
        34.8305
      ],
      [
        -4.5886,
        34.8532
      ],
      [
        -4.4264,
        34.8852
      ],
      [
        -4.2731,
        34.926
      ],
      [
        -4.1304,
        34.9752
      ],
      [
        -3.9998,
        35.0325
      ],
      [
        -3.8826,
        35.0971
      ],
      [
        -3.7802,
        35.1684
      ],
      [
        -3.6934,
        35.2457
      ],
      [
        -3.6234,
        35.3281
      ],
      [
        -3.5709,
        35.4147
      ],
      [
        -3.5364,
        35.5047
      ],
      [
        -3.5205,
        35.5971
      ],
      [
        -3.5233,
        35.6908
      ],
      [
        -3.5449,
        35.7849
      ],
      [
        -3.5851,
        35.8782
      ],
      [
        -3.6436,
        35.9698
      ]
    ],
    [
      [
        -3.652,
        36.0596
      ],
      [
        -3.745,
        36.1447
      ],
      [
        -3.854,
        36.2251
      ],
      [
        -3.978,
        36.2999
      ],
      [
        -4.1156,
        36.3681
      ],
      [
        -4.2654,
        36.4291
      ],
      [
        -4.4258,
        36.482
      ],
      [
        -4.595,
        36.5264
      ],
      [
        -4.7712,
        36.5616
      ],
      [
        -4.9524,
        36.5873
      ],
      [
        -5.1365,
        36.6032
      ],
      [
        -5.3216,
        36.609
      ],
      [
        -5.5055,
        36.6048
      ],
      [
        -5.6861,
        36.5906
      ],
      [
        -5.8613,
        36.5665
      ],
      [
        -6.0291,
        36.5328
      ],
      [
        -6.1876,
        36.49
      ],
      [
        -6.3349,
        36.4385
      ],
      [
        -6.4694,
        36.379
      ],
      [
        -6.5895,
        36.3121
      ],
      [
        -6.6939,
        36.2387
      ],
      [
        -6.7813,
        36.1594
      ],
      [
        -6.8508,
        36.0754
      ],
      [
        -6.9016,
        35.9874
      ],
      [
        -6.9333,
        35.8966
      ],
      [
        -6.9454,
        35.8038
      ],
      [
        -6.9381,
        35.7102
      ],
      [
        -6.9113,
        35.6167
      ],
      [
        -6.8655,
        35.5244
      ],
      [
        -6.8013,
        35.4342
      ],
      [
        -6.7195,
        35.3472
      ],
      [
        -6.6211,
        35.2642
      ],
      [
        -6.5072,
        35.1861
      ],
      [
        -6.3792,
        35.1137
      ],
      [
        -6.2386,
        35.0478
      ],
      [
        -6.0868,
        34.989
      ],
      [
        -5.9257,
        34.9381
      ],
      [
        -5.757,
        34.8954
      ],
      [
        -5.5826,
        34.8615
      ],
      [
        -5.4042,
        34.8367
      ],
      [
        -5.2239,
        34.8212
      ],
      [
        -5.0435,
        34.8152
      ],
      [
        -4.8649,
        34.8189
      ],
      [
        -4.69,
        34.8321
      ],
      [
        -4.5207,
        34.8547
      ],
      [
        -4.3587,
        34.8865
      ],
      [
        -4.2056,
        34.9272
      ],
      [
        -4.0631,
        34.9764
      ],
      [
        -3.9326,
        35.0336
      ],
      [
        -3.8155,
        35.0981
      ],
      [
        -3.7131,
        35.1693
      ],
      [
        -3.6264,
        35.2465
      ],
      [
        -3.5564,
        35.3289
      ],
      [
        -3.5039,
        35.4155
      ],
      [
        -3.4694,
        35.5055
      ],
      [
        -3.4534,
        35.5979
      ],
      [
        -3.4561,
        35.6916
      ],
      [
        -3.4775,
        35.7857
      ],
      [
        -3.5176,
        35.8791
      ],
      [
        -3.5759,
        35.9707
      ]
    ],
    [
      [
        -3.5842,
        36.0605
      ],
      [
        -3.677,
        36.1456
      ],
      [
        -3.7858,
        36.2261
      ],
      [
        -3.9095,
        36.3009
      ],
      [
        -4.0468,
        36.3692
      ],
      [
        -4.1963,
        36.4303
      ],
      [
        -4.3564,
        36.4834
      ],
      [
        -4.5253,
        36.5278
      ],
      [
        -4.7011,
        36.5632
      ],
      [
        -4.882,
        36.589
      ],
      [
        -5.0659,
        36.605
      ],
      [
        -5.2507,
        36.6109
      ],
      [
        -5.4343,
        36.6068
      ],
      [
        -5.6146,
        36.5927
      ],
      [
        -5.7895,
        36.5687
      ],
      [
        -5.9571,
        36.5352
      ],
      [
        -6.1154,
        36.4925
      ],
      [
        -6.2625,
        36.4411
      ],
      [
        -6.3968,
        36.3816
      ],
      [
        -6.5168,
        36.3148
      ],
      [
        -6.6211,
        36.2414
      ],
      [
        -6.7084,
        36.1623
      ],
      [
        -6.7779,
        36.0783
      ],
      [
        -6.8287,
        35.9903
      ],
      [
        -6.8605,
        35.8995
      ],
      [
        -6.8727,
        35.8068
      ],
      [
        -6.8654,
        35.7131
      ],
      [
        -6.8388,
        35.6196
      ],
      [
        -6.7932,
        35.5273
      ],
      [
        -6.7292,
        35.4371
      ],
      [
        -6.6477,
        35.35
      ],
      [
        -6.5495,
        35.2669
      ],
      [
        -6.4359,
        35.1887
      ],
      [
        -6.3082,
        35.1162
      ],
      [
        -6.1678,
        35.0503
      ],
      [
        -6.0164,
        34.9914
      ],
      [
        -5.8556,
        34.9404
      ],
      [
        -5.6872,
        34.8976
      ],
      [
        -5.5131,
        34.8636
      ],
      [
        -5.335,
        34.8386
      ],
      [
        -5.155,
        34.823
      ],
      [
        -4.9749,
        34.817
      ],
      [
        -4.7966,
        34.8205
      ],
      [
        -4.622,
        34.8336
      ],
      [
        -4.4529,
        34.8561
      ],
      [
        -4.2911,
        34.8878
      ],
      [
        -4.1382,
        34.9284
      ],
      [
        -3.9958,
        34.9775
      ],
      [
        -3.8655,
        35.0346
      ],
      [
        -3.7485,
        35.099
      ],
      [
        -3.6462,
        35.1702
      ],
      [
        -3.5596,
        35.2474
      ],
      [
        -3.4896,
        35.3297
      ],
      [
        -3.437,
        35.4163
      ],
      [
        -3.4025,
        35.5063
      ],
      [
        -3.3864,
        35.5986
      ],
      [
        -3.389,
        35.6924
      ],
      [
        -3.4103,
        35.7864
      ],
      [
        -3.4502,
        35.8798
      ],
      [
        -3.5084,
        35.9715
      ]
    ],
    [
      [
        -3.5165,
        36.0613
      ],
      [
        -3.6091,
        36.1465
      ],
      [
        -3.7176,
        36.227
      ],
      [
        -3.8411,
        36.3019
      ],
      [
        -3.9781,
        36.3703
      ],
      [
        -4.1273,
        36.4315
      ],
      [
        -4.2871,
        36.4846
      ],
      [
        -4.4557,
        36.5292
      ],
      [
        -4.6312,
        36.5646
      ],
      [
        -4.8118,
        36.5906
      ],
      [
        -4.9954,
        36.6067
      ],
      [
        -5.1798,
        36.6128
      ],
      [
        -5.3631,
        36.6088
      ],
      [
        -5.5432,
        36.5948
      ],
      [
        -5.7179,
        36.5709
      ],
      [
        -5.8852,
        36.5374
      ],
      [
        -6.0433,
        36.4948
      ],
      [
        -6.1903,
        36.4436
      ],
      [
        -6.3244,
        36.3842
      ],
      [
        -6.4443,
        36.3175
      ],
      [
        -6.5484,
        36.2441
      ],
      [
        -6.6357,
        36.165
      ],
      [
        -6.7052,
        36.0811
      ],
      [
        -6.756,
        35.9932
      ],
      [
        -6.7878,
        35.9024
      ],
      [
        -6.8001,
        35.8097
      ],
      [
        -6.793,
        35.716
      ],
      [
        -6.7665,
        35.6225
      ],
      [
        -6.7211,
        35.5301
      ],
      [
        -6.6573,
        35.4399
      ],
      [
        -6.576,
        35.3527
      ],
      [
        -6.478,
        35.2696
      ],
      [
        -6.3647,
        35.1913
      ],
      [
        -6.2373,
        35.1188
      ],
      [
        -6.0972,
        35.0527
      ],
      [
        -5.9461,
        34.9937
      ],
      [
        -5.7857,
        34.9426
      ],
      [
        -5.6176,
        34.8997
      ],
      [
        -5.4437,
        34.8655
      ],
      [
        -5.266,
        34.8405
      ],
      [
        -5.0863,
        34.8248
      ],
      [
        -4.9065,
        34.8186
      ],
      [
        -4.7284,
        34.822
      ],
      [
        -4.5541,
        34.835
      ],
      [
        -4.3852,
        34.8574
      ],
      [
        -4.2236,
        34.889
      ],
      [
        -4.0709,
        34.9295
      ],
      [
        -3.9287,
        34.9786
      ],
      [
        -3.7985,
        35.0356
      ],
      [
        -3.6817,
        35.1
      ],
      [
        -3.5794,
        35.1711
      ],
      [
        -3.4928,
        35.2482
      ],
      [
        -3.4229,
        35.3305
      ],
      [
        -3.3703,
        35.417
      ],
      [
        -3.3357,
        35.507
      ],
      [
        -3.3195,
        35.5993
      ],
      [
        -3.322,
        35.693
      ],
      [
        -3.3432,
        35.7871
      ],
      [
        -3.383,
        35.8806
      ],
      [
        -3.4409,
        35.9723
      ]
    ],
    [
      [
        -3.449,
        36.062
      ],
      [
        -3.5413,
        36.1473
      ],
      [
        -3.6496,
        36.2279
      ],
      [
        -3.7728,
        36.3029
      ],
      [
        -3.9096,
        36.3714
      ],
      [
        -4.0585,
        36.4326
      ],
      [
        -4.2179,
        36.4858
      ],
      [
        -4.3862,
        36.5305
      ],
      [
        -4.5615,
        36.5661
      ],
      [
        -4.7417,
        36.5921
      ],
      [
        -4.925,
        36.6083
      ],
      [
        -5.1092,
        36.6145
      ],
      [
        -5.2922,
        36.6106
      ],
      [
        -5.4719,
        36.5967
      ],
      [
        -5.6464,
        36.573
      ],
      [
        -5.8135,
        36.5397
      ],
      [
        -5.9714,
        36.4971
      ],
      [
        -6.1181,
        36.446
      ],
      [
        -6.2522,
        36.3867
      ],
      [
        -6.3719,
        36.3201
      ],
      [
        -6.4759,
        36.2468
      ],
      [
        -6.5632,
        36.1677
      ],
      [
        -6.6326,
        36.0838
      ],
      [
        -6.6835,
        35.996
      ],
      [
        -6.7153,
        35.9052
      ],
      [
        -6.7277,
        35.8125
      ],
      [
        -6.7207,
        35.7188
      ],
      [
        -6.6943,
        35.6253
      ],
      [
        -6.6491,
        35.5329
      ],
      [
        -6.5855,
        35.4426
      ],
      [
        -6.5044,
        35.3554
      ],
      [
        -6.4067,
        35.2722
      ],
      [
        -6.2937,
        35.1938
      ],
      [
        -6.1665,
        35.1212
      ],
      [
        -6.0268,
        35.055
      ],
      [
        -5.876,
        34.996
      ],
      [
        -5.7158,
        34.9447
      ],
      [
        -5.5481,
        34.9017
      ],
      [
        -5.3745,
        34.8675
      ],
      [
        -5.1971,
        34.8423
      ],
      [
        -5.0177,
        34.8265
      ],
      [
        -4.8382,
        34.8202
      ],
      [
        -4.6604,
        34.8235
      ],
      [
        -4.4863,
        34.8364
      ],
      [
        -4.3177,
        34.8587
      ],
      [
        -4.1563,
        34.8902
      ],
      [
        -4.0038,
        34.9306
      ],
      [
        -3.8617,
        34.9796
      ],
      [
        -3.7317,
        35.0365
      ],
      [
        -3.6149,
        35.1008
      ],
      [
        -3.5127,
        35.1719
      ],
      [
        -3.4262,
        35.2489
      ],
      [
        -3.3563,
        35.3312
      ],
      [
        -3.3037,
        35.4177
      ],
      [
        -3.269,
        35.5076
      ],
      [
        -3.2528,
        35.5999
      ],
      [
        -3.2552,
        35.6937
      ],
      [
        -3.2762,
        35.7878
      ],
      [
        -3.3158,
        35.8812
      ],
      [
        -3.3736,
        35.973
      ]
    ],
    [
      [
        -3.3816,
        36.0627
      ],
      [
        -3.4737,
        36.148
      ],
      [
        -3.5817,
        36.2287
      ],
      [
        -3.7047,
        36.3037
      ],
      [
        -3.8411,
        36.3723
      ],
      [
        -3.9898,
        36.4336
      ],
      [
        -4.1489,
        36.487
      ],
      [
        -4.3169,
        36.5318
      ],
      [
        -4.4918,
        36.5674
      ],
      [
        -4.6718,
        36.5936
      ],
      [
        -4.8547,
        36.6099
      ],
      [
        -5.0386,
        36.6162
      ],
      [
        -5.2214,
        36.6125
      ],
      [
        -5.4009,
        36.5987
      ],
      [
        -5.575,
        36.575
      ],
      [
        -5.7419,
        36.5418
      ],
      [
        -5.8996,
        36.4994
      ],
      [
        -6.0462,
        36.4483
      ],
      [
        -6.18,
        36.3891
      ],
      [
        -6.2996,
        36.3226
      ],
      [
        -6.4036,
        36.2494
      ],
      [
        -6.4908,
        36.1704
      ],
      [
        -6.5602,
        36.0865
      ],
      [
        -6.6111,
        35.9987
      ],
      [
        -6.6429,
        35.9079
      ],
      [
        -6.6554,
        35.8152
      ],
      [
        -6.6485,
        35.7216
      ],
      [
        -6.6223,
        35.628
      ],
      [
        -6.5772,
        35.5356
      ],
      [
        -6.5139,
        35.4452
      ],
      [
        -6.433,
        35.358
      ],
      [
        -6.3356,
        35.2747
      ],
      [
        -6.2228,
        35.1963
      ],
      [
        -6.0959,
        35.1236
      ],
      [
        -5.9565,
        35.0573
      ],
      [
        -5.806,
        34.9982
      ],
      [
        -5.6461,
        34.9468
      ],
      [
        -5.4787,
        34.9037
      ],
      [
        -5.3055,
        34.8694
      ],
      [
        -5.1284,
        34.8441
      ],
      [
        -4.9492,
        34.8282
      ],
      [
        -4.77,
        34.8217
      ],
      [
        -4.5925,
        34.8249
      ],
      [
        -4.4187,
        34.8377
      ],
      [
        -4.2503,
        34.8599
      ],
      [
        -4.0891,
        34.8913
      ],
      [
        -3.9367,
        34.9317
      ],
      [
        -3.7949,
        34.9805
      ],
      [
        -3.6649,
        35.0373
      ],
      [
        -3.5483,
        35.1016
      ],
      [
        -3.4462,
        35.1726
      ],
      [
        -3.3597,
        35.2496
      ],
      [
        -3.2898,
        35.3318
      ],
      [
        -3.2372,
        35.4183
      ],
      [
        -3.2025,
        35.5082
      ],
      [
        -3.1862,
        35.6005
      ],
      [
        -3.1885,
        35.6943
      ],
      [
        -3.2094,
        35.7884
      ],
      [
        -3.2488,
        35.8819
      ],
      [
        -3.3064,
        35.9736
      ]
    ],
    [
      [
        -3.3143,
        36.0633
      ],
      [
        -3.4062,
        36.1487
      ],
      [
        -3.514,
        36.2295
      ],
      [
        -3.6366,
        36.3046
      ],
      [
        -3.7729,
        36.3732
      ],
      [
        -3.9212,
        36.4347
      ],
      [
        -4.0801,
        36.4881
      ],
      [
        -4.2477,
        36.533
      ],
      [
        -4.4223,
        36.5688
      ],
      [
        -4.602,
        36.595
      ],
      [
        -4.7846,
        36.6115
      ],
      [
        -4.9682,
        36.6179
      ],
      [
        -5.1507,
        36.6142
      ],
      [
        -5.3299,
        36.6006
      ],
      [
        -5.5039,
        36.577
      ],
      [
        -5.6705,
        36.5439
      ],
      [
        -5.8279,
        36.5016
      ],
      [
        -5.9744,
        36.4506
      ],
      [
        -6.1081,
        36.3915
      ],
      [
        -6.2276,
        36.325
      ],
      [
        -6.3314,
        36.2519
      ],
      [
        -6.4185,
        36.173
      ],
      [
        -6.4879,
        36.0892
      ],
      [
        -6.5388,
        36.0014
      ],
      [
        -6.5707,
        35.9106
      ],
      [
        -6.5833,
        35.8179
      ],
      [
        -6.5765,
        35.7243
      ],
      [
        -6.5505,
        35.6307
      ],
      [
        -6.5056,
        35.5382
      ],
      [
        -6.4424,
        35.4478
      ],
      [
        -6.3617,
        35.3605
      ],
      [
        -6.2646,
        35.2772
      ],
      [
        -6.152,
        35.1987
      ],
      [
        -6.0255,
        35.1259
      ],
      [
        -5.8863,
        35.0596
      ],
      [
        -5.7361,
        35.0003
      ],
      [
        -5.5766,
        34.9489
      ],
      [
        -5.4095,
        34.9057
      ],
      [
        -5.2366,
        34.8712
      ],
      [
        -5.0598,
        34.8458
      ],
      [
        -4.8809,
        34.8298
      ],
      [
        -4.702,
        34.8232
      ],
      [
        -4.5248,
        34.8263
      ],
      [
        -4.3512,
        34.839
      ],
      [
        -4.183,
        34.8611
      ],
      [
        -4.022,
        34.8924
      ],
      [
        -3.8699,
        34.9326
      ],
      [
        -3.7282,
        34.9814
      ],
      [
        -3.5984,
        35.0382
      ],
      [
        -3.4818,
        35.1023
      ],
      [
        -3.3798,
        35.1733
      ],
      [
        -3.2933,
        35.2502
      ],
      [
        -3.2234,
        35.3324
      ],
      [
        -3.1708,
        35.4189
      ],
      [
        -3.1361,
        35.5088
      ],
      [
        -3.1197,
        35.6011
      ],
      [
        -3.1219,
        35.6948
      ],
      [
        -3.1427,
        35.7889
      ],
      [
        -3.1819,
        35.8824
      ],
      [
        -3.2393,
        35.9742
      ]
    ],
    [
      [
        -3.2472,
        36.0639
      ],
      [
        -3.3388,
        36.1494
      ],
      [
        -3.4464,
        36.2302
      ],
      [
        -3.5688,
        36.3054
      ],
      [
        -3.7047,
        36.3741
      ],
      [
        -3.8527,
        36.4356
      ],
      [
        -4.0113,
        36.4892
      ],
      [
        -4.1787,
        36.5341
      ],
      [
        -4.353,
        36.57
      ],
      [
        -4.5323,
        36.5964
      ],
      [
        -4.7147,
        36.6129
      ],
      [
        -4.898,
        36.6195
      ],
      [
        -5.0802,
        36.6159
      ],
      [
        -5.2591,
        36.6024
      ],
      [
        -5.4328,
        36.579
      ],
      [
        -5.5992,
        36.546
      ],
      [
        -5.7565,
        36.5037
      ],
      [
        -5.9027,
        36.4528
      ],
      [
        -6.0363,
        36.3938
      ],
      [
        -6.1556,
        36.3274
      ],
      [
        -6.2594,
        36.2544
      ],
      [
        -6.3465,
        36.1755
      ],
      [
        -6.4158,
        36.0917
      ],
      [
        -6.4667,
        36.004
      ],
      [
        -6.4987,
        35.9132
      ],
      [
        -6.5113,
        35.8205
      ],
      [
        -6.5046,
        35.7269
      ],
      [
        -6.4787,
        35.6333
      ],
      [
        -6.434,
        35.5408
      ],
      [
        -6.371,
        35.4504
      ],
      [
        -6.2906,
        35.363
      ],
      [
        -6.1937,
        35.2796
      ],
      [
        -6.0815,
        35.2011
      ],
      [
        -5.9552,
        35.1282
      ],
      [
        -5.8163,
        35.0617
      ],
      [
        -5.6664,
        35.0024
      ],
      [
        -5.5072,
        34.9508
      ],
      [
        -5.3404,
        34.9075
      ],
      [
        -5.1678,
        34.8729
      ],
      [
        -4.9913,
        34.8474
      ],
      [
        -4.8127,
        34.8313
      ],
      [
        -4.6341,
        34.8247
      ],
      [
        -4.4571,
        34.8276
      ],
      [
        -4.2838,
        34.8402
      ],
      [
        -4.1158,
        34.8622
      ],
      [
        -3.9551,
        34.8934
      ],
      [
        -3.8031,
        34.9336
      ],
      [
        -3.6616,
        34.9822
      ],
      [
        -3.5319,
        35.0389
      ],
      [
        -3.4155,
        35.103
      ],
      [
        -3.3135,
        35.1739
      ],
      [
        -3.2271,
        35.2508
      ],
      [
        -3.1572,
        35.3329
      ],
      [
        -3.1046,
        35.4194
      ],
      [
        -3.0698,
        35.5092
      ],
      [
        -3.0533,
        35.6015
      ],
      [
        -3.0554,
        35.6953
      ],
      [
        -3.0761,
        35.7894
      ],
      [
        -3.1152,
        35.8829
      ],
      [
        -3.1724,
        35.9748
      ]
    ],
    [
      [
        -3.1802,
        36.0645
      ],
      [
        -3.2716,
        36.15
      ],
      [
        -3.3789,
        36.2308
      ],
      [
        -3.501,
        36.3061
      ],
      [
        -3.6367,
        36.3749
      ],
      [
        -3.7844,
        36.4365
      ],
      [
        -3.9427,
        36.4902
      ],
      [
        -4.1098,
        36.5352
      ],
      [
        -4.2838,
        36.5712
      ],
      [
        -4.4628,
        36.5977
      ],
      [
        -4.6449,
        36.6144
      ],
      [
        -4.8279,
        36.621
      ],
      [
        -5.0098,
        36.6176
      ],
      [
        -5.1885,
        36.6042
      ],
      [
        -5.3619,
        36.5808
      ],
      [
        -5.5281,
        36.5479
      ],
      [
        -5.6851,
        36.5058
      ],
      [
        -5.8312,
        36.455
      ],
      [
        -5.9646,
        36.3961
      ],
      [
        -6.0838,
        36.3298
      ],
      [
        -6.1875,
        36.2568
      ],
      [
        -6.2745,
        36.178
      ],
      [
        -6.3439,
        36.0942
      ],
      [
        -6.3948,
        36.0065
      ],
      [
        -6.4268,
        35.9158
      ],
      [
        -6.4395,
        35.8231
      ],
      [
        -6.4329,
        35.7295
      ],
      [
        -6.4072,
        35.6359
      ],
      [
        -6.3626,
        35.5433
      ],
      [
        -6.2999,
        35.4529
      ],
      [
        -6.2197,
        35.3654
      ],
      [
        -6.123,
        35.282
      ],
      [
        -6.011,
        35.2033
      ],
      [
        -5.885,
        35.1304
      ],
      [
        -5.7464,
        35.0639
      ],
      [
        -5.5969,
        35.0044
      ],
      [
        -5.438,
        34.9528
      ],
      [
        -5.2714,
        34.9093
      ],
      [
        -5.0992,
        34.8747
      ],
      [
        -4.9229,
        34.849
      ],
      [
        -4.7447,
        34.8328
      ],
      [
        -4.5663,
        34.826
      ],
      [
        -4.3896,
        34.8289
      ],
      [
        -4.2165,
        34.8413
      ],
      [
        -4.0488,
        34.8632
      ],
      [
        -3.8883,
        34.8944
      ],
      [
        -3.7365,
        34.9344
      ],
      [
        -3.5951,
        34.983
      ],
      [
        -3.4656,
        35.0396
      ],
      [
        -3.3492,
        35.1037
      ],
      [
        -3.2474,
        35.1745
      ],
      [
        -3.161,
        35.2514
      ],
      [
        -3.0911,
        35.3334
      ],
      [
        -3.0385,
        35.4198
      ],
      [
        -3.0036,
        35.5097
      ],
      [
        -2.9871,
        35.602
      ],
      [
        -2.9891,
        35.6957
      ],
      [
        -3.0096,
        35.7899
      ],
      [
        -3.0486,
        35.8834
      ],
      [
        -3.1056,
        35.9753
      ]
    ],
    [
      [
        -3.1133,
        36.065
      ],
      [
        -3.2045,
        36.1505
      ],
      [
        -3.3115,
        36.2314
      ],
      [
        -3.4334,
        36.3068
      ],
      [
        -3.5688,
        36.3757
      ],
      [
        -3.7162,
        36.4374
      ],
      [
        -3.8742,
        36.4911
      ],
      [
        -4.041,
        36.5363
      ],
      [
        -4.2147,
        36.5724
      ],
      [
        -4.3934,
        36.5989
      ],
      [
        -4.5752,
        36.6157
      ],
      [
        -4.7579,
        36.6225
      ],
      [
        -4.9395,
        36.6192
      ],
      [
        -5.1179,
        36.6059
      ],
      [
        -5.2911,
        36.5827
      ],
      [
        -5.4571,
        36.5499
      ],
      [
        -5.6139,
        36.5078
      ],
      [
        -5.7598,
        36.4571
      ],
      [
        -5.8931,
        36.3983
      ],
      [
        -6.0122,
        36.332
      ],
      [
        -6.1158,
        36.2591
      ],
      [
        -6.2027,
        36.1804
      ],
      [
        -6.2721,
        36.0967
      ],
      [
        -6.323,
        36.009
      ],
      [
        -6.355,
        35.9183
      ],
      [
        -6.3678,
        35.8256
      ],
      [
        -6.3614,
        35.732
      ],
      [
        -6.3358,
        35.6383
      ],
      [
        -6.2914,
        35.5458
      ],
      [
        -6.2288,
        35.4553
      ],
      [
        -6.1488,
        35.3678
      ],
      [
        -6.0524,
        35.2843
      ],
      [
        -5.9407,
        35.2056
      ],
      [
        -5.815,
        35.1325
      ],
      [
        -5.6767,
        35.0659
      ],
      [
        -5.5274,
        35.0064
      ],
      [
        -5.3688,
        34.9546
      ],
      [
        -5.2026,
        34.9111
      ],
      [
        -5.0307,
        34.8763
      ],
      [
        -4.8547,
        34.8506
      ],
      [
        -4.6768,
        34.8342
      ],
      [
        -4.4987,
        34.8274
      ],
      [
        -4.3223,
        34.8301
      ],
      [
        -4.1494,
        34.8425
      ],
      [
        -3.982,
        34.8642
      ],
      [
        -3.8216,
        34.8953
      ],
      [
        -3.67,
        34.9353
      ],
      [
        -3.5288,
        34.9838
      ],
      [
        -3.3994,
        35.0403
      ],
      [
        -3.2831,
        35.1043
      ],
      [
        -3.1813,
        35.175
      ],
      [
        -3.095,
        35.2518
      ],
      [
        -3.0251,
        35.3339
      ],
      [
        -2.9725,
        35.4203
      ],
      [
        -2.9376,
        35.5101
      ],
      [
        -2.921,
        35.6023
      ],
      [
        -2.9229,
        35.6961
      ],
      [
        -2.9433,
        35.7903
      ],
      [
        -2.9821,
        35.8838
      ],
      [
        -3.0389,
        35.9757
      ]
    ],
    [
      [
        -3.0465,
        36.0654
      ],
      [
        -3.1375,
        36.151
      ],
      [
        -3.2443,
        36.232
      ],
      [
        -3.3659,
        36.3074
      ],
      [
        -3.501,
        36.3764
      ],
      [
        -3.6482,
        36.4381
      ],
      [
        -3.8059,
        36.492
      ],
      [
        -3.9723,
        36.5373
      ],
      [
        -4.1457,
        36.5735
      ],
      [
        -4.3242,
        36.6001
      ],
      [
        -4.5056,
        36.617
      ],
      [
        -4.6881,
        36.6239
      ],
      [
        -4.8694,
        36.6207
      ],
      [
        -5.0476,
        36.6075
      ],
      [
        -5.2205,
        36.5844
      ],
      [
        -5.3863,
        36.5517
      ],
      [
        -5.5429,
        36.5098
      ],
      [
        -5.6886,
        36.4592
      ],
      [
        -5.8217,
        36.4004
      ],
      [
        -5.9407,
        36.3343
      ],
      [
        -6.0442,
        36.2614
      ],
      [
        -6.1311,
        36.1827
      ],
      [
        -6.2004,
        36.0991
      ],
      [
        -6.2514,
        36.0114
      ],
      [
        -6.2834,
        35.9207
      ],
      [
        -6.2963,
        35.8281
      ],
      [
        -6.29,
        35.7344
      ],
      [
        -6.2645,
        35.6408
      ],
      [
        -6.2203,
        35.5482
      ],
      [
        -6.1579,
        35.4576
      ],
      [
        -6.0782,
        35.3701
      ],
      [
        -5.982,
        35.2865
      ],
      [
        -5.8706,
        35.2077
      ],
      [
        -5.7451,
        35.1346
      ],
      [
        -5.6071,
        35.0679
      ],
      [
        -5.4582,
        35.0083
      ],
      [
        -5.2999,
        34.9564
      ],
      [
        -5.134,
        34.9128
      ],
      [
        -4.9623,
        34.8779
      ],
      [
        -4.7867,
        34.8521
      ],
      [
        -4.609,
        34.8356
      ],
      [
        -4.4312,
        34.8286
      ],
      [
        -4.255,
        34.8313
      ],
      [
        -4.0824,
        34.8435
      ],
      [
        -3.9152,
        34.8652
      ],
      [
        -3.755,
        34.8961
      ],
      [
        -3.6036,
        34.936
      ],
      [
        -3.4625,
        34.9845
      ],
      [
        -3.3333,
        35.0409
      ],
      [
        -3.2172,
        35.1048
      ],
      [
        -3.1154,
        35.1755
      ],
      [
        -3.0291,
        35.2523
      ],
      [
        -2.9593,
        35.3343
      ],
      [
        -2.9066,
        35.4206
      ],
      [
        -2.8717,
        35.5104
      ],
      [
        -2.855,
        35.6027
      ],
      [
        -2.8568,
        35.6964
      ],
      [
        -2.877,
        35.7906
      ],
      [
        -2.9157,
        35.8842
      ],
      [
        -2.9723,
        35.9761
      ]
    ],
    [
      [
        -2.9799,
        36.0658
      ],
      [
        -3.0706,
        36.1515
      ],
      [
        -3.1772,
        36.2325
      ],
      [
        -3.2985,
        36.308
      ],
      [
        -3.4334,
        36.377
      ],
      [
        -3.5803,
        36.4389
      ],
      [
        -3.7376,
        36.4928
      ],
      [
        -3.9038,
        36.5382
      ],
      [
        -4.0769,
        36.5745
      ],
      [
        -4.2551,
        36.6013
      ],
      [
        -4.4362,
        36.6183
      ],
      [
        -4.6184,
        36.6253
      ],
      [
        -4.7994,
        36.6222
      ],
      [
        -4.9773,
        36.6091
      ],
      [
        -5.15,
        36.5861
      ],
      [
        -5.3155,
        36.5535
      ],
      [
        -5.472,
        36.5117
      ],
      [
        -5.6175,
        36.4612
      ],
      [
        -5.7505,
        36.4025
      ],
      [
        -5.8693,
        36.3364
      ],
      [
        -5.9728,
        36.2636
      ],
      [
        -6.0596,
        36.185
      ],
      [
        -6.1289,
        36.1014
      ],
      [
        -6.1799,
        36.0138
      ],
      [
        -6.212,
        35.9231
      ],
      [
        -6.225,
        35.8305
      ],
      [
        -6.2187,
        35.7368
      ],
      [
        -6.1934,
        35.6431
      ],
      [
        -6.1494,
        35.5505
      ],
      [
        -6.0872,
        35.4599
      ],
      [
        -6.0077,
        35.3724
      ],
      [
        -5.9117,
        35.2887
      ],
      [
        -5.8006,
        35.2099
      ],
      [
        -5.6754,
        35.1367
      ],
      [
        -5.5377,
        35.0699
      ],
      [
        -5.389,
        35.0102
      ],
      [
        -5.231,
        34.9582
      ],
      [
        -5.0654,
        34.9145
      ],
      [
        -4.8941,
        34.8794
      ],
      [
        -4.7188,
        34.8535
      ],
      [
        -4.5414,
        34.8369
      ],
      [
        -4.3638,
        34.8299
      ],
      [
        -4.1879,
        34.8324
      ],
      [
        -4.0156,
        34.8445
      ],
      [
        -3.8486,
        34.8661
      ],
      [
        -3.6886,
        34.897
      ],
      [
        -3.5374,
        34.9368
      ],
      [
        -3.3965,
        34.9851
      ],
      [
        -3.2673,
        35.0415
      ],
      [
        -3.1513,
        35.1053
      ],
      [
        -3.0496,
        35.1759
      ],
      [
        -2.9634,
        35.2526
      ],
      [
        -2.8936,
        35.3346
      ],
      [
        -2.8409,
        35.4209
      ],
      [
        -2.8059,
        35.5107
      ],
      [
        -2.7891,
        35.603
      ],
      [
        -2.7908,
        35.6967
      ],
      [
        -2.8109,
        35.7909
      ],
      [
        -2.8494,
        35.8845
      ],
      [
        -2.9059,
        35.9765
      ]
    ],
    [
      [
        -2.9134,
        36.0661
      ],
      [
        -3.0039,
        36.1518
      ],
      [
        -3.1102,
        36.2329
      ],
      [
        -3.2313,
        36.3085
      ],
      [
        -3.3658,
        36.3776
      ],
      [
        -3.5125,
        36.4396
      ],
      [
        -3.6696,
        36.4936
      ],
      [
        -3.8354,
        36.5391
      ],
      [
        -4.0082,
        36.5755
      ],
      [
        -4.1861,
        36.6024
      ],
      [
        -4.367,
        36.6195
      ],
      [
        -4.5488,
        36.6266
      ],
      [
        -4.7296,
        36.6236
      ],
      [
        -4.9072,
        36.6106
      ],
      [
        -5.0797,
        36.5878
      ],
      [
        -5.245,
        36.5553
      ],
      [
        -5.4012,
        36.5136
      ],
      [
        -5.5466,
        36.4631
      ],
      [
        -5.6794,
        36.4046
      ],
      [
        -5.7981,
        36.3385
      ],
      [
        -5.9015,
        36.2658
      ],
      [
        -5.9883,
        36.1872
      ],
      [
        -6.0575,
        36.1037
      ],
      [
        -6.1085,
        36.0161
      ],
      [
        -6.1407,
        35.9254
      ],
      [
        -6.1537,
        35.8328
      ],
      [
        -6.1476,
        35.7391
      ],
      [
        -6.1224,
        35.6454
      ],
      [
        -6.0786,
        35.5528
      ],
      [
        -6.0166,
        35.4622
      ],
      [
        -5.9373,
        35.3745
      ],
      [
        -5.8416,
        35.2908
      ],
      [
        -5.7307,
        35.2119
      ],
      [
        -5.6058,
        35.1386
      ],
      [
        -5.4684,
        35.0718
      ],
      [
        -5.32,
        35.012
      ],
      [
        -5.1623,
        34.9599
      ],
      [
        -4.997,
        34.916
      ],
      [
        -4.826,
        34.8809
      ],
      [
        -4.651,
        34.8549
      ],
      [
        -4.4739,
        34.8382
      ],
      [
        -4.2966,
        34.831
      ],
      [
        -4.121,
        34.8334
      ],
      [
        -3.9489,
        34.8455
      ],
      [
        -3.7821,
        34.867
      ],
      [
        -3.6223,
        34.8977
      ],
      [
        -3.4713,
        34.9374
      ],
      [
        -3.3305,
        34.9857
      ],
      [
        -3.2015,
        35.042
      ],
      [
        -3.0856,
        35.1057
      ],
      [
        -2.984,
        35.1763
      ],
      [
        -2.8978,
        35.253
      ],
      [
        -2.828,
        35.3349
      ],
      [
        -2.7752,
        35.4212
      ],
      [
        -2.7402,
        35.5109
      ],
      [
        -2.7234,
        35.6032
      ],
      [
        -2.725,
        35.6969
      ],
      [
        -2.745,
        35.7911
      ],
      [
        -2.7833,
        35.8848
      ],
      [
        -2.8396,
        35.9768
      ]
    ],
    [
      [
        -2.847,
        36.0664
      ],
      [
        -2.9372,
        36.1522
      ],
      [
        -3.0433,
        36.2333
      ],
      [
        -3.1642,
        36.309
      ],
      [
        -3.2985,
        36.3782
      ],
      [
        -3.4448,
        36.4402
      ],
      [
        -3.6016,
        36.4943
      ],
      [
        -3.7672,
        36.5399
      ],
      [
        -3.9397,
        36.5764
      ],
      [
        -4.1172,
        36.6034
      ],
      [
        -4.2978,
        36.6206
      ],
      [
        -4.4794,
        36.6279
      ],
      [
        -4.6599,
        36.625
      ],
      [
        -4.8373,
        36.6121
      ],
      [
        -5.0095,
        36.5893
      ],
      [
        -5.1746,
        36.557
      ],
      [
        -5.3306,
        36.5153
      ],
      [
        -5.4758,
        36.465
      ],
      [
        -5.6084,
        36.4065
      ],
      [
        -5.7271,
        36.3406
      ],
      [
        -5.8304,
        36.2679
      ],
      [
        -5.9171,
        36.1894
      ],
      [
        -5.9863,
        36.1059
      ],
      [
        -6.0373,
        36.0183
      ],
      [
        -6.0695,
        35.9277
      ],
      [
        -6.0827,
        35.8351
      ],
      [
        -6.0767,
        35.7414
      ],
      [
        -6.0516,
        35.6477
      ],
      [
        -6.0079,
        35.555
      ],
      [
        -5.9462,
        35.4644
      ],
      [
        -5.8671,
        35.3767
      ],
      [
        -5.7716,
        35.2929
      ],
      [
        -5.661,
        35.2139
      ],
      [
        -5.5364,
        35.1406
      ],
      [
        -5.3992,
        35.0736
      ],
      [
        -5.2512,
        35.0137
      ],
      [
        -5.0938,
        34.9615
      ],
      [
        -4.9288,
        34.9176
      ],
      [
        -4.758,
        34.8824
      ],
      [
        -4.5833,
        34.8562
      ],
      [
        -4.4065,
        34.8394
      ],
      [
        -4.2295,
        34.8321
      ],
      [
        -4.0541,
        34.8344
      ],
      [
        -3.8823,
        34.8464
      ],
      [
        -3.7157,
        34.8678
      ],
      [
        -3.5561,
        34.8984
      ],
      [
        -3.4053,
        34.938
      ],
      [
        -3.2647,
        34.9862
      ],
      [
        -3.1358,
        35.0424
      ],
      [
        -3.02,
        35.1061
      ],
      [
        -2.9184,
        35.1767
      ],
      [
        -2.8323,
        35.2533
      ],
      [
        -2.7625,
        35.3351
      ],
      [
        -2.7097,
        35.4214
      ],
      [
        -2.6747,
        35.5111
      ],
      [
        -2.6578,
        35.6034
      ],
      [
        -2.6592,
        35.6971
      ],
      [
        -2.6791,
        35.7913
      ],
      [
        -2.7173,
        35.885
      ],
      [
        -2.7734,
        35.977
      ]
    ],
    [
      [
        -2.7807,
        36.0667
      ],
      [
        -2.8708,
        36.1525
      ],
      [
        -2.9766,
        36.2337
      ],
      [
        -3.0972,
        36.3094
      ],
      [
        -3.2312,
        36.3787
      ],
      [
        -3.3773,
        36.4408
      ],
      [
        -3.5338,
        36.495
      ],
      [
        -3.699,
        36.5407
      ],
      [
        -3.8713,
        36.5773
      ],
      [
        -4.0485,
        36.6044
      ],
      [
        -4.2288,
        36.6217
      ],
      [
        -4.4101,
        36.6291
      ],
      [
        -4.5903,
        36.6263
      ],
      [
        -4.7675,
        36.6135
      ],
      [
        -4.9394,
        36.5909
      ],
      [
        -5.1043,
        36.5586
      ],
      [
        -5.2601,
        36.5171
      ],
      [
        -5.4051,
        36.4668
      ],
      [
        -5.5376,
        36.4084
      ],
      [
        -5.6562,
        36.3425
      ],
      [
        -5.7594,
        36.2699
      ],
      [
        -5.846,
        36.1915
      ],
      [
        -5.9153,
        36.108
      ],
      [
        -5.9663,
        36.0205
      ],
      [
        -5.9985,
        35.9299
      ],
      [
        -6.0117,
        35.8373
      ],
      [
        -6.0058,
        35.7436
      ],
      [
        -5.9809,
        35.6499
      ],
      [
        -5.9374,
        35.5572
      ],
      [
        -5.8759,
        35.4665
      ],
      [
        -5.797,
        35.3787
      ],
      [
        -5.7018,
        35.2949
      ],
      [
        -5.5914,
        35.2159
      ],
      [
        -5.4671,
        35.1424
      ],
      [
        -5.3302,
        35.0754
      ],
      [
        -5.1824,
        35.0154
      ],
      [
        -5.0253,
        34.9631
      ],
      [
        -4.8607,
        34.9191
      ],
      [
        -4.6902,
        34.8837
      ],
      [
        -4.5158,
        34.8575
      ],
      [
        -4.3393,
        34.8406
      ],
      [
        -4.1625,
        34.8332
      ],
      [
        -3.9874,
        34.8354
      ],
      [
        -3.8158,
        34.8472
      ],
      [
        -3.6495,
        34.8685
      ],
      [
        -3.4901,
        34.8991
      ],
      [
        -3.3394,
        34.9386
      ],
      [
        -3.199,
        34.9867
      ],
      [
        -3.0702,
        35.0428
      ],
      [
        -2.9545,
        35.1065
      ],
      [
        -2.853,
        35.1769
      ],
      [
        -2.7669,
        35.2535
      ],
      [
        -2.6971,
        35.3353
      ],
      [
        -2.6444,
        35.4215
      ],
      [
        -2.6093,
        35.5113
      ],
      [
        -2.5923,
        35.6035
      ],
      [
        -2.5936,
        35.6972
      ],
      [
        -2.6134,
        35.7915
      ],
      [
        -2.6514,
        35.8851
      ],
      [
        -2.7073,
        35.9772
      ]
    ],
    [
      [
        -2.7146,
        36.0668
      ],
      [
        -2.8044,
        36.1527
      ],
      [
        -2.91,
        36.234
      ],
      [
        -3.0303,
        36.3097
      ],
      [
        -3.1641,
        36.3791
      ],
      [
        -3.3098,
        36.4413
      ],
      [
        -3.4661,
        36.4956
      ],
      [
        -3.6311,
        36.5414
      ],
      [
        -3.803,
        36.5781
      ],
      [
        -3.9799,
        36.6053
      ],
      [
        -4.1599,
        36.6228
      ],
      [
        -4.3409,
        36.6302
      ],
      [
        -4.5209,
        36.6276
      ],
      [
        -4.6978,
        36.6149
      ],
      [
        -4.8695,
        36.5923
      ],
      [
        -5.0341,
        36.5602
      ],
      [
        -5.1898,
        36.5188
      ],
      [
        -5.3346,
        36.4686
      ],
      [
        -5.467,
        36.4103
      ],
      [
        -5.5854,
        36.3445
      ],
      [
        -5.6885,
        36.2719
      ],
      [
        -5.7751,
        36.1935
      ],
      [
        -5.8443,
        36.1101
      ],
      [
        -5.8954,
        36.0226
      ],
      [
        -5.9277,
        35.9321
      ],
      [
        -5.941,
        35.8394
      ],
      [
        -5.9352,
        35.7457
      ],
      [
        -5.9104,
        35.652
      ],
      [
        -5.8671,
        35.5593
      ],
      [
        -5.8057,
        35.4685
      ],
      [
        -5.727,
        35.3808
      ],
      [
        -5.6321,
        35.2969
      ],
      [
        -5.5219,
        35.2177
      ],
      [
        -5.3979,
        35.1442
      ],
      [
        -5.2614,
        35.0771
      ],
      [
        -5.1139,
        35.017
      ],
      [
        -4.9571,
        34.9646
      ],
      [
        -4.7927,
        34.9205
      ],
      [
        -4.6225,
        34.8851
      ],
      [
        -4.4484,
        34.8587
      ],
      [
        -4.2721,
        34.8417
      ],
      [
        -4.0957,
        34.8342
      ],
      [
        -3.9208,
        34.8363
      ],
      [
        -3.7495,
        34.848
      ],
      [
        -3.5833,
        34.8692
      ],
      [
        -3.4242,
        34.8997
      ],
      [
        -3.2737,
        34.9391
      ],
      [
        -3.1334,
        34.9871
      ],
      [
        -3.0047,
        35.0432
      ],
      [
        -2.8891,
        35.1068
      ],
      [
        -2.7877,
        35.1772
      ],
      [
        -2.7017,
        35.2537
      ],
      [
        -2.6319,
        35.3354
      ],
      [
        -2.5791,
        35.4216
      ],
      [
        -2.544,
        35.5113
      ],
      [
        -2.5269,
        35.6036
      ],
      [
        -2.5282,
        35.6973
      ],
      [
        -2.5478,
        35.7915
      ],
      [
        -2.5856,
        35.8852
      ],
      [
        -2.6414,
        35.9773
      ]
    ],
    [
      [
        -2.6485,
        36.067
      ],
      [
        -2.7381,
        36.1529
      ],
      [
        -2.8435,
        36.2342
      ],
      [
        -2.9636,
        36.3101
      ],
      [
        -3.0971,
        36.3795
      ],
      [
        -3.2426,
        36.4418
      ],
      [
        -3.3985,
        36.4962
      ],
      [
        -3.5632,
        36.5421
      ],
      [
        -3.7348,
        36.5789
      ],
      [
        -3.9115,
        36.6062
      ],
      [
        -4.0912,
        36.6238
      ],
      [
        -4.2719,
        36.6313
      ],
      [
        -4.4516,
        36.6288
      ],
      [
        -4.6282,
        36.6162
      ],
      [
        -4.7997,
        36.5938
      ],
      [
        -4.9641,
        36.5617
      ],
      [
        -5.1196,
        36.5204
      ],
      [
        -5.2642,
        36.4703
      ],
      [
        -5.3965,
        36.4121
      ],
      [
        -5.5148,
        36.3463
      ],
      [
        -5.6178,
        36.2739
      ],
      [
        -5.7044,
        36.1955
      ],
      [
        -5.7736,
        36.1121
      ],
      [
        -5.8246,
        36.0247
      ],
      [
        -5.857,
        35.9341
      ],
      [
        -5.8703,
        35.8415
      ],
      [
        -5.8646,
        35.7478
      ],
      [
        -5.84,
        35.6541
      ],
      [
        -5.7969,
        35.5613
      ],
      [
        -5.7357,
        35.4706
      ],
      [
        -5.6572,
        35.3827
      ],
      [
        -5.5625,
        35.2988
      ],
      [
        -5.4526,
        35.2196
      ],
      [
        -5.3289,
        35.146
      ],
      [
        -5.1926,
        35.0787
      ],
      [
        -5.0454,
        35.0186
      ],
      [
        -4.8889,
        34.9661
      ],
      [
        -4.7248,
        34.9219
      ],
      [
        -4.555,
        34.8863
      ],
      [
        -4.3811,
        34.8599
      ],
      [
        -4.2052,
        34.8427
      ],
      [
        -4.029,
        34.8351
      ],
      [
        -3.8544,
        34.8371
      ],
      [
        -3.6833,
        34.8487
      ],
      [
        -3.5173,
        34.8698
      ],
      [
        -3.3584,
        34.9002
      ],
      [
        -3.2081,
        34.9396
      ],
      [
        -3.0679,
        34.9875
      ],
      [
        -2.9394,
        35.0435
      ],
      [
        -2.8239,
        35.107
      ],
      [
        -2.7225,
        35.1773
      ],
      [
        -2.6365,
        35.2538
      ],
      [
        -2.5667,
        35.3355
      ],
      [
        -2.514,
        35.4217
      ],
      [
        -2.4788,
        35.5114
      ],
      [
        -2.4616,
        35.6036
      ],
      [
        -2.4628,
        35.6973
      ],
      [
        -2.4823,
        35.7916
      ],
      [
        -2.52,
        35.8853
      ],
      [
        -2.5756,
        35.9774
      ]
    ],
    [
      [
        -2.5826,
        36.0671
      ],
      [
        -2.672,
        36.153
      ],
      [
        -2.7772,
        36.2344
      ],
      [
        -2.897,
        36.3103
      ],
      [
        -3.0302,
        36.3799
      ],
      [
        -3.1754,
        36.4422
      ],
      [
        -3.331,
        36.4967
      ],
      [
        -3.4955,
        36.5427
      ],
      [
        -3.6668,
        36.5796
      ],
      [
        -3.8432,
        36.607
      ],
      [
        -4.0226,
        36.6247
      ],
      [
        -4.203,
        36.6323
      ],
      [
        -4.3825,
        36.6299
      ],
      [
        -4.5588,
        36.6175
      ],
      [
        -4.7301,
        36.5951
      ],
      [
        -4.8943,
        36.5631
      ],
      [
        -5.0495,
        36.5219
      ],
      [
        -5.194,
        36.4719
      ],
      [
        -5.3261,
        36.4138
      ],
      [
        -5.4443,
        36.3481
      ],
      [
        -5.5472,
        36.2757
      ],
      [
        -5.6338,
        36.1974
      ],
      [
        -5.7029,
        36.1141
      ],
      [
        -5.754,
        36.0267
      ],
      [
        -5.7864,
        35.9362
      ],
      [
        -5.7998,
        35.8435
      ],
      [
        -5.7943,
        35.7498
      ],
      [
        -5.7698,
        35.6561
      ],
      [
        -5.7268,
        35.5633
      ],
      [
        -5.6658,
        35.4725
      ],
      [
        -5.5876,
        35.3846
      ],
      [
        -5.4931,
        35.3006
      ],
      [
        -5.3835,
        35.2213
      ],
      [
        -5.26,
        35.1477
      ],
      [
        -5.124,
        35.0803
      ],
      [
        -4.9771,
        35.0201
      ],
      [
        -4.8209,
        34.9675
      ],
      [
        -4.6571,
        34.9232
      ],
      [
        -4.4875,
        34.8875
      ],
      [
        -4.314,
        34.861
      ],
      [
        -4.1383,
        34.8437
      ],
      [
        -3.9624,
        34.836
      ],
      [
        -3.7881,
        34.8379
      ],
      [
        -3.6172,
        34.8494
      ],
      [
        -3.4515,
        34.8704
      ],
      [
        -3.2927,
        34.9007
      ],
      [
        -3.1426,
        34.94
      ],
      [
        -3.0026,
        34.9878
      ],
      [
        -2.8742,
        35.0438
      ],
      [
        -2.7587,
        35.1072
      ],
      [
        -2.6575,
        35.1775
      ],
      [
        -2.5715,
        35.2539
      ],
      [
        -2.5017,
        35.3356
      ],
      [
        -2.4489,
        35.4217
      ],
      [
        -2.4137,
        35.5114
      ],
      [
        -2.3965,
        35.6036
      ],
      [
        -2.3975,
        35.6973
      ],
      [
        -2.4169,
        35.7916
      ],
      [
        -2.4545,
        35.8853
      ],
      [
        -2.5099,
        35.9775
      ]
    ],
    [
      [
        -2.5168,
        36.0671
      ],
      [
        -2.606,
        36.1531
      ],
      [
        -2.7109,
        36.2346
      ],
      [
        -2.8305,
        36.3105
      ],
      [
        -2.9634,
        36.3802
      ],
      [
        -3.1084,
        36.4426
      ],
      [
        -3.2637,
        36.4972
      ],
      [
        -3.4278,
        36.5432
      ],
      [
        -3.5989,
        36.5803
      ],
      [
        -3.775,
        36.6078
      ],
      [
        -3.9541,
        36.6256
      ],
      [
        -4.1343,
        36.6333
      ],
      [
        -4.3134,
        36.631
      ],
      [
        -4.4896,
        36.6187
      ],
      [
        -4.6606,
        36.5964
      ],
      [
        -4.8246,
        36.5646
      ],
      [
        -4.9796,
        36.5234
      ],
      [
        -5.1239,
        36.4735
      ],
      [
        -5.2559,
        36.4155
      ],
      [
        -5.374,
        36.3499
      ],
      [
        -5.4768,
        36.2776
      ],
      [
        -5.5633,
        36.1993
      ],
      [
        -5.6324,
        36.116
      ],
      [
        -5.6835,
        36.0286
      ],
      [
        -5.716,
        35.9381
      ],
      [
        -5.7295,
        35.8455
      ],
      [
        -5.724,
        35.7518
      ],
      [
        -5.6997,
        35.6581
      ],
      [
        -5.6569,
        35.5652
      ],
      [
        -5.5961,
        35.4744
      ],
      [
        -5.5181,
        35.3865
      ],
      [
        -5.4238,
        35.3024
      ],
      [
        -5.3145,
        35.223
      ],
      [
        -5.1912,
        35.1493
      ],
      [
        -5.0555,
        35.0819
      ],
      [
        -4.9089,
        35.0215
      ],
      [
        -4.753,
        34.9689
      ],
      [
        -4.5895,
        34.9244
      ],
      [
        -4.4202,
        34.8887
      ],
      [
        -4.247,
        34.862
      ],
      [
        -4.0716,
        34.8447
      ],
      [
        -3.8959,
        34.8369
      ],
      [
        -3.7219,
        34.8387
      ],
      [
        -3.5512,
        34.8501
      ],
      [
        -3.3857,
        34.871
      ],
      [
        -3.2272,
        34.9012
      ],
      [
        -3.0772,
        34.9403
      ],
      [
        -2.9373,
        34.9881
      ],
      [
        -2.8091,
        35.044
      ],
      [
        -2.6937,
        35.1073
      ],
      [
        -2.5926,
        35.1776
      ],
      [
        -2.5066,
        35.2539
      ],
      [
        -2.4369,
        35.3356
      ],
      [
        -2.384,
        35.4217
      ],
      [
        -2.3488,
        35.5113
      ],
      [
        -2.3315,
        35.6035
      ],
      [
        -2.3324,
        35.6972
      ],
      [
        -2.3517,
        35.7915
      ],
      [
        -2.3891,
        35.8853
      ],
      [
        -2.4443,
        35.9775
      ]
    ],
    [
      [
        -2.4512,
        36.0671
      ],
      [
        -2.5401,
        36.1532
      ],
      [
        -2.6448,
        36.2347
      ],
      [
        -2.7641,
        36.3107
      ],
      [
        -2.8968,
        36.3804
      ],
      [
        -3.0414,
        36.4429
      ],
      [
        -3.1965,
        36.4976
      ],
      [
        -3.3604,
        36.5437
      ],
      [
        -3.5311,
        36.5809
      ],
      [
        -3.7069,
        36.6085
      ],
      [
        -3.8858,
        36.6264
      ],
      [
        -4.0657,
        36.6343
      ],
      [
        -4.2446,
        36.6321
      ],
      [
        -4.4204,
        36.6198
      ],
      [
        -4.5912,
        36.5977
      ],
      [
        -4.755,
        36.5659
      ],
      [
        -4.9098,
        36.5249
      ],
      [
        -5.054,
        36.4751
      ],
      [
        -5.1858,
        36.4171
      ],
      [
        -5.3038,
        36.3516
      ],
      [
        -5.4065,
        36.2793
      ],
      [
        -5.493,
        36.2011
      ],
      [
        -5.5621,
        36.1179
      ],
      [
        -5.6132,
        36.0305
      ],
      [
        -5.6457,
        35.94
      ],
      [
        -5.6593,
        35.8474
      ],
      [
        -5.6539,
        35.7537
      ],
      [
        -5.6298,
        35.66
      ],
      [
        -5.5871,
        35.5671
      ],
      [
        -5.5265,
        35.4762
      ],
      [
        -5.4487,
        35.3882
      ],
      [
        -5.3547,
        35.3041
      ],
      [
        -5.2456,
        35.2247
      ],
      [
        -5.1226,
        35.1509
      ],
      [
        -4.9872,
        35.0834
      ],
      [
        -4.8409,
        35.023
      ],
      [
        -4.6853,
        34.9702
      ],
      [
        -4.5221,
        34.9257
      ],
      [
        -4.3531,
        34.8898
      ],
      [
        -4.1801,
        34.863
      ],
      [
        -4.005,
        34.8456
      ],
      [
        -3.8296,
        34.8377
      ],
      [
        -3.6558,
        34.8394
      ],
      [
        -3.4854,
        34.8507
      ],
      [
        -3.3201,
        34.8715
      ],
      [
        -3.1618,
        34.9016
      ],
      [
        -3.0119,
        34.9407
      ],
      [
        -2.8722,
        34.9883
      ],
      [
        -2.7441,
        35.0441
      ],
      [
        -2.6289,
        35.1074
      ],
      [
        -2.5278,
        35.1776
      ],
      [
        -2.4419,
        35.2539
      ],
      [
        -2.3721,
        35.3355
      ],
      [
        -2.3193,
        35.4216
      ],
      [
        -2.2839,
        35.5112
      ],
      [
        -2.2666,
        35.6034
      ],
      [
        -2.2674,
        35.6971
      ],
      [
        -2.2865,
        35.7914
      ],
      [
        -2.3238,
        35.8852
      ],
      [
        -2.3788,
        35.9774
      ]
    ],
    [
      [
        -2.3856,
        36.067
      ],
      [
        -2.4744,
        36.1531
      ],
      [
        -2.5788,
        36.2347
      ],
      [
        -2.6979,
        36.3108
      ],
      [
        -2.8303,
        36.3806
      ],
      [
        -2.9747,
        36.4432
      ],
      [
        -3.1295,
        36.498
      ],
      [
        -3.293,
        36.5442
      ],
      [
        -3.4635,
        36.5814
      ],
      [
        -3.639,
        36.6092
      ],
      [
        -3.8175,
        36.6272
      ],
      [
        -3.9972,
        36.6351
      ],
      [
        -4.1758,
        36.633
      ],
      [
        -4.3514,
        36.6209
      ],
      [
        -4.522,
        36.5989
      ],
      [
        -4.6855,
        36.5672
      ],
      [
        -4.8402,
        36.5263
      ],
      [
        -4.9842,
        36.4766
      ],
      [
        -5.1159,
        36.4186
      ],
      [
        -5.2337,
        36.3532
      ],
      [
        -5.3364,
        36.281
      ],
      [
        -5.4228,
        36.2029
      ],
      [
        -5.4919,
        36.1197
      ],
      [
        -5.543,
        36.0323
      ],
      [
        -5.5755,
        35.9419
      ],
      [
        -5.5892,
        35.8493
      ],
      [
        -5.584,
        35.7556
      ],
      [
        -5.5599,
        35.6618
      ],
      [
        -5.5174,
        35.5689
      ],
      [
        -5.457,
        35.478
      ],
      [
        -5.3795,
        35.39
      ],
      [
        -5.2857,
        35.3058
      ],
      [
        -5.1768,
        35.2263
      ],
      [
        -5.0541,
        35.1524
      ],
      [
        -4.919,
        35.0848
      ],
      [
        -4.773,
        35.0243
      ],
      [
        -4.6177,
        34.9714
      ],
      [
        -4.4548,
        34.9268
      ],
      [
        -4.2861,
        34.8909
      ],
      [
        -4.1134,
        34.864
      ],
      [
        -3.9385,
        34.8464
      ],
      [
        -3.7634,
        34.8384
      ],
      [
        -3.5898,
        34.84
      ],
      [
        -3.4197,
        34.8512
      ],
      [
        -3.2546,
        34.8719
      ],
      [
        -3.0965,
        34.9019
      ],
      [
        -2.9468,
        34.9409
      ],
      [
        -2.8073,
        34.9885
      ],
      [
        -2.6792,
        35.0442
      ],
      [
        -2.5641,
        35.1075
      ],
      [
        -2.4631,
        35.1776
      ],
      [
        -2.3772,
        35.2538
      ],
      [
        -2.3075,
        35.3354
      ],
      [
        -2.2546,
        35.4215
      ],
      [
        -2.2192,
        35.5111
      ],
      [
        -2.2018,
        35.6032
      ],
      [
        -2.2025,
        35.697
      ],
      [
        -2.2215,
        35.7912
      ],
      [
        -2.2586,
        35.885
      ],
      [
        -2.3135,
        35.9773
      ]
    ],
    [
      [
        -2.3202,
        36.0669
      ],
      [
        -2.4087,
        36.1531
      ],
      [
        -2.5129,
        36.2347
      ],
      [
        -2.6317,
        36.3109
      ],
      [
        -2.7639,
        36.3807
      ],
      [
        -2.908,
        36.4434
      ],
      [
        -3.0625,
        36.4983
      ],
      [
        -3.2258,
        36.5446
      ],
      [
        -3.396,
        36.5819
      ],
      [
        -3.5712,
        36.6098
      ],
      [
        -3.7495,
        36.6279
      ],
      [
        -3.9288,
        36.636
      ],
      [
        -4.1072,
        36.634
      ],
      [
        -4.2825,
        36.6219
      ],
      [
        -4.4529,
        36.6
      ],
      [
        -4.6162,
        36.5684
      ],
      [
        -4.7707,
        36.5276
      ],
      [
        -4.9145,
        36.478
      ],
      [
        -5.046,
        36.4202
      ],
      [
        -5.1638,
        36.3548
      ],
      [
        -5.2664,
        36.2827
      ],
      [
        -5.3527,
        36.2046
      ],
      [
        -5.4218,
        36.1214
      ],
      [
        -5.4729,
        36.0341
      ],
      [
        -5.5055,
        35.9437
      ],
      [
        -5.5193,
        35.8511
      ],
      [
        -5.5142,
        35.7574
      ],
      [
        -5.4903,
        35.6636
      ],
      [
        -5.4479,
        35.5707
      ],
      [
        -5.3877,
        35.4797
      ],
      [
        -5.3104,
        35.3916
      ],
      [
        -5.2169,
        35.3074
      ],
      [
        -5.1082,
        35.2278
      ],
      [
        -4.9858,
        35.1539
      ],
      [
        -4.851,
        35.0862
      ],
      [
        -4.7052,
        35.0256
      ],
      [
        -4.5502,
        34.9726
      ],
      [
        -4.3876,
        34.9279
      ],
      [
        -4.2192,
        34.8919
      ],
      [
        -4.0467,
        34.8649
      ],
      [
        -3.8722,
        34.8472
      ],
      [
        -3.6973,
        34.8391
      ],
      [
        -3.524,
        34.8406
      ],
      [
        -3.3541,
        34.8517
      ],
      [
        -3.1893,
        34.8723
      ],
      [
        -3.0313,
        34.9022
      ],
      [
        -2.8818,
        34.9411
      ],
      [
        -2.7424,
        34.9886
      ],
      [
        -2.6145,
        35.0443
      ],
      [
        -2.4995,
        35.1075
      ],
      [
        -2.3985,
        35.1775
      ],
      [
        -2.3127,
        35.2537
      ],
      [
        -2.2429,
        35.3353
      ],
      [
        -2.1901,
        35.4213
      ],
      [
        -2.1546,
        35.5108
      ],
      [
        -2.1371,
        35.603
      ],
      [
        -2.1378,
        35.6967
      ],
      [
        -2.1566,
        35.791
      ],
      [
        -2.1936,
        35.8849
      ],
      [
        -2.2483,
        35.9772
      ]
    ],
    [
      [
        -2.2549,
        36.0667
      ],
      [
        -2.3432,
        36.153
      ],
      [
        -2.4472,
        36.2347
      ],
      [
        -2.5657,
        36.3109
      ],
      [
        -2.6976,
        36.3808
      ],
      [
        -2.8415,
        36.4436
      ],
      [
        -2.9957,
        36.4985
      ],
      [
        -3.1587,
        36.545
      ],
      [
        -3.3286,
        36.5824
      ],
      [
        -3.5035,
        36.6104
      ],
      [
        -3.6815,
        36.6285
      ],
      [
        -3.8606,
        36.6367
      ],
      [
        -4.0387,
        36.6349
      ],
      [
        -4.2138,
        36.6229
      ],
      [
        -4.3839,
        36.6011
      ],
      [
        -4.547,
        36.5696
      ],
      [
        -4.7013,
        36.5289
      ],
      [
        -4.845,
        36.4793
      ],
      [
        -4.9764,
        36.4216
      ],
      [
        -5.094,
        36.3563
      ],
      [
        -5.1965,
        36.2842
      ],
      [
        -5.2828,
        36.2062
      ],
      [
        -5.3519,
        36.1231
      ],
      [
        -5.403,
        36.0358
      ],
      [
        -5.4357,
        35.9454
      ],
      [
        -5.4495,
        35.8528
      ],
      [
        -5.4445,
        35.7591
      ],
      [
        -5.4207,
        35.6653
      ],
      [
        -5.3786,
        35.5724
      ],
      [
        -5.3185,
        35.4814
      ],
      [
        -5.2414,
        35.3932
      ],
      [
        -5.1481,
        35.3089
      ],
      [
        -5.0398,
        35.2293
      ],
      [
        -4.9176,
        35.1553
      ],
      [
        -4.783,
        35.0875
      ],
      [
        -4.6376,
        35.0268
      ],
      [
        -4.4828,
        34.9738
      ],
      [
        -4.3205,
        34.929
      ],
      [
        -4.1524,
        34.8928
      ],
      [
        -3.9803,
        34.8657
      ],
      [
        -3.806,
        34.848
      ],
      [
        -3.6314,
        34.8397
      ],
      [
        -3.4583,
        34.8411
      ],
      [
        -3.2886,
        34.8521
      ],
      [
        -3.124,
        34.8726
      ],
      [
        -2.9662,
        34.9025
      ],
      [
        -2.8169,
        34.9413
      ],
      [
        -2.6777,
        34.9887
      ],
      [
        -2.5499,
        35.0443
      ],
      [
        -2.4349,
        35.1074
      ],
      [
        -2.334,
        35.1774
      ],
      [
        -2.2482,
        35.2535
      ],
      [
        -2.1785,
        35.3351
      ],
      [
        -2.1256,
        35.421
      ],
      [
        -2.0902,
        35.5106
      ],
      [
        -2.0726,
        35.6027
      ],
      [
        -2.0731,
        35.6965
      ],
      [
        -2.0918,
        35.7908
      ],
      [
        -2.1286,
        35.8846
      ],
      [
        -2.1832,
        35.977
      ]
    ],
    [
      [
        -2.1897,
        36.0665
      ],
      [
        -2.2778,
        36.1528
      ],
      [
        -2.3816,
        36.2346
      ],
      [
        -2.4998,
        36.3109
      ],
      [
        -2.6315,
        36.3809
      ],
      [
        -2.775,
        36.4437
      ],
      [
        -2.929,
        36.4987
      ],
      [
        -3.0917,
        36.5453
      ],
      [
        -3.2613,
        36.5828
      ],
      [
        -3.4359,
        36.6109
      ],
      [
        -3.6137,
        36.6291
      ],
      [
        -3.7925,
        36.6374
      ],
      [
        -3.9703,
        36.6357
      ],
      [
        -4.1452,
        36.6239
      ],
      [
        -4.3151,
        36.6021
      ],
      [
        -4.478,
        36.5708
      ],
      [
        -4.6321,
        36.5301
      ],
      [
        -4.7756,
        36.4807
      ],
      [
        -4.9068,
        36.423
      ],
      [
        -5.0244,
        36.3578
      ],
      [
        -5.1268,
        36.2858
      ],
      [
        -5.2131,
        36.2078
      ],
      [
        -5.2821,
        36.1247
      ],
      [
        -5.3333,
        36.0375
      ],
      [
        -5.366,
        35.9471
      ],
      [
        -5.3799,
        35.8545
      ],
      [
        -5.375,
        35.7608
      ],
      [
        -5.3514,
        35.667
      ],
      [
        -5.3093,
        35.574
      ],
      [
        -5.2495,
        35.483
      ],
      [
        -5.1726,
        35.3948
      ],
      [
        -5.0795,
        35.3104
      ],
      [
        -4.9714,
        35.2308
      ],
      [
        -4.8495,
        35.1566
      ],
      [
        -4.7152,
        35.0888
      ],
      [
        -4.5701,
        35.028
      ],
      [
        -4.4156,
        34.9749
      ],
      [
        -4.2536,
        34.93
      ],
      [
        -4.0857,
        34.8937
      ],
      [
        -3.9139,
        34.8665
      ],
      [
        -3.7399,
        34.8486
      ],
      [
        -3.5656,
        34.8403
      ],
      [
        -3.3928,
        34.8416
      ],
      [
        -3.2233,
        34.8525
      ],
      [
        -3.0589,
        34.8729
      ],
      [
        -2.9013,
        34.9027
      ],
      [
        -2.7522,
        34.9414
      ],
      [
        -2.613,
        34.9888
      ],
      [
        -2.4854,
        35.0442
      ],
      [
        -2.3705,
        35.1073
      ],
      [
        -2.2697,
        35.1772
      ],
      [
        -2.1839,
        35.2533
      ],
      [
        -2.1142,
        35.3348
      ],
      [
        -2.0613,
        35.4208
      ],
      [
        -2.0258,
        35.5103
      ],
      [
        -2.0081,
        35.6024
      ],
      [
        -2.0086,
        35.6962
      ],
      [
        -2.0272,
        35.7905
      ],
      [
        -2.0638,
        35.8844
      ],
      [
        -2.1182,
        35.9767
      ]
    ],
    [
      [
        -2.1247,
        36.0663
      ],
      [
        -2.2125,
        36.1526
      ],
      [
        -2.316,
        36.2344
      ],
      [
        -2.4341,
        36.3108
      ],
      [
        -2.5655,
        36.3808
      ],
      [
        -2.7088,
        36.4438
      ],
      [
        -2.8624,
        36.4989
      ],
      [
        -3.0248,
        36.5455
      ],
      [
        -3.1942,
        36.5831
      ],
      [
        -3.3685,
        36.6113
      ],
      [
        -3.546,
        36.6297
      ],
      [
        -3.7245,
        36.6381
      ],
      [
        -3.9021,
        36.6364
      ],
      [
        -4.0767,
        36.6247
      ],
      [
        -4.2464,
        36.6031
      ],
      [
        -4.4091,
        36.5718
      ],
      [
        -4.563,
        36.5313
      ],
      [
        -4.7063,
        36.4819
      ],
      [
        -4.8374,
        36.4243
      ],
      [
        -4.9549,
        36.3592
      ],
      [
        -5.0572,
        36.2872
      ],
      [
        -5.1434,
        36.2093
      ],
      [
        -5.2125,
        36.1263
      ],
      [
        -5.2636,
        36.0391
      ],
      [
        -5.2964,
        35.9487
      ],
      [
        -5.3104,
        35.8562
      ],
      [
        -5.3056,
        35.7624
      ],
      [
        -5.2821,
        35.6686
      ],
      [
        -5.2403,
        35.5756
      ],
      [
        -5.1806,
        35.4845
      ],
      [
        -5.1039,
        35.3963
      ],
      [
        -5.0111,
        35.3119
      ],
      [
        -4.9032,
        35.2321
      ],
      [
        -4.7816,
        35.1579
      ],
      [
        -4.6476,
        35.09
      ],
      [
        -4.5027,
        35.0292
      ],
      [
        -4.3485,
        34.9759
      ],
      [
        -4.1868,
        34.9309
      ],
      [
        -4.0192,
        34.8945
      ],
      [
        -3.8477,
        34.8672
      ],
      [
        -3.6739,
        34.8493
      ],
      [
        -3.4999,
        34.8408
      ],
      [
        -3.3273,
        34.842
      ],
      [
        -3.158,
        34.8528
      ],
      [
        -2.9939,
        34.8732
      ],
      [
        -2.8365,
        34.9028
      ],
      [
        -2.6875,
        34.9415
      ],
      [
        -2.5485,
        34.9887
      ],
      [
        -2.421,
        35.0442
      ],
      [
        -2.3062,
        35.1071
      ],
      [
        -2.2055,
        35.177
      ],
      [
        -2.1197,
        35.2531
      ],
      [
        -2.05,
        35.3345
      ],
      [
        -1.9971,
        35.4204
      ],
      [
        -1.9616,
        35.5099
      ],
      [
        -1.9438,
        35.6021
      ],
      [
        -1.9442,
        35.6958
      ],
      [
        -1.9626,
        35.7901
      ],
      [
        -1.9991,
        35.884
      ],
      [
        -2.0533,
        35.9764
      ]
    ],
    [
      [
        -2.0597,
        36.066
      ],
      [
        -2.1474,
        36.1523
      ],
      [
        -2.2506,
        36.2342
      ],
      [
        -2.3684,
        36.3106
      ],
      [
        -2.4996,
        36.3808
      ],
      [
        -2.6426,
        36.4438
      ],
      [
        -2.796,
        36.499
      ],
      [
        -2.9581,
        36.5457
      ],
      [
        -3.1271,
        36.5834
      ],
      [
        -3.3012,
        36.6117
      ],
      [
        -3.4784,
        36.6302
      ],
      [
        -3.6567,
        36.6387
      ],
      [
        -3.834,
        36.6372
      ],
      [
        -4.0084,
        36.6256
      ],
      [
        -4.1778,
        36.604
      ],
      [
        -4.3403,
        36.5728
      ],
      [
        -4.494,
        36.5324
      ],
      [
        -4.6372,
        36.4831
      ],
      [
        -4.7682,
        36.4256
      ],
      [
        -4.8855,
        36.3605
      ],
      [
        -4.9878,
        36.2887
      ],
      [
        -5.0739,
        36.2108
      ],
      [
        -5.143,
        36.1278
      ],
      [
        -5.1941,
        36.0406
      ],
      [
        -5.2269,
        35.9503
      ],
      [
        -5.241,
        35.8577
      ],
      [
        -5.2363,
        35.764
      ],
      [
        -5.213,
        35.6701
      ],
      [
        -5.1713,
        35.5771
      ],
      [
        -5.1119,
        35.486
      ],
      [
        -5.0354,
        35.3978
      ],
      [
        -4.9428,
        35.3133
      ],
      [
        -4.8352,
        35.2335
      ],
      [
        -4.7138,
        35.1592
      ],
      [
        -4.5801,
        35.0912
      ],
      [
        -4.4354,
        35.0302
      ],
      [
        -4.2816,
        34.9769
      ],
      [
        -4.1201,
        34.9318
      ],
      [
        -3.9528,
        34.8953
      ],
      [
        -3.7816,
        34.8679
      ],
      [
        -3.6081,
        34.8499
      ],
      [
        -3.4343,
        34.8413
      ],
      [
        -3.262,
        34.8424
      ],
      [
        -3.0929,
        34.8531
      ],
      [
        -2.929,
        34.8734
      ],
      [
        -2.7718,
        34.9029
      ],
      [
        -2.623,
        34.9415
      ],
      [
        -2.4842,
        34.9887
      ],
      [
        -2.3567,
        35.044
      ],
      [
        -2.2421,
        35.1069
      ],
      [
        -2.1413,
        35.1768
      ],
      [
        -2.0557,
        35.2528
      ],
      [
        -1.986,
        35.3342
      ],
      [
        -1.933,
        35.4201
      ],
      [
        -1.8974,
        35.5096
      ],
      [
        -1.8796,
        35.6017
      ],
      [
        -1.8799,
        35.6954
      ],
      [
        -1.8982,
        35.7897
      ],
      [
        -1.9345,
        35.8836
      ],
      [
        -1.9885,
        35.9761
      ]
    ],
    [
      [
        -1.9949,
        36.0656
      ],
      [
        -2.0823,
        36.152
      ],
      [
        -2.1854,
        36.234
      ],
      [
        -2.3029,
        36.3105
      ],
      [
        -2.4338,
        36.3807
      ],
      [
        -2.5765,
        36.4438
      ],
      [
        -2.7297,
        36.4991
      ],
      [
        -2.8915,
        36.5459
      ],
      [
        -3.0603,
        36.5837
      ],
      [
        -3.2341,
        36.6121
      ],
      [
        -3.411,
        36.6307
      ],
      [
        -3.589,
        36.6393
      ],
      [
        -3.766,
        36.6378
      ],
      [
        -3.9402,
        36.6263
      ],
      [
        -4.1094,
        36.6049
      ],
      [
        -4.2716,
        36.5738
      ],
      [
        -4.4252,
        36.5334
      ],
      [
        -4.5682,
        36.4843
      ],
      [
        -4.6991,
        36.4268
      ],
      [
        -4.8163,
        36.3618
      ],
      [
        -4.9185,
        36.29
      ],
      [
        -5.0046,
        36.2122
      ],
      [
        -5.0736,
        36.1292
      ],
      [
        -5.1248,
        36.0421
      ],
      [
        -5.1576,
        35.9518
      ],
      [
        -5.1718,
        35.8592
      ],
      [
        -5.1672,
        35.7655
      ],
      [
        -5.144,
        35.6716
      ],
      [
        -5.1025,
        35.5786
      ],
      [
        -5.0432,
        35.4875
      ],
      [
        -4.967,
        35.3991
      ],
      [
        -4.8746,
        35.3146
      ],
      [
        -4.7672,
        35.2347
      ],
      [
        -4.6461,
        35.1604
      ],
      [
        -4.5127,
        35.0923
      ],
      [
        -4.3683,
        35.0313
      ],
      [
        -4.2147,
        34.9779
      ],
      [
        -4.0536,
        34.9326
      ],
      [
        -3.8866,
        34.8961
      ],
      [
        -3.7156,
        34.8686
      ],
      [
        -3.5424,
        34.8504
      ],
      [
        -3.3688,
        34.8418
      ],
      [
        -3.1968,
        34.8428
      ],
      [
        -3.028,
        34.8534
      ],
      [
        -2.8642,
        34.8735
      ],
      [
        -2.7072,
        34.903
      ],
      [
        -2.5586,
        34.9415
      ],
      [
        -2.4199,
        34.9886
      ],
      [
        -2.2926,
        35.0438
      ],
      [
        -2.178,
        35.1067
      ],
      [
        -2.0774,
        35.1765
      ],
      [
        -1.9917,
        35.2524
      ],
      [
        -1.922,
        35.3338
      ],
      [
        -1.8691,
        35.4196
      ],
      [
        -1.8334,
        35.5091
      ],
      [
        -1.8155,
        35.6012
      ],
      [
        -1.8157,
        35.695
      ],
      [
        -1.8339,
        35.7893
      ],
      [
        -1.8701,
        35.8832
      ],
      [
        -1.9239,
        35.9757
      ]
    ],
    [
      [
        -1.9302,
        36.0652
      ],
      [
        -2.0174,
        36.1517
      ],
      [
        -2.1202,
        36.2337
      ],
      [
        -2.2375,
        36.3102
      ],
      [
        -2.3681,
        36.3805
      ],
      [
        -2.5106,
        36.4437
      ],
      [
        -2.6635,
        36.4991
      ],
      [
        -2.825,
        36.546
      ],
      [
        -2.9935,
        36.5839
      ],
      [
        -3.167,
        36.6124
      ],
      [
        -3.3436,
        36.6311
      ],
      [
        -3.5214,
        36.6398
      ],
      [
        -3.6982,
        36.6384
      ],
      [
        -3.8721,
        36.627
      ],
      [
        -4.041,
        36.6057
      ],
      [
        -4.2031,
        36.5747
      ],
      [
        -4.3565,
        36.5345
      ],
      [
        -4.4993,
        36.4854
      ],
      [
        -4.6301,
        36.428
      ],
      [
        -4.7472,
        36.3631
      ],
      [
        -4.8493,
        36.2913
      ],
      [
        -4.9354,
        36.2136
      ],
      [
        -5.0044,
        36.1307
      ],
      [
        -5.0556,
        36.0436
      ],
      [
        -5.0885,
        35.9532
      ],
      [
        -5.1027,
        35.8607
      ],
      [
        -5.0982,
        35.767
      ],
      [
        -5.0752,
        35.6731
      ],
      [
        -5.0338,
        35.58
      ],
      [
        -4.9748,
        35.4888
      ],
      [
        -4.8987,
        35.4005
      ],
      [
        -4.8066,
        35.3159
      ],
      [
        -4.6995,
        35.236
      ],
      [
        -4.5786,
        35.1615
      ],
      [
        -4.4454,
        35.0934
      ],
      [
        -4.3013,
        35.0322
      ],
      [
        -4.148,
        34.9787
      ],
      [
        -3.9872,
        34.9334
      ],
      [
        -3.8205,
        34.8968
      ],
      [
        -3.6497,
        34.8692
      ],
      [
        -3.4768,
        34.8509
      ],
      [
        -3.3035,
        34.8421
      ],
      [
        -3.1317,
        34.843
      ],
      [
        -2.9631,
        34.8536
      ],
      [
        -2.7996,
        34.8736
      ],
      [
        -2.6427,
        34.903
      ],
      [
        -2.4943,
        34.9414
      ],
      [
        -2.3557,
        34.9884
      ],
      [
        -2.2285,
        35.0436
      ],
      [
        -2.1141,
        35.1064
      ],
      [
        -2.0135,
        35.1761
      ],
      [
        -1.9279,
        35.252
      ],
      [
        -1.8582,
        35.3333
      ],
      [
        -1.8052,
        35.4192
      ],
      [
        -1.7695,
        35.5086
      ],
      [
        -1.7516,
        35.6007
      ],
      [
        -1.7516,
        35.6945
      ],
      [
        -1.7697,
        35.7888
      ],
      [
        -1.8057,
        35.8828
      ],
      [
        -1.8594,
        35.9752
      ]
    ],
    [
      [
        -1.8656,
        36.0648
      ],
      [
        -1.9526,
        36.1513
      ],
      [
        -2.0552,
        36.2333
      ],
      [
        -2.1722,
        36.31
      ],
      [
        -2.3026,
        36.3803
      ],
      [
        -2.4448,
        36.4436
      ],
      [
        -2.5974,
        36.499
      ],
      [
        -2.7587,
        36.546
      ],
      [
        -2.9268,
        36.584
      ],
      [
        -3.1001,
        36.6126
      ],
      [
        -3.2765,
        36.6314
      ],
      [
        -3.4539,
        36.6402
      ],
      [
        -3.6305,
        36.639
      ],
      [
        -3.8041,
        36.6277
      ],
      [
        -3.9729,
        36.6065
      ],
      [
        -4.1348,
        36.5756
      ],
      [
        -4.2879,
        36.5354
      ],
      [
        -4.4306,
        36.4864
      ],
      [
        -4.5612,
        36.4291
      ],
      [
        -4.6782,
        36.3643
      ],
      [
        -4.7803,
        36.2926
      ],
      [
        -4.8663,
        36.2149
      ],
      [
        -4.9353,
        36.132
      ],
      [
        -4.9865,
        36.0449
      ],
      [
        -5.0194,
        35.9546
      ],
      [
        -5.0338,
        35.8621
      ],
      [
        -5.0294,
        35.7684
      ],
      [
        -5.0065,
        35.6745
      ],
      [
        -4.9653,
        35.5814
      ],
      [
        -4.9064,
        35.4902
      ],
      [
        -4.8305,
        35.4018
      ],
      [
        -4.7386,
        35.3171
      ],
      [
        -4.6318,
        35.2371
      ],
      [
        -4.5112,
        35.1626
      ],
      [
        -4.3783,
        35.0944
      ],
      [
        -4.2345,
        35.0332
      ],
      [
        -4.0815,
        34.9796
      ],
      [
        -3.9209,
        34.9342
      ],
      [
        -3.7545,
        34.8974
      ],
      [
        -3.584,
        34.8697
      ],
      [
        -3.4113,
        34.8513
      ],
      [
        -3.2383,
        34.8425
      ],
      [
        -3.0667,
        34.8433
      ],
      [
        -2.8984,
        34.8537
      ],
      [
        -2.735,
        34.8736
      ],
      [
        -2.5784,
        34.9029
      ],
      [
        -2.4301,
        34.9412
      ],
      [
        -2.2917,
        34.9882
      ],
      [
        -2.1646,
        35.0433
      ],
      [
        -2.0502,
        35.1061
      ],
      [
        -1.9497,
        35.1757
      ],
      [
        -1.8642,
        35.2516
      ],
      [
        -1.7945,
        35.3328
      ],
      [
        -1.7415,
        35.4187
      ],
      [
        -1.7057,
        35.5081
      ],
      [
        -1.6877,
        35.6002
      ],
      [
        -1.6876,
        35.6939
      ],
      [
        -1.7056,
        35.7883
      ],
      [
        -1.7415,
        35.8822
      ],
      [
        -1.795,
        35.9747
      ]
    ],
    [
      [
        -1.8011,
        36.0643
      ],
      [
        -1.8879,
        36.1508
      ],
      [
        -1.9902,
        36.2329
      ],
      [
        -2.1071,
        36.3096
      ],
      [
        -2.2371,
        36.3801
      ],
      [
        -2.3791,
        36.4434
      ],
      [
        -2.5314,
        36.4989
      ],
      [
        -2.6924,
        36.546
      ],
      [
        -2.8603,
        36.5841
      ],
      [
        -3.0333,
        36.6128
      ],
      [
        -3.2094,
        36.6317
      ],
      [
        -3.3866,
        36.6406
      ],
      [
        -3.5629,
        36.6395
      ],
      [
        -3.7363,
        36.6283
      ],
      [
        -3.9048,
        36.6072
      ],
      [
        -4.0665,
        36.5764
      ],
      [
        -4.2195,
        36.5363
      ],
      [
        -4.362,
        36.4874
      ],
      [
        -4.4925,
        36.4302
      ],
      [
        -4.6094,
        36.3654
      ],
      [
        -4.7114,
        36.2938
      ],
      [
        -4.7973,
        36.2161
      ],
      [
        -4.8663,
        36.1333
      ],
      [
        -4.9176,
        36.0463
      ],
      [
        -4.9506,
        35.956
      ],
      [
        -4.965,
        35.8635
      ],
      [
        -4.9607,
        35.7697
      ],
      [
        -4.9379,
        35.6758
      ],
      [
        -4.8969,
        35.5827
      ],
      [
        -4.8382,
        35.4915
      ],
      [
        -4.7625,
        35.403
      ],
      [
        -4.6709,
        35.3183
      ],
      [
        -4.5643,
        35.2382
      ],
      [
        -4.4439,
        35.1637
      ],
      [
        -4.3113,
        35.0953
      ],
      [
        -4.1678,
        35.034
      ],
      [
        -4.015,
        34.9803
      ],
      [
        -3.8547,
        34.9348
      ],
      [
        -3.6886,
        34.898
      ],
      [
        -3.5184,
        34.8702
      ],
      [
        -3.346,
        34.8517
      ],
      [
        -3.1732,
        34.8428
      ],
      [
        -3.0019,
        34.8435
      ],
      [
        -2.8338,
        34.8538
      ],
      [
        -2.6706,
        34.8736
      ],
      [
        -2.5142,
        34.9028
      ],
      [
        -2.3661,
        34.9411
      ],
      [
        -2.2278,
        34.988
      ],
      [
        -2.1008,
        35.043
      ],
      [
        -1.9865,
        35.1057
      ],
      [
        -1.8861,
        35.1753
      ],
      [
        -1.8005,
        35.2511
      ],
      [
        -1.7309,
        35.3323
      ],
      [
        -1.6779,
        35.4181
      ],
      [
        -1.6421,
        35.5075
      ],
      [
        -1.624,
        35.5996
      ],
      [
        -1.6238,
        35.6933
      ],
      [
        -1.6416,
        35.7877
      ],
      [
        -1.6774,
        35.8817
      ],
      [
        -1.7307,
        35.9742
      ]
    ],
    [
      [
        -1.7367,
        36.0637
      ],
      [
        -1.8233,
        36.1503
      ],
      [
        -1.9254,
        36.2325
      ],
      [
        -2.042,
        36.3092
      ],
      [
        -2.1718,
        36.3798
      ],
      [
        -2.3135,
        36.4432
      ],
      [
        -2.4656,
        36.4988
      ],
      [
        -2.6263,
        36.546
      ],
      [
        -2.7939,
        36.5842
      ],
      [
        -2.9666,
        36.613
      ],
      [
        -3.1424,
        36.632
      ],
      [
        -3.3194,
        36.641
      ],
      [
        -3.4954,
        36.64
      ],
      [
        -3.6686,
        36.6289
      ],
      [
        -3.8369,
        36.6078
      ],
      [
        -3.9984,
        36.5771
      ],
      [
        -4.1512,
        36.5371
      ],
      [
        -4.2936,
        36.4883
      ],
      [
        -4.4239,
        36.4312
      ],
      [
        -4.5407,
        36.3665
      ],
      [
        -4.6426,
        36.2949
      ],
      [
        -4.7285,
        36.2173
      ],
      [
        -4.7975,
        36.1345
      ],
      [
        -4.8488,
        36.0475
      ],
      [
        -4.8818,
        35.9573
      ],
      [
        -4.8963,
        35.8648
      ],
      [
        -4.8921,
        35.771
      ],
      [
        -4.8695,
        35.6771
      ],
      [
        -4.8286,
        35.584
      ],
      [
        -4.7701,
        35.4927
      ],
      [
        -4.6947,
        35.4042
      ],
      [
        -4.6032,
        35.3194
      ],
      [
        -4.4969,
        35.2393
      ],
      [
        -4.3768,
        35.1646
      ],
      [
        -4.2444,
        35.0963
      ],
      [
        -4.1012,
        35.0348
      ],
      [
        -3.9487,
        34.9811
      ],
      [
        -3.7887,
        34.9355
      ],
      [
        -3.6228,
        34.8985
      ],
      [
        -3.4529,
        34.8706
      ],
      [
        -3.2808,
        34.852
      ],
      [
        -3.1083,
        34.843
      ],
      [
        -2.9372,
        34.8436
      ],
      [
        -2.7693,
        34.8538
      ],
      [
        -2.6063,
        34.8736
      ],
      [
        -2.4501,
        34.9027
      ],
      [
        -2.3021,
        34.9408
      ],
      [
        -2.164,
        34.9876
      ],
      [
        -2.0371,
        35.0426
      ],
      [
        -1.9229,
        35.1052
      ],
      [
        -1.8225,
        35.1748
      ],
      [
        -1.737,
        35.2505
      ],
      [
        -1.6674,
        35.3317
      ],
      [
        -1.6143,
        35.4175
      ],
      [
        -1.5785,
        35.5069
      ],
      [
        -1.5603,
        35.5989
      ],
      [
        -1.5601,
        35.6927
      ],
      [
        -1.5778,
        35.7871
      ],
      [
        -1.6134,
        35.8811
      ],
      [
        -1.6665,
        35.9736
      ]
    ],
    [
      [
        -1.6725,
        36.0631
      ],
      [
        -1.7589,
        36.1498
      ],
      [
        -1.8607,
        36.232
      ],
      [
        -1.9771,
        36.3088
      ],
      [
        -2.1066,
        36.3794
      ],
      [
        -2.2481,
        36.4429
      ],
      [
        -2.3998,
        36.4986
      ],
      [
        -2.5603,
        36.5459
      ],
      [
        -2.7277,
        36.5842
      ],
      [
        -2.9001,
        36.6131
      ],
      [
        -3.0756,
        36.6322
      ],
      [
        -3.2523,
        36.6413
      ],
      [
        -3.4281,
        36.6404
      ],
      [
        -3.601,
        36.6294
      ],
      [
        -3.7691,
        36.6084
      ],
      [
        -3.9304,
        36.5778
      ],
      [
        -4.083,
        36.5379
      ],
      [
        -4.2252,
        36.4892
      ],
      [
        -4.3554,
        36.4322
      ],
      [
        -4.4721,
        36.3675
      ],
      [
        -4.574,
        36.296
      ],
      [
        -4.6599,
        36.2184
      ],
      [
        -4.7288,
        36.1357
      ],
      [
        -4.7801,
        36.0487
      ],
      [
        -4.8132,
        35.9585
      ],
      [
        -4.8277,
        35.866
      ],
      [
        -4.8237,
        35.7723
      ],
      [
        -4.8012,
        35.6783
      ],
      [
        -4.7605,
        35.5852
      ],
      [
        -4.7022,
        35.4938
      ],
      [
        -4.6269,
        35.4053
      ],
      [
        -4.5357,
        35.3205
      ],
      [
        -4.4296,
        35.2403
      ],
      [
        -4.3098,
        35.1656
      ],
      [
        -4.1777,
        35.0971
      ],
      [
        -4.0347,
        35.0356
      ],
      [
        -3.8825,
        34.9817
      ],
      [
        -3.7228,
        34.936
      ],
      [
        -3.5572,
        34.899
      ],
      [
        -3.3876,
        34.871
      ],
      [
        -3.2157,
        34.8523
      ],
      [
        -3.0434,
        34.8432
      ],
      [
        -2.8726,
        34.8437
      ],
      [
        -2.7049,
        34.8538
      ],
      [
        -2.5422,
        34.8735
      ],
      [
        -2.3861,
        34.9025
      ],
      [
        -2.2383,
        34.9406
      ],
      [
        -2.1003,
        34.9873
      ],
      [
        -1.9736,
        35.0422
      ],
      [
        -1.8594,
        35.1047
      ],
      [
        -1.7591,
        35.1742
      ],
      [
        -1.6737,
        35.2499
      ],
      [
        -1.604,
        35.3311
      ],
      [
        -1.5509,
        35.4168
      ],
      [
        -1.5151,
        35.5062
      ],
      [
        -1.4968,
        35.5982
      ],
      [
        -1.4964,
        35.692
      ],
      [
        -1.514,
        35.7864
      ],
      [
        -1.5495,
        35.8804
      ],
      [
        -1.6024,
        35.973
      ]
    ],
    [
      [
        -1.6083,
        36.0625
      ],
      [
        -1.6945,
        36.1492
      ],
      [
        -1.7962,
        36.2315
      ],
      [
        -1.9123,
        36.3084
      ],
      [
        -2.0416,
        36.379
      ],
      [
        -2.1827,
        36.4426
      ],
      [
        -2.3342,
        36.4984
      ],
      [
        -2.4944,
        36.5457
      ],
      [
        -2.6615,
        36.5841
      ],
      [
        -2.8337,
        36.6131
      ],
      [
        -3.0089,
        36.6323
      ],
      [
        -3.1853,
        36.6416
      ],
      [
        -3.3609,
        36.6407
      ],
      [
        -3.5336,
        36.6298
      ],
      [
        -3.7014,
        36.609
      ],
      [
        -3.8625,
        36.5785
      ],
      [
        -4.015,
        36.5387
      ],
      [
        -4.1571,
        36.49
      ],
      [
        -4.2871,
        36.4331
      ],
      [
        -4.4037,
        36.3685
      ],
      [
        -4.5055,
        36.297
      ],
      [
        -4.5913,
        36.2195
      ],
      [
        -4.6603,
        36.1368
      ],
      [
        -4.7116,
        36.0499
      ],
      [
        -4.7447,
        35.9597
      ],
      [
        -4.7593,
        35.8672
      ],
      [
        -4.7554,
        35.7735
      ],
      [
        -4.733,
        35.6795
      ],
      [
        -4.6925,
        35.5863
      ],
      [
        -4.6343,
        35.4949
      ],
      [
        -4.5593,
        35.4064
      ],
      [
        -4.4683,
        35.3215
      ],
      [
        -4.3624,
        35.2412
      ],
      [
        -4.2429,
        35.1664
      ],
      [
        -4.111,
        35.0979
      ],
      [
        -3.9684,
        35.0363
      ],
      [
        -3.8164,
        34.9824
      ],
      [
        -3.657,
        34.9366
      ],
      [
        -3.4917,
        34.8994
      ],
      [
        -3.3223,
        34.8713
      ],
      [
        -3.1507,
        34.8526
      ],
      [
        -2.9787,
        34.8433
      ],
      [
        -2.8081,
        34.8437
      ],
      [
        -2.6406,
        34.8538
      ],
      [
        -2.4781,
        34.8733
      ],
      [
        -2.3222,
        34.9023
      ],
      [
        -2.1746,
        34.9402
      ],
      [
        -2.0367,
        34.9869
      ],
      [
        -1.9101,
        35.0417
      ],
      [
        -1.7961,
        35.1042
      ],
      [
        -1.6958,
        35.1736
      ],
      [
        -1.6104,
        35.2493
      ],
      [
        -1.5407,
        35.3304
      ],
      [
        -1.4877,
        35.4161
      ],
      [
        -1.4517,
        35.5055
      ],
      [
        -1.4334,
        35.5975
      ],
      [
        -1.4329,
        35.6913
      ],
      [
        -1.4504,
        35.7857
      ],
      [
        -1.4857,
        35.8797
      ],
      [
        -1.5385,
        35.9723
      ]
    ],
    [
      [
        -1.5443,
        36.0618
      ],
      [
        -1.6303,
        36.1485
      ],
      [
        -1.7317,
        36.2309
      ],
      [
        -1.8475,
        36.3078
      ],
      [
        -1.9766,
        36.3785
      ],
      [
        -2.1175,
        36.4422
      ],
      [
        -2.2687,
        36.4981
      ],
      [
        -2.4286,
        36.5456
      ],
      [
        -2.5955,
        36.584
      ],
      [
        -2.7673,
        36.6131
      ],
      [
        -2.9424,
        36.6324
      ],
      [
        -3.1185,
        36.6418
      ],
      [
        -3.2938,
        36.641
      ],
      [
        -3.4663,
        36.6302
      ],
      [
        -3.6339,
        36.6095
      ],
      [
        -3.7948,
        36.5791
      ],
      [
        -3.9471,
        36.5394
      ],
      [
        -4.089,
        36.4908
      ],
      [
        -4.2189,
        36.4339
      ],
      [
        -4.3354,
        36.3694
      ],
      [
        -4.4371,
        36.298
      ],
      [
        -4.5229,
        36.2206
      ],
      [
        -4.5918,
        36.1379
      ],
      [
        -4.6431,
        36.051
      ],
      [
        -4.6763,
        35.9608
      ],
      [
        -4.6911,
        35.8683
      ],
      [
        -4.6872,
        35.7746
      ],
      [
        -4.665,
        35.6806
      ],
      [
        -4.6246,
        35.5874
      ],
      [
        -4.5666,
        35.496
      ],
      [
        -4.4918,
        35.4074
      ],
      [
        -4.4011,
        35.3224
      ],
      [
        -4.2954,
        35.2421
      ],
      [
        -4.1761,
        35.1673
      ],
      [
        -4.0445,
        35.0986
      ],
      [
        -3.9021,
        35.037
      ],
      [
        -3.7505,
        34.9829
      ],
      [
        -3.5913,
        34.9371
      ],
      [
        -3.4263,
        34.8998
      ],
      [
        -3.2572,
        34.8716
      ],
      [
        -3.0859,
        34.8527
      ],
      [
        -2.9141,
        34.8434
      ],
      [
        -2.7437,
        34.8437
      ],
      [
        -2.5765,
        34.8537
      ],
      [
        -2.4142,
        34.8731
      ],
      [
        -2.2585,
        34.902
      ],
      [
        -2.111,
        34.9399
      ],
      [
        -1.9733,
        34.9865
      ],
      [
        -1.8468,
        35.0412
      ],
      [
        -1.7328,
        35.1036
      ],
      [
        -1.6326,
        35.173
      ],
      [
        -1.5472,
        35.2486
      ],
      [
        -1.4776,
        35.3297
      ],
      [
        -1.4245,
        35.4154
      ],
      [
        -1.3885,
        35.5047
      ],
      [
        -1.3701,
        35.5967
      ],
      [
        -1.3695,
        35.6905
      ],
      [
        -1.3869,
        35.7849
      ],
      [
        -1.422,
        35.8789
      ],
      [
        -1.4747,
        35.9716
      ]
    ],
    [
      [
        -1.4804,
        36.0611
      ],
      [
        -1.5661,
        36.1479
      ],
      [
        -1.6673,
        36.2302
      ],
      [
        -1.783,
        36.3073
      ],
      [
        -1.9118,
        36.3781
      ],
      [
        -2.0524,
        36.4418
      ],
      [
        -2.2034,
        36.4978
      ],
      [
        -2.363,
        36.5453
      ],
      [
        -2.5296,
        36.5839
      ],
      [
        -2.7012,
        36.613
      ],
      [
        -2.8759,
        36.6325
      ],
      [
        -3.0518,
        36.6419
      ],
      [
        -3.2269,
        36.6413
      ],
      [
        -3.3991,
        36.6306
      ],
      [
        -3.5665,
        36.6099
      ],
      [
        -3.7272,
        36.5796
      ],
      [
        -3.8793,
        36.54
      ],
      [
        -4.021,
        36.4915
      ],
      [
        -4.1509,
        36.4347
      ],
      [
        -4.2672,
        36.3703
      ],
      [
        -4.3689,
        36.2989
      ],
      [
        -4.4546,
        36.2215
      ],
      [
        -4.5235,
        36.1389
      ],
      [
        -4.5749,
        36.052
      ],
      [
        -4.6081,
        35.9619
      ],
      [
        -4.6229,
        35.8694
      ],
      [
        -4.6192,
        35.7757
      ],
      [
        -4.5971,
        35.6817
      ],
      [
        -4.5569,
        35.5885
      ],
      [
        -4.4991,
        35.497
      ],
      [
        -4.4245,
        35.4083
      ],
      [
        -4.334,
        35.3233
      ],
      [
        -4.2285,
        35.243
      ],
      [
        -4.1095,
        35.168
      ],
      [
        -3.9782,
        35.0993
      ],
      [
        -3.8361,
        35.0376
      ],
      [
        -3.6847,
        34.9835
      ],
      [
        -3.5258,
        34.9375
      ],
      [
        -3.361,
        34.9001
      ],
      [
        -3.1922,
        34.8718
      ],
      [
        -3.0211,
        34.8529
      ],
      [
        -2.8496,
        34.8434
      ],
      [
        -2.6795,
        34.8437
      ],
      [
        -2.5125,
        34.8535
      ],
      [
        -2.3503,
        34.8729
      ],
      [
        -2.1948,
        34.9016
      ],
      [
        -2.0475,
        34.9395
      ],
      [
        -1.9099,
        34.986
      ],
      [
        -1.7835,
        35.0407
      ],
      [
        -1.6697,
        35.103
      ],
      [
        -1.5695,
        35.1723
      ],
      [
        -1.4842,
        35.2479
      ],
      [
        -1.4145,
        35.3289
      ],
      [
        -1.3614,
        35.4146
      ],
      [
        -1.3254,
        35.5039
      ],
      [
        -1.3069,
        35.5959
      ],
      [
        -1.3063,
        35.6896
      ],
      [
        -1.3235,
        35.7841
      ],
      [
        -1.3585,
        35.8781
      ],
      [
        -1.4109,
        35.9708
      ]
    ],
    [
      [
        -1.4166,
        36.0603
      ],
      [
        -1.5021,
        36.1471
      ],
      [
        -1.6031,
        36.2296
      ],
      [
        -1.7185,
        36.3067
      ],
      [
        -1.847,
        36.3775
      ],
      [
        -1.9874,
        36.4413
      ],
      [
        -2.1381,
        36.4974
      ],
      [
        -2.2975,
        36.545
      ],
      [
        -2.4638,
        36.5837
      ],
      [
        -2.6351,
        36.6129
      ],
      [
        -2.8096,
        36.6325
      ],
      [
        -2.9852,
        36.642
      ],
      [
        -3.16,
        36.6415
      ],
      [
        -3.332,
        36.6309
      ],
      [
        -3.4992,
        36.6103
      ],
      [
        -3.6597,
        36.5801
      ],
      [
        -3.8116,
        36.5406
      ],
      [
        -3.9532,
        36.4922
      ],
      [
        -4.0829,
        36.4354
      ],
      [
        -4.1992,
        36.3711
      ],
      [
        -4.3008,
        36.2998
      ],
      [
        -4.3865,
        36.2225
      ],
      [
        -4.4554,
        36.1399
      ],
      [
        -4.5067,
        36.053
      ],
      [
        -4.54,
        35.9629
      ],
      [
        -4.5549,
        35.8704
      ],
      [
        -4.5513,
        35.7767
      ],
      [
        -4.5293,
        35.6827
      ],
      [
        -4.4892,
        35.5894
      ],
      [
        -4.4317,
        35.498
      ],
      [
        -4.3573,
        35.4092
      ],
      [
        -4.267,
        35.3242
      ],
      [
        -4.1618,
        35.2438
      ],
      [
        -4.043,
        35.1688
      ],
      [
        -3.9119,
        35.1
      ],
      [
        -3.7701,
        35.0382
      ],
      [
        -3.619,
        34.9839
      ],
      [
        -3.4604,
        34.9379
      ],
      [
        -3.2959,
        34.9004
      ],
      [
        -3.1273,
        34.872
      ],
      [
        -2.9565,
        34.853
      ],
      [
        -2.7852,
        34.8434
      ],
      [
        -2.6153,
        34.8435
      ],
      [
        -2.4485,
        34.8533
      ],
      [
        -2.2866,
        34.8726
      ],
      [
        -2.1313,
        34.9013
      ],
      [
        -1.9841,
        34.939
      ],
      [
        -1.8467,
        34.9854
      ],
      [
        -1.7204,
        35.0401
      ],
      [
        -1.6066,
        35.1023
      ],
      [
        -1.5065,
        35.1716
      ],
      [
        -1.4212,
        35.2471
      ],
      [
        -1.3516,
        35.3281
      ],
      [
        -1.2985,
        35.4137
      ],
      [
        -1.2624,
        35.503
      ],
      [
        -1.2438,
        35.595
      ],
      [
        -1.2431,
        35.6888
      ],
      [
        -1.2602,
        35.7832
      ],
      [
        -1.295,
        35.8773
      ],
      [
        -1.3473,
        35.97
      ]
    ],
    [
      [
        -1.3529,
        36.0595
      ],
      [
        -1.4382,
        36.1463
      ],
      [
        -1.539,
        36.2288
      ],
      [
        -1.6541,
        36.306
      ],
      [
        -1.7824,
        36.3769
      ],
      [
        -1.9226,
        36.4408
      ],
      [
        -2.073,
        36.497
      ],
      [
        -2.2321,
        36.5447
      ],
      [
        -2.3981,
        36.5834
      ],
      [
        -2.5691,
        36.6128
      ],
      [
        -2.7434,
        36.6324
      ],
      [
        -2.9188,
        36.642
      ],
      [
        -3.0933,
        36.6416
      ],
      [
        -3.2651,
        36.6311
      ],
      [
        -3.4321,
        36.6107
      ],
      [
        -3.5924,
        36.5806
      ],
      [
        -3.7441,
        36.5411
      ],
      [
        -3.8856,
        36.4928
      ],
      [
        -4.0151,
        36.4361
      ],
      [
        -4.1313,
        36.3718
      ],
      [
        -4.2328,
        36.3006
      ],
      [
        -4.3185,
        36.2233
      ],
      [
        -4.3874,
        36.1408
      ],
      [
        -4.4387,
        36.054
      ],
      [
        -4.4721,
        35.9639
      ],
      [
        -4.487,
        35.8714
      ],
      [
        -4.4835,
        35.7777
      ],
      [
        -4.4617,
        35.6836
      ],
      [
        -4.4218,
        35.5904
      ],
      [
        -4.3644,
        35.4989
      ],
      [
        -4.2902,
        35.4101
      ],
      [
        -4.2001,
        35.325
      ],
      [
        -4.0952,
        35.2445
      ],
      [
        -3.9766,
        35.1694
      ],
      [
        -3.8458,
        35.1006
      ],
      [
        -3.7042,
        35.0387
      ],
      [
        -3.5534,
        34.9843
      ],
      [
        -3.3951,
        34.9382
      ],
      [
        -3.2309,
        34.9007
      ],
      [
        -3.0626,
        34.8722
      ],
      [
        -2.892,
        34.853
      ],
      [
        -2.721,
        34.8434
      ],
      [
        -2.5513,
        34.8434
      ],
      [
        -2.3847,
        34.8531
      ],
      [
        -2.223,
        34.8723
      ],
      [
        -2.0679,
        34.9008
      ],
      [
        -1.9209,
        34.9385
      ],
      [
        -1.7836,
        34.9848
      ],
      [
        -1.6574,
        35.0394
      ],
      [
        -1.5437,
        35.1016
      ],
      [
        -1.4437,
        35.1708
      ],
      [
        -1.3584,
        35.2463
      ],
      [
        -1.2888,
        35.3273
      ],
      [
        -1.2356,
        35.4129
      ],
      [
        -1.1995,
        35.5021
      ],
      [
        -1.1809,
        35.5941
      ],
      [
        -1.18,
        35.6879
      ],
      [
        -1.197,
        35.7823
      ],
      [
        -1.2317,
        35.8764
      ],
      [
        -1.2838,
        35.9691
      ]
    ],
    [
      [
        -1.2893,
        36.0586
      ],
      [
        -1.3744,
        36.1455
      ],
      [
        -1.475,
        36.2281
      ],
      [
        -1.5899,
        36.3053
      ],
      [
        -1.7179,
        36.3763
      ],
      [
        -1.8578,
        36.4403
      ],
      [
        -2.008,
        36.4965
      ],
      [
        -2.1668,
        36.5443
      ],
      [
        -2.3325,
        36.5831
      ],
      [
        -2.5033,
        36.6126
      ],
      [
        -2.6773,
        36.6323
      ],
      [
        -2.8524,
        36.642
      ],
      [
        -3.0267,
        36.6417
      ],
      [
        -3.1983,
        36.6313
      ],
      [
        -3.365,
        36.611
      ],
      [
        -3.5251,
        36.5809
      ],
      [
        -3.6767,
        36.5416
      ],
      [
        -3.818,
        36.4933
      ],
      [
        -3.9474,
        36.4368
      ],
      [
        -4.0635,
        36.3725
      ],
      [
        -4.165,
        36.3014
      ],
      [
        -4.2506,
        36.2241
      ],
      [
        -4.3195,
        36.1417
      ],
      [
        -4.3709,
        36.0549
      ],
      [
        -4.4042,
        35.9648
      ],
      [
        -4.4193,
        35.8723
      ],
      [
        -4.4159,
        35.7786
      ],
      [
        -4.3942,
        35.6845
      ],
      [
        -4.3544,
        35.5913
      ],
      [
        -4.2972,
        35.4997
      ],
      [
        -4.2232,
        35.4109
      ],
      [
        -4.1334,
        35.3257
      ],
      [
        -4.0287,
        35.2452
      ],
      [
        -3.9104,
        35.17
      ],
      [
        -3.7798,
        35.1011
      ],
      [
        -3.6385,
        35.0391
      ],
      [
        -3.488,
        34.9847
      ],
      [
        -3.3299,
        34.9385
      ],
      [
        -3.166,
        34.9008
      ],
      [
        -2.9979,
        34.8723
      ],
      [
        -2.8276,
        34.853
      ],
      [
        -2.6569,
        34.8433
      ],
      [
        -2.4874,
        34.8432
      ],
      [
        -2.3211,
        34.8528
      ],
      [
        -2.1596,
        34.8719
      ],
      [
        -2.0046,
        34.9004
      ],
      [
        -1.8577,
        34.9379
      ],
      [
        -1.7206,
        34.9842
      ],
      [
        -1.5945,
        35.0387
      ],
      [
        -1.4809,
        35.1009
      ],
      [
        -1.3809,
        35.17
      ],
      [
        -1.2957,
        35.2455
      ],
      [
        -1.2261,
        35.3264
      ],
      [
        -1.1729,
        35.4119
      ],
      [
        -1.1367,
        35.5012
      ],
      [
        -1.118,
        35.5932
      ],
      [
        -1.1171,
        35.6869
      ],
      [
        -1.1339,
        35.7813
      ],
      [
        -1.1685,
        35.8755
      ],
      [
        -1.2204,
        35.9682
      ]
    ],
    [
      [
        -1.2258,
        36.0577
      ],
      [
        -1.3108,
        36.1447
      ],
      [
        -1.4111,
        36.2273
      ],
      [
        -1.5257,
        36.3045
      ],
      [
        -1.6536,
        36.3756
      ],
      [
        -1.7932,
        36.4396
      ],
      [
        -1.9431,
        36.4959
      ],
      [
        -2.1016,
        36.5438
      ],
      [
        -2.2671,
        36.5828
      ],
      [
        -2.4376,
        36.6123
      ],
      [
        -2.6113,
        36.6321
      ],
      [
        -2.7862,
        36.642
      ],
      [
        -2.9603,
        36.6418
      ],
      [
        -3.1316,
        36.6315
      ],
      [
        -3.2981,
        36.6112
      ],
      [
        -3.458,
        36.5813
      ],
      [
        -3.6094,
        36.542
      ],
      [
        -3.7506,
        36.4938
      ],
      [
        -3.8799,
        36.4373
      ],
      [
        -3.9959,
        36.3732
      ],
      [
        -4.0972,
        36.3021
      ],
      [
        -4.1828,
        36.2249
      ],
      [
        -4.2517,
        36.1425
      ],
      [
        -4.3031,
        36.0557
      ],
      [
        -4.3365,
        35.9656
      ],
      [
        -4.3517,
        35.8732
      ],
      [
        -4.3484,
        35.7794
      ],
      [
        -4.3268,
        35.6854
      ],
      [
        -4.2872,
        35.5921
      ],
      [
        -4.2302,
        35.5005
      ],
      [
        -4.1564,
        35.4116
      ],
      [
        -4.0667,
        35.3264
      ],
      [
        -3.9623,
        35.2458
      ],
      [
        -3.8443,
        35.1706
      ],
      [
        -3.714,
        35.1016
      ],
      [
        -3.5729,
        35.0395
      ],
      [
        -3.4227,
        34.985
      ],
      [
        -3.2648,
        34.9387
      ],
      [
        -3.1012,
        34.901
      ],
      [
        -2.9334,
        34.8723
      ],
      [
        -2.7634,
        34.8529
      ],
      [
        -2.5929,
        34.8431
      ],
      [
        -2.4236,
        34.8429
      ],
      [
        -2.2575,
        34.8524
      ],
      [
        -2.0962,
        34.8714
      ],
      [
        -1.9414,
        34.8999
      ],
      [
        -1.7947,
        34.9373
      ],
      [
        -1.6577,
        34.9835
      ],
      [
        -1.5317,
        35.038
      ],
      [
        -1.4182,
        35.1001
      ],
      [
        -1.3183,
        35.1692
      ],
      [
        -1.2331,
        35.2445
      ],
      [
        -1.1635,
        35.3254
      ],
      [
        -1.1103,
        35.4109
      ],
      [
        -1.074,
        35.5002
      ],
      [
        -1.0553,
        35.5922
      ],
      [
        -1.0542,
        35.6859
      ],
      [
        -1.0709,
        35.7803
      ],
      [
        -1.1054,
        35.8745
      ],
      [
        -1.1571,
        35.9673
      ]
    ],
    [
      [
        -1.1625,
        36.0567
      ],
      [
        -1.2472,
        36.1437
      ],
      [
        -1.3473,
        36.2264
      ],
      [
        -1.4617,
        36.3037
      ],
      [
        -1.5893,
        36.3749
      ],
      [
        -1.7286,
        36.439
      ],
      [
        -1.8783,
        36.4954
      ],
      [
        -2.0366,
        36.5434
      ],
      [
        -2.2018,
        36.5824
      ],
      [
        -2.372,
        36.612
      ],
      [
        -2.5455,
        36.6319
      ],
      [
        -2.7201,
        36.6419
      ],
      [
        -2.8939,
        36.6418
      ],
      [
        -3.065,
        36.6316
      ],
      [
        -3.2313,
        36.6114
      ],
      [
        -3.391,
        36.5816
      ],
      [
        -3.5423,
        36.5424
      ],
      [
        -3.6833,
        36.4943
      ],
      [
        -3.8125,
        36.4379
      ],
      [
        -3.9284,
        36.3738
      ],
      [
        -4.0297,
        36.3028
      ],
      [
        -4.1152,
        36.2256
      ],
      [
        -4.1841,
        36.1432
      ],
      [
        -4.2355,
        36.0565
      ],
      [
        -4.269,
        35.9664
      ],
      [
        -4.2842,
        35.874
      ],
      [
        -4.281,
        35.7802
      ],
      [
        -4.2595,
        35.6862
      ],
      [
        -4.2201,
        35.5929
      ],
      [
        -4.1633,
        35.5012
      ],
      [
        -4.0897,
        35.4123
      ],
      [
        -4.0003,
        35.3271
      ],
      [
        -3.896,
        35.2464
      ],
      [
        -3.7783,
        35.1711
      ],
      [
        -3.6482,
        35.102
      ],
      [
        -3.5075,
        35.0399
      ],
      [
        -3.3575,
        34.9853
      ],
      [
        -3.1999,
        34.9389
      ],
      [
        -3.0365,
        34.9011
      ],
      [
        -2.869,
        34.8723
      ],
      [
        -2.6992,
        34.8528
      ],
      [
        -2.529,
        34.8429
      ],
      [
        -2.36,
        34.8426
      ],
      [
        -2.194,
        34.852
      ],
      [
        -2.0329,
        34.871
      ],
      [
        -1.8783,
        34.8993
      ],
      [
        -1.7318,
        34.9367
      ],
      [
        -1.5949,
        34.9828
      ],
      [
        -1.469,
        35.0372
      ],
      [
        -1.3556,
        35.0992
      ],
      [
        -1.2557,
        35.1682
      ],
      [
        -1.1706,
        35.2436
      ],
      [
        -1.101,
        35.3244
      ],
      [
        -1.0477,
        35.4099
      ],
      [
        -1.0115,
        35.4991
      ],
      [
        -0.9926,
        35.5911
      ],
      [
        -0.9915,
        35.6848
      ],
      [
        -1.0081,
        35.7793
      ],
      [
        -1.0423,
        35.8735
      ],
      [
        -1.094,
        35.9663
      ]
    ],
    [
      [
        -1.0992,
        36.0557
      ],
      [
        -1.1838,
        36.1428
      ],
      [
        -1.2836,
        36.2255
      ],
      [
        -1.3978,
        36.3029
      ],
      [
        -1.5251,
        36.3741
      ],
      [
        -1.6642,
        36.4383
      ],
      [
        -1.8136,
        36.4948
      ],
      [
        -1.9716,
        36.5428
      ],
      [
        -2.1366,
        36.582
      ],
      [
        -2.3066,
        36.6117
      ],
      [
        -2.4797,
        36.6317
      ],
      [
        -2.6541,
        36.6417
      ],
      [
        -2.8277,
        36.6417
      ],
      [
        -2.9986,
        36.6316
      ],
      [
        -3.1647,
        36.6115
      ],
      [
        -3.3242,
        36.5818
      ],
      [
        -3.4752,
        36.5427
      ],
      [
        -3.6161,
        36.4947
      ],
      [
        -3.7452,
        36.4384
      ],
      [
        -3.861,
        36.3743
      ],
      [
        -3.9622,
        36.3034
      ],
      [
        -4.0477,
        36.2263
      ],
      [
        -4.1165,
        36.1439
      ],
      [
        -4.168,
        36.0572
      ],
      [
        -4.2015,
        35.9672
      ],
      [
        -4.2168,
        35.8748
      ],
      [
        -4.2137,
        35.781
      ],
      [
        -4.1924,
        35.6869
      ],
      [
        -4.1531,
        35.5936
      ],
      [
        -4.0965,
        35.5019
      ],
      [
        -4.0231,
        35.413
      ],
      [
        -3.9339,
        35.3277
      ],
      [
        -3.8299,
        35.2469
      ],
      [
        -3.7124,
        35.1716
      ],
      [
        -3.5826,
        35.1024
      ],
      [
        -3.4421,
        35.0402
      ],
      [
        -3.2924,
        34.9855
      ],
      [
        -3.1351,
        34.939
      ],
      [
        -2.972,
        34.9011
      ],
      [
        -2.8047,
        34.8722
      ],
      [
        -2.6352,
        34.8527
      ],
      [
        -2.4652,
        34.8427
      ],
      [
        -2.2964,
        34.8423
      ],
      [
        -2.1307,
        34.8516
      ],
      [
        -1.9698,
        34.8704
      ],
      [
        -1.8153,
        34.8987
      ],
      [
        -1.669,
        34.936
      ],
      [
        -1.5322,
        34.9821
      ],
      [
        -1.4065,
        35.0363
      ],
      [
        -1.2931,
        35.0983
      ],
      [
        -1.1933,
        35.1673
      ],
      [
        -1.1082,
        35.2426
      ],
      [
        -1.0386,
        35.3234
      ],
      [
        -0.9853,
        35.4089
      ],
      [
        -0.949,
        35.4981
      ],
      [
        -0.9301,
        35.59
      ],
      [
        -0.9289,
        35.6837
      ],
      [
        -0.9453,
        35.7782
      ],
      [
        -0.9795,
        35.8724
      ],
      [
        -1.0309,
        35.9652
      ]
    ],
    [
      [
        -1.0361,
        36.0546
      ],
      [
        -1.1204,
        36.1418
      ],
      [
        -1.2201,
        36.2245
      ],
      [
        -1.334,
        36.302
      ],
      [
        -1.4611,
        36.3733
      ],
      [
        -1.5999,
        36.4375
      ],
      [
        -1.749,
        36.4941
      ],
      [
        -1.9068,
        36.5422
      ],
      [
        -2.0715,
        36.5815
      ],
      [
        -2.2412,
        36.6113
      ],
      [
        -2.4141,
        36.6314
      ],
      [
        -2.5882,
        36.6415
      ],
      [
        -2.7616,
        36.6416
      ],
      [
        -2.9322,
        36.6316
      ],
      [
        -3.0981,
        36.6116
      ],
      [
        -3.2575,
        36.582
      ],
      [
        -3.4083,
        36.543
      ],
      [
        -3.5491,
        36.495
      ],
      [
        -3.678,
        36.4388
      ],
      [
        -3.7937,
        36.3748
      ],
      [
        -3.8949,
        36.3039
      ],
      [
        -3.9803,
        36.2269
      ],
      [
        -4.0492,
        36.1446
      ],
      [
        -4.1006,
        36.0579
      ],
      [
        -4.1342,
        35.9679
      ],
      [
        -4.1496,
        35.8755
      ],
      [
        -4.1466,
        35.7817
      ],
      [
        -4.1254,
        35.6876
      ],
      [
        -4.0863,
        35.5942
      ],
      [
        -4.0298,
        35.5026
      ],
      [
        -3.9566,
        35.4136
      ],
      [
        -3.8677,
        35.3282
      ],
      [
        -3.7639,
        35.2474
      ],
      [
        -3.6466,
        35.172
      ],
      [
        -3.5171,
        35.1028
      ],
      [
        -3.3769,
        35.0404
      ],
      [
        -3.2274,
        34.9857
      ],
      [
        -3.0704,
        34.9391
      ],
      [
        -2.9075,
        34.9011
      ],
      [
        -2.7406,
        34.8721
      ],
      [
        -2.5713,
        34.8525
      ],
      [
        -2.4015,
        34.8424
      ],
      [
        -2.233,
        34.8419
      ],
      [
        -2.0675,
        34.8511
      ],
      [
        -1.9068,
        34.8699
      ],
      [
        -1.7525,
        34.898
      ],
      [
        -1.6063,
        34.9353
      ],
      [
        -1.4696,
        34.9812
      ],
      [
        -1.344,
        35.0355
      ],
      [
        -1.2307,
        35.0974
      ],
      [
        -1.131,
        35.1663
      ],
      [
        -1.0459,
        35.2416
      ],
      [
        -0.9763,
        35.3223
      ],
      [
        -0.923,
        35.4078
      ],
      [
        -0.8867,
        35.4969
      ],
      [
        -0.8677,
        35.5889
      ],
      [
        -0.8663,
        35.6826
      ],
      [
        -0.8827,
        35.7771
      ],
      [
        -0.9167,
        35.8713
      ],
      [
        -0.968,
        35.9641
      ]
    ],
    [
      [
        -0.9731,
        36.0535
      ],
      [
        -1.0572,
        36.1407
      ],
      [
        -1.1566,
        36.2235
      ],
      [
        -1.2703,
        36.301
      ],
      [
        -1.3972,
        36.3724
      ],
      [
        -1.5357,
        36.4367
      ],
      [
        -1.6846,
        36.4934
      ],
      [
        -1.8421,
        36.5416
      ],
      [
        -2.0065,
        36.5809
      ],
      [
        -2.176,
        36.6109
      ],
      [
        -2.3486,
        36.6311
      ],
      [
        -2.5225,
        36.6413
      ],
      [
        -2.6956,
        36.6414
      ],
      [
        -2.866,
        36.6315
      ],
      [
        -3.0317,
        36.6117
      ],
      [
        -3.1909,
        36.5821
      ],
      [
        -3.3416,
        36.5432
      ],
      [
        -3.4821,
        36.4953
      ],
      [
        -3.611,
        36.4392
      ],
      [
        -3.7266,
        36.3753
      ],
      [
        -3.8277,
        36.3044
      ],
      [
        -3.9131,
        36.2274
      ],
      [
        -3.9819,
        36.1452
      ],
      [
        -4.0334,
        36.0585
      ],
      [
        -4.067,
        35.9685
      ],
      [
        -4.0825,
        35.8761
      ],
      [
        -4.0796,
        35.7824
      ],
      [
        -4.0585,
        35.6883
      ],
      [
        -4.0196,
        35.5949
      ],
      [
        -3.9633,
        35.5031
      ],
      [
        -3.8903,
        35.4141
      ],
      [
        -3.8016,
        35.3287
      ],
      [
        -3.6981,
        35.2478
      ],
      [
        -3.581,
        35.1724
      ],
      [
        -3.4518,
        35.103
      ],
      [
        -3.3118,
        35.0407
      ],
      [
        -3.1626,
        34.9858
      ],
      [
        -3.0058,
        34.9391
      ],
      [
        -2.8432,
        34.901
      ],
      [
        -2.6765,
        34.872
      ],
      [
        -2.5075,
        34.8522
      ],
      [
        -2.338,
        34.842
      ],
      [
        -2.1697,
        34.8415
      ],
      [
        -2.0044,
        34.8506
      ],
      [
        -1.8438,
        34.8692
      ],
      [
        -1.6897,
        34.8973
      ],
      [
        -1.5437,
        34.9345
      ],
      [
        -1.4072,
        34.9804
      ],
      [
        -1.2817,
        35.0345
      ],
      [
        -1.1685,
        35.0964
      ],
      [
        -1.0688,
        35.1653
      ],
      [
        -0.9837,
        35.2405
      ],
      [
        -0.9141,
        35.3212
      ],
      [
        -0.8608,
        35.4066
      ],
      [
        -0.8244,
        35.4957
      ],
      [
        -0.8054,
        35.5877
      ],
      [
        -0.8039,
        35.6814
      ],
      [
        -0.8202,
        35.7759
      ],
      [
        -0.854,
        35.8701
      ],
      [
        -0.9051,
        35.963
      ]
    ],
    [
      [
        -0.9101,
        36.0524
      ],
      [
        -0.9941,
        36.1396
      ],
      [
        -1.0933,
        36.2225
      ],
      [
        -1.2068,
        36.3001
      ],
      [
        -1.3333,
        36.3715
      ],
      [
        -1.4717,
        36.4359
      ],
      [
        -1.6203,
        36.4926
      ],
      [
        -1.7775,
        36.5409
      ],
      [
        -1.9416,
        36.5803
      ],
      [
        -2.1109,
        36.6104
      ],
      [
        -2.2833,
        36.6307
      ],
      [
        -2.4569,
        36.641
      ],
      [
        -2.6298,
        36.6412
      ],
      [
        -2.7999,
        36.6314
      ],
      [
        -2.9654,
        36.6117
      ],
      [
        -3.1244,
        36.5822
      ],
      [
        -3.2749,
        36.5433
      ],
      [
        -3.4153,
        36.4956
      ],
      [
        -3.544,
        36.4395
      ],
      [
        -3.6596,
        36.3757
      ],
      [
        -3.7606,
        36.3049
      ],
      [
        -3.846,
        36.2279
      ],
      [
        -3.9148,
        36.1457
      ],
      [
        -3.9663,
        36.0591
      ],
      [
        -4.0,
        35.9691
      ],
      [
        -4.0155,
        35.8767
      ],
      [
        -4.0127,
        35.783
      ],
      [
        -3.9918,
        35.6889
      ],
      [
        -3.953,
        35.5954
      ],
      [
        -3.8969,
        35.5037
      ],
      [
        -3.8241,
        35.4146
      ],
      [
        -3.7356,
        35.3291
      ],
      [
        -3.6323,
        35.2482
      ],
      [
        -3.5155,
        35.1727
      ],
      [
        -3.3865,
        35.1033
      ],
      [
        -3.2468,
        35.0408
      ],
      [
        -3.0979,
        34.9859
      ],
      [
        -2.9414,
        34.9391
      ],
      [
        -2.7791,
        34.9009
      ],
      [
        -2.6126,
        34.8718
      ],
      [
        -2.4438,
        34.8519
      ],
      [
        -2.2745,
        34.8416
      ],
      [
        -2.1064,
        34.841
      ],
      [
        -1.9414,
        34.85
      ],
      [
        -1.781,
        34.8686
      ],
      [
        -1.6271,
        34.8966
      ],
      [
        -1.4812,
        34.9337
      ],
      [
        -1.3448,
        34.9795
      ],
      [
        -1.2194,
        35.0336
      ],
      [
        -1.1063,
        35.0953
      ],
      [
        -1.0067,
        35.1642
      ],
      [
        -0.9216,
        35.2393
      ],
      [
        -0.8521,
        35.32
      ],
      [
        -0.7987,
        35.4054
      ],
      [
        -0.7623,
        35.4945
      ],
      [
        -0.7432,
        35.5865
      ],
      [
        -0.7416,
        35.6802
      ],
      [
        -0.7577,
        35.7747
      ],
      [
        -0.7914,
        35.8689
      ],
      [
        -0.8424,
        35.9618
      ]
    ],
    [
      [
        -0.8473,
        36.0512
      ],
      [
        -0.931,
        36.1385
      ],
      [
        -1.03,
        36.2214
      ],
      [
        -1.1433,
        36.299
      ],
      [
        -1.2696,
        36.3705
      ],
      [
        -1.4077,
        36.435
      ],
      [
        -1.5561,
        36.4918
      ],
      [
        -1.713,
        36.5402
      ],
      [
        -1.8769,
        36.5797
      ],
      [
        -2.0459,
        36.6098
      ],
      [
        -2.218,
        36.6302
      ],
      [
        -2.3914,
        36.6406
      ],
      [
        -2.564,
        36.641
      ],
      [
        -2.734,
        36.6313
      ],
      [
        -2.8993,
        36.6116
      ],
      [
        -3.058,
        36.5822
      ],
      [
        -3.2084,
        36.5435
      ],
      [
        -3.3487,
        36.4958
      ],
      [
        -3.4773,
        36.4398
      ],
      [
        -3.5927,
        36.376
      ],
      [
        -3.6936,
        36.3053
      ],
      [
        -3.779,
        36.2284
      ],
      [
        -3.8478,
        36.1462
      ],
      [
        -3.8993,
        36.0596
      ],
      [
        -3.933,
        35.9696
      ],
      [
        -3.9486,
        35.8773
      ],
      [
        -3.946,
        35.7835
      ],
      [
        -3.9252,
        35.6894
      ],
      [
        -3.8866,
        35.5959
      ],
      [
        -3.8306,
        35.5042
      ],
      [
        -3.758,
        35.415
      ],
      [
        -3.6697,
        35.3295
      ],
      [
        -3.5667,
        35.2485
      ],
      [
        -3.4501,
        35.1729
      ],
      [
        -3.3214,
        35.1035
      ],
      [
        -3.1819,
        35.0409
      ],
      [
        -3.0333,
        34.9859
      ],
      [
        -2.8771,
        34.939
      ],
      [
        -2.715,
        34.9008
      ],
      [
        -2.5488,
        34.8715
      ],
      [
        -2.3803,
        34.8516
      ],
      [
        -2.2112,
        34.8412
      ],
      [
        -2.0433,
        34.8404
      ],
      [
        -1.8785,
        34.8494
      ],
      [
        -1.7183,
        34.8679
      ],
      [
        -1.5646,
        34.8958
      ],
      [
        -1.4188,
        34.9328
      ],
      [
        -1.2826,
        34.9785
      ],
      [
        -1.1573,
        35.0325
      ],
      [
        -1.0443,
        35.0943
      ],
      [
        -0.9447,
        35.163
      ],
      [
        -0.8597,
        35.2382
      ],
      [
        -0.7901,
        35.3188
      ],
      [
        -0.7368,
        35.4042
      ],
      [
        -0.7003,
        35.4933
      ],
      [
        -0.6811,
        35.5852
      ],
      [
        -0.6794,
        35.6789
      ],
      [
        -0.6954,
        35.7734
      ],
      [
        -0.729,
        35.8677
      ],
      [
        -0.7797,
        35.9606
      ]
    ],
    [
      [
        -0.7846,
        36.05
      ],
      [
        -0.8681,
        36.1373
      ],
      [
        -0.9669,
        36.2203
      ],
      [
        -1.0799,
        36.298
      ],
      [
        -1.206,
        36.3695
      ],
      [
        -1.3439,
        36.4341
      ],
      [
        -1.4919,
        36.4909
      ],
      [
        -1.6487,
        36.5395
      ],
      [
        -1.8123,
        36.579
      ],
      [
        -1.981,
        36.6092
      ],
      [
        -2.1529,
        36.6297
      ],
      [
        -2.326,
        36.6402
      ],
      [
        -2.4984,
        36.6407
      ],
      [
        -2.6681,
        36.6311
      ],
      [
        -2.8332,
        36.6115
      ],
      [
        -2.9918,
        36.5822
      ],
      [
        -3.142,
        36.5435
      ],
      [
        -3.2821,
        36.4959
      ],
      [
        -3.4106,
        36.44
      ],
      [
        -3.5259,
        36.3763
      ],
      [
        -3.6268,
        36.3056
      ],
      [
        -3.7121,
        36.2288
      ],
      [
        -3.7809,
        36.1466
      ],
      [
        -3.8325,
        36.0601
      ],
      [
        -3.8662,
        35.9701
      ],
      [
        -3.8819,
        35.8778
      ],
      [
        -3.8794,
        35.784
      ],
      [
        -3.8587,
        35.6899
      ],
      [
        -3.8202,
        35.5964
      ],
      [
        -3.7645,
        35.5046
      ],
      [
        -3.6921,
        35.4154
      ],
      [
        -3.604,
        35.3299
      ],
      [
        -3.5012,
        35.2488
      ],
      [
        -3.3849,
        35.1731
      ],
      [
        -3.2564,
        35.1036
      ],
      [
        -3.1172,
        35.041
      ],
      [
        -2.9688,
        34.9859
      ],
      [
        -2.8128,
        34.9389
      ],
      [
        -2.651,
        34.9006
      ],
      [
        -2.4851,
        34.8712
      ],
      [
        -2.3168,
        34.8512
      ],
      [
        -2.148,
        34.8407
      ],
      [
        -1.9804,
        34.8399
      ],
      [
        -1.8157,
        34.8487
      ],
      [
        -1.6558,
        34.8671
      ],
      [
        -1.5022,
        34.8949
      ],
      [
        -1.3566,
        34.9319
      ],
      [
        -1.2205,
        34.9775
      ],
      [
        -1.0953,
        35.0315
      ],
      [
        -0.9823,
        35.0931
      ],
      [
        -0.8828,
        35.1619
      ],
      [
        -0.7978,
        35.2369
      ],
      [
        -0.7283,
        35.3176
      ],
      [
        -0.6749,
        35.4029
      ],
      [
        -0.6384,
        35.492
      ],
      [
        -0.6191,
        35.5839
      ],
      [
        -0.6173,
        35.6776
      ],
      [
        -0.6332,
        35.7721
      ],
      [
        -0.6666,
        35.8664
      ],
      [
        -0.7172,
        35.9593
      ]
    ],
    [
      [
        -0.722,
        36.0487
      ],
      [
        -0.8053,
        36.136
      ],
      [
        -0.9039,
        36.2191
      ],
      [
        -1.0167,
        36.2968
      ],
      [
        -1.1425,
        36.3684
      ],
      [
        -1.2801,
        36.4331
      ],
      [
        -1.428,
        36.49
      ],
      [
        -1.5844,
        36.5386
      ],
      [
        -1.7478,
        36.5783
      ],
      [
        -1.9162,
        36.6086
      ],
      [
        -2.0878,
        36.6292
      ],
      [
        -2.2607,
        36.6398
      ],
      [
        -2.4329,
        36.6404
      ],
      [
        -2.6024,
        36.6308
      ],
      [
        -2.7673,
        36.6113
      ],
      [
        -2.9257,
        36.5821
      ],
      [
        -3.0757,
        36.5436
      ],
      [
        -3.2157,
        36.496
      ],
      [
        -3.344,
        36.4402
      ],
      [
        -3.4593,
        36.3765
      ],
      [
        -3.5601,
        36.3059
      ],
      [
        -3.6454,
        36.2291
      ],
      [
        -3.7142,
        36.147
      ],
      [
        -3.7657,
        36.0605
      ],
      [
        -3.7996,
        35.9706
      ],
      [
        -3.8153,
        35.8782
      ],
      [
        -3.8129,
        35.7845
      ],
      [
        -3.7923,
        35.6903
      ],
      [
        -3.754,
        35.5968
      ],
      [
        -3.6984,
        35.505
      ],
      [
        -3.6262,
        35.4158
      ],
      [
        -3.5384,
        35.3302
      ],
      [
        -3.4358,
        35.2491
      ],
      [
        -3.3197,
        35.1733
      ],
      [
        -3.1915,
        35.1037
      ],
      [
        -3.0525,
        35.041
      ],
      [
        -2.9044,
        34.9858
      ],
      [
        -2.7487,
        34.9388
      ],
      [
        -2.5872,
        34.9003
      ],
      [
        -2.4215,
        34.8709
      ],
      [
        -2.2535,
        34.8508
      ],
      [
        -2.0849,
        34.8402
      ],
      [
        -1.9175,
        34.8392
      ],
      [
        -1.753,
        34.848
      ],
      [
        -1.5933,
        34.8663
      ],
      [
        -1.4399,
        34.894
      ],
      [
        -1.2944,
        34.9309
      ],
      [
        -1.1584,
        34.9765
      ],
      [
        -1.0334,
        35.0304
      ],
      [
        -0.9205,
        35.092
      ],
      [
        -0.821,
        35.1607
      ],
      [
        -0.7361,
        35.2357
      ],
      [
        -0.6665,
        35.3163
      ],
      [
        -0.6131,
        35.4015
      ],
      [
        -0.5765,
        35.4906
      ],
      [
        -0.5572,
        35.5825
      ],
      [
        -0.5553,
        35.6762
      ],
      [
        -0.5711,
        35.7707
      ],
      [
        -0.6043,
        35.865
      ],
      [
        -0.6548,
        35.958
      ]
    ],
    [
      [
        -0.6595,
        36.0474
      ],
      [
        -0.7426,
        36.1348
      ],
      [
        -0.841,
        36.2178
      ],
      [
        -0.9536,
        36.2957
      ],
      [
        -1.0792,
        36.3673
      ],
      [
        -1.2165,
        36.4321
      ],
      [
        -1.3641,
        36.4891
      ],
      [
        -1.5203,
        36.5378
      ],
      [
        -1.6834,
        36.5775
      ],
      [
        -1.8515,
        36.6079
      ],
      [
        -2.0229,
        36.6286
      ],
      [
        -2.1956,
        36.6393
      ],
      [
        -2.3675,
        36.64
      ],
      [
        -2.5368,
        36.6305
      ],
      [
        -2.7015,
        36.6111
      ],
      [
        -2.8597,
        36.582
      ],
      [
        -3.0095,
        36.5435
      ],
      [
        -3.1494,
        36.4961
      ],
      [
        -3.2776,
        36.4403
      ],
      [
        -3.3928,
        36.3767
      ],
      [
        -3.4935,
        36.3062
      ],
      [
        -3.5787,
        36.2294
      ],
      [
        -3.6475,
        36.1474
      ],
      [
        -3.6991,
        36.0609
      ],
      [
        -3.733,
        35.971
      ],
      [
        -3.7488,
        35.8786
      ],
      [
        -3.7465,
        35.7849
      ],
      [
        -3.7261,
        35.6907
      ],
      [
        -3.6879,
        35.5972
      ],
      [
        -3.6325,
        35.5053
      ],
      [
        -3.5605,
        35.4161
      ],
      [
        -3.4729,
        35.3304
      ],
      [
        -3.3705,
        35.2492
      ],
      [
        -3.2547,
        35.1734
      ],
      [
        -3.1267,
        35.1037
      ],
      [
        -2.988,
        35.0409
      ],
      [
        -2.8402,
        34.9857
      ],
      [
        -2.6847,
        34.9385
      ],
      [
        -2.5235,
        34.9
      ],
      [
        -2.358,
        34.8705
      ],
      [
        -2.1903,
        34.8503
      ],
      [
        -2.0219,
        34.8396
      ],
      [
        -1.8547,
        34.8386
      ],
      [
        -1.6905,
        34.8472
      ],
      [
        -1.5309,
        34.8655
      ],
      [
        -1.3777,
        34.8931
      ],
      [
        -1.2324,
        34.9299
      ],
      [
        -1.0965,
        34.9754
      ],
      [
        -0.9715,
        35.0292
      ],
      [
        -0.8588,
        35.0908
      ],
      [
        -0.7594,
        35.1594
      ],
      [
        -0.6744,
        35.2344
      ],
      [
        -0.6049,
        35.3149
      ],
      [
        -0.5515,
        35.4002
      ],
      [
        -0.5148,
        35.4892
      ],
      [
        -0.4954,
        35.5811
      ],
      [
        -0.4935,
        35.6748
      ],
      [
        -0.5091,
        35.7693
      ],
      [
        -0.5422,
        35.8636
      ],
      [
        -0.5925,
        35.9567
      ]
    ],
    [
      [
        -0.5972,
        36.046
      ],
      [
        -0.6801,
        36.1334
      ],
      [
        -0.7782,
        36.2166
      ],
      [
        -0.8905,
        36.2945
      ],
      [
        -1.0159,
        36.3662
      ],
      [
        -1.153,
        36.431
      ],
      [
        -1.3003,
        36.4881
      ],
      [
        -1.4562,
        36.5369
      ],
      [
        -1.6191,
        36.5767
      ],
      [
        -1.787,
        36.6072
      ],
      [
        -1.9581,
        36.628
      ],
      [
        -2.1305,
        36.6388
      ],
      [
        -2.3022,
        36.6395
      ],
      [
        -2.4713,
        36.6302
      ],
      [
        -2.6358,
        36.6109
      ],
      [
        -2.7938,
        36.5819
      ],
      [
        -2.9435,
        36.5434
      ],
      [
        -3.0832,
        36.4961
      ],
      [
        -3.2113,
        36.4403
      ],
      [
        -3.3264,
        36.3769
      ],
      [
        -3.427,
        36.3064
      ],
      [
        -3.5123,
        36.2297
      ],
      [
        -3.581,
        36.1476
      ],
      [
        -3.6327,
        36.0612
      ],
      [
        -3.6666,
        35.9713
      ],
      [
        -3.6825,
        35.879
      ],
      [
        -3.6803,
        35.7852
      ],
      [
        -3.66,
        35.691
      ],
      [
        -3.622,
        35.5975
      ],
      [
        -3.5667,
        35.5056
      ],
      [
        -3.495,
        35.4163
      ],
      [
        -3.4075,
        35.3306
      ],
      [
        -3.3054,
        35.2494
      ],
      [
        -3.1898,
        35.1735
      ],
      [
        -3.0621,
        35.1037
      ],
      [
        -2.9236,
        35.0409
      ],
      [
        -2.776,
        34.9855
      ],
      [
        -2.6209,
        34.9383
      ],
      [
        -2.4599,
        34.8997
      ],
      [
        -2.2947,
        34.87
      ],
      [
        -2.1271,
        34.8497
      ],
      [
        -1.959,
        34.839
      ],
      [
        -1.7921,
        34.8379
      ],
      [
        -1.628,
        34.8464
      ],
      [
        -1.4687,
        34.8646
      ],
      [
        -1.3156,
        34.8921
      ],
      [
        -1.1704,
        34.9288
      ],
      [
        -1.0347,
        34.9743
      ],
      [
        -0.9098,
        35.028
      ],
      [
        -0.7971,
        35.0895
      ],
      [
        -0.6978,
        35.1581
      ],
      [
        -0.6129,
        35.233
      ],
      [
        -0.5433,
        35.3135
      ],
      [
        -0.4899,
        35.3988
      ],
      [
        -0.4532,
        35.4878
      ],
      [
        -0.4337,
        35.5797
      ],
      [
        -0.4317,
        35.6734
      ],
      [
        -0.4472,
        35.7679
      ],
      [
        -0.4802,
        35.8622
      ],
      [
        -0.5303,
        35.9553
      ]
    ],
    [
      [
        -0.5349,
        36.0446
      ],
      [
        -0.6176,
        36.1321
      ],
      [
        -0.7155,
        36.2153
      ],
      [
        -0.8276,
        36.2932
      ],
      [
        -0.9527,
        36.365
      ],
      [
        -1.0896,
        36.4299
      ],
      [
        -1.2366,
        36.4871
      ],
      [
        -1.3923,
        36.5359
      ],
      [
        -1.5549,
        36.5759
      ],
      [
        -1.7226,
        36.6064
      ],
      [
        -1.8934,
        36.6273
      ],
      [
        -2.0656,
        36.6382
      ],
      [
        -2.2371,
        36.639
      ],
      [
        -2.4059,
        36.6298
      ],
      [
        -2.5702,
        36.6106
      ],
      [
        -2.728,
        36.5816
      ],
      [
        -2.8776,
        36.5433
      ],
      [
        -3.0171,
        36.496
      ],
      [
        -3.1451,
        36.4404
      ],
      [
        -3.2601,
        36.377
      ],
      [
        -3.3607,
        36.3065
      ],
      [
        -3.4459,
        36.2299
      ],
      [
        -3.5147,
        36.1479
      ],
      [
        -3.5663,
        36.0615
      ],
      [
        -3.6003,
        35.9716
      ],
      [
        -3.6163,
        35.8793
      ],
      [
        -3.6141,
        35.7855
      ],
      [
        -3.594,
        35.6913
      ],
      [
        -3.5561,
        35.5978
      ],
      [
        -3.5011,
        35.5058
      ],
      [
        -3.4295,
        35.4165
      ],
      [
        -3.3422,
        35.3307
      ],
      [
        -3.2404,
        35.2494
      ],
      [
        -3.125,
        35.1735
      ],
      [
        -2.9975,
        35.1037
      ],
      [
        -2.8594,
        35.0407
      ],
      [
        -2.712,
        34.9853
      ],
      [
        -2.5571,
        34.938
      ],
      [
        -2.3964,
        34.8993
      ],
      [
        -2.2314,
        34.8696
      ],
      [
        -2.0642,
        34.8492
      ],
      [
        -1.8963,
        34.8383
      ],
      [
        -1.7295,
        34.8371
      ],
      [
        -1.5657,
        34.8456
      ],
      [
        -1.4065,
        34.8636
      ],
      [
        -1.2536,
        34.8911
      ],
      [
        -1.1086,
        34.9277
      ],
      [
        -0.973,
        34.9731
      ],
      [
        -0.8482,
        35.0268
      ],
      [
        -0.7356,
        35.0882
      ],
      [
        -0.6363,
        35.1567
      ],
      [
        -0.5514,
        35.2316
      ],
      [
        -0.4819,
        35.3121
      ],
      [
        -0.4284,
        35.3973
      ],
      [
        -0.3917,
        35.4863
      ],
      [
        -0.3722,
        35.5782
      ],
      [
        -0.37,
        35.6719
      ],
      [
        -0.3854,
        35.7664
      ],
      [
        -0.4182,
        35.8608
      ],
      [
        -0.4682,
        35.9538
      ]
    ],
    [
      [
        -0.4727,
        36.0432
      ],
      [
        -0.5552,
        36.1307
      ],
      [
        -0.6529,
        36.2139
      ],
      [
        -0.7648,
        36.2919
      ],
      [
        -0.8897,
        36.3638
      ],
      [
        -1.0263,
        36.4287
      ],
      [
        -1.1731,
        36.486
      ],
      [
        -1.3285,
        36.5349
      ],
      [
        -1.4908,
        36.5749
      ],
      [
        -1.6582,
        36.6056
      ],
      [
        -1.8289,
        36.6266
      ],
      [
        -2.0008,
        36.6376
      ],
      [
        -2.172,
        36.6385
      ],
      [
        -2.3407,
        36.6293
      ],
      [
        -2.5047,
        36.6102
      ],
      [
        -2.6624,
        36.5814
      ],
      [
        -2.8118,
        36.5431
      ],
      [
        -2.9512,
        36.4959
      ],
      [
        -3.0791,
        36.4403
      ],
      [
        -3.1939,
        36.377
      ],
      [
        -3.2945,
        36.3066
      ],
      [
        -3.3796,
        36.23
      ],
      [
        -3.4484,
        36.1481
      ],
      [
        -3.5001,
        36.0617
      ],
      [
        -3.5341,
        35.9718
      ],
      [
        -3.5502,
        35.8795
      ],
      [
        -3.5481,
        35.7857
      ],
      [
        -3.5281,
        35.6916
      ],
      [
        -3.4904,
        35.598
      ],
      [
        -3.4355,
        35.506
      ],
      [
        -3.3641,
        35.4166
      ],
      [
        -3.2771,
        35.3308
      ],
      [
        -3.1755,
        35.2495
      ],
      [
        -3.0604,
        35.1735
      ],
      [
        -2.9331,
        35.1036
      ],
      [
        -2.7952,
        35.0405
      ],
      [
        -2.6481,
        34.985
      ],
      [
        -2.4935,
        34.9376
      ],
      [
        -2.333,
        34.8988
      ],
      [
        -2.1683,
        34.869
      ],
      [
        -2.0013,
        34.8485
      ],
      [
        -1.8336,
        34.8376
      ],
      [
        -1.6671,
        34.8363
      ],
      [
        -1.5035,
        34.8447
      ],
      [
        -1.3445,
        34.8627
      ],
      [
        -1.1918,
        34.8901
      ],
      [
        -1.0469,
        34.9266
      ],
      [
        -0.9114,
        34.9719
      ],
      [
        -0.7868,
        35.0255
      ],
      [
        -0.6742,
        35.0869
      ],
      [
        -0.575,
        35.1553
      ],
      [
        -0.4901,
        35.2302
      ],
      [
        -0.4206,
        35.3106
      ],
      [
        -0.3671,
        35.3958
      ],
      [
        -0.3303,
        35.4848
      ],
      [
        -0.3107,
        35.5766
      ],
      [
        -0.3085,
        35.6703
      ],
      [
        -0.3237,
        35.7649
      ],
      [
        -0.3564,
        35.8592
      ],
      [
        -0.4062,
        35.9523
      ]
    ],
    [
      [
        -0.4106,
        36.0417
      ],
      [
        -0.4929,
        36.1292
      ],
      [
        -0.5904,
        36.2125
      ],
      [
        -0.7021,
        36.2906
      ],
      [
        -0.8267,
        36.3625
      ],
      [
        -0.9631,
        36.4275
      ],
      [
        -1.1096,
        36.4849
      ],
      [
        -1.2648,
        36.5339
      ],
      [
        -1.4269,
        36.574
      ],
      [
        -1.594,
        36.6047
      ],
      [
        -1.7644,
        36.6258
      ],
      [
        -1.9361,
        36.6369
      ],
      [
        -2.1071,
        36.6379
      ],
      [
        -2.2755,
        36.6288
      ],
      [
        -2.4394,
        36.6098
      ],
      [
        -2.5968,
        36.5811
      ],
      [
        -2.7461,
        36.5429
      ],
      [
        -2.8854,
        36.4958
      ],
      [
        -3.0131,
        36.4403
      ],
      [
        -3.1279,
        36.377
      ],
      [
        -3.2284,
        36.3067
      ],
      [
        -3.3135,
        36.2301
      ],
      [
        -3.3823,
        36.1482
      ],
      [
        -3.434,
        36.0618
      ],
      [
        -3.468,
        35.972
      ],
      [
        -3.4842,
        35.8797
      ],
      [
        -3.4823,
        35.7859
      ],
      [
        -3.4624,
        35.6917
      ],
      [
        -3.4248,
        35.5981
      ],
      [
        -3.3701,
        35.5061
      ],
      [
        -3.2989,
        35.4167
      ],
      [
        -3.2121,
        35.3309
      ],
      [
        -3.1107,
        35.2495
      ],
      [
        -2.9958,
        35.1734
      ],
      [
        -2.8688,
        35.1034
      ],
      [
        -2.7312,
        35.0403
      ],
      [
        -2.5843,
        34.9847
      ],
      [
        -2.43,
        34.9372
      ],
      [
        -2.2697,
        34.8983
      ],
      [
        -2.1053,
        34.8684
      ],
      [
        -1.9385,
        34.8479
      ],
      [
        -1.7711,
        34.8368
      ],
      [
        -1.6048,
        34.8354
      ],
      [
        -1.4414,
        34.8437
      ],
      [
        -1.2825,
        34.8616
      ],
      [
        -1.13,
        34.889
      ],
      [
        -0.9853,
        34.9254
      ],
      [
        -0.8499,
        34.9707
      ],
      [
        -0.7254,
        35.0242
      ],
      [
        -0.6129,
        35.0855
      ],
      [
        -0.5137,
        35.1539
      ],
      [
        -0.4289,
        35.2287
      ],
      [
        -0.3593,
        35.3091
      ],
      [
        -0.3059,
        35.3942
      ],
      [
        -0.269,
        35.4832
      ],
      [
        -0.2493,
        35.5751
      ],
      [
        -0.247,
        35.6688
      ],
      [
        -0.2621,
        35.7633
      ],
      [
        -0.2947,
        35.8577
      ],
      [
        -0.3443,
        35.9508
      ]
    ],
    [
      [
        -0.3487,
        36.0401
      ],
      [
        -0.4308,
        36.1277
      ],
      [
        -0.5281,
        36.211
      ],
      [
        -0.6395,
        36.2892
      ],
      [
        -0.7639,
        36.3612
      ],
      [
        -0.9,
        36.4263
      ],
      [
        -1.0463,
        36.4837
      ],
      [
        -1.2012,
        36.5328
      ],
      [
        -1.363,
        36.573
      ],
      [
        -1.5299,
        36.6038
      ],
      [
        -1.7001,
        36.625
      ],
      [
        -1.8715,
        36.6362
      ],
      [
        -2.0423,
        36.6373
      ],
      [
        -2.2105,
        36.6283
      ],
      [
        -2.3742,
        36.6094
      ],
      [
        -2.5314,
        36.5807
      ],
      [
        -2.6805,
        36.5426
      ],
      [
        -2.8197,
        36.4956
      ],
      [
        -2.9473,
        36.4401
      ],
      [
        -3.062,
        36.3769
      ],
      [
        -3.1624,
        36.3067
      ],
      [
        -3.2475,
        36.2302
      ],
      [
        -3.3163,
        36.1483
      ],
      [
        -3.368,
        36.062
      ],
      [
        -3.4021,
        35.9721
      ],
      [
        -3.4183,
        35.8798
      ],
      [
        -3.4165,
        35.7861
      ],
      [
        -3.3967,
        35.6919
      ],
      [
        -3.3594,
        35.5982
      ],
      [
        -3.3048,
        35.5062
      ],
      [
        -3.2338,
        35.4168
      ],
      [
        -3.1472,
        35.3309
      ],
      [
        -3.046,
        35.2494
      ],
      [
        -2.9314,
        35.1732
      ],
      [
        -2.8047,
        35.1032
      ],
      [
        -2.6672,
        35.04
      ],
      [
        -2.5207,
        34.9844
      ],
      [
        -2.3666,
        34.9368
      ],
      [
        -2.2065,
        34.8978
      ],
      [
        -2.0424,
        34.8678
      ],
      [
        -1.8758,
        34.8471
      ],
      [
        -1.7086,
        34.836
      ],
      [
        -1.5426,
        34.8345
      ],
      [
        -1.3793,
        34.8428
      ],
      [
        -1.2207,
        34.8606
      ],
      [
        -1.0683,
        34.8878
      ],
      [
        -0.9238,
        34.9242
      ],
      [
        -0.7885,
        34.9694
      ],
      [
        -0.6641,
        35.0228
      ],
      [
        -0.5517,
        35.0841
      ],
      [
        -0.4526,
        35.1524
      ],
      [
        -0.3678,
        35.2272
      ],
      [
        -0.2982,
        35.3075
      ],
      [
        -0.2447,
        35.3927
      ],
      [
        -0.2078,
        35.4816
      ],
      [
        -0.1881,
        35.5734
      ],
      [
        -0.1856,
        35.6671
      ],
      [
        -0.2007,
        35.7617
      ],
      [
        -0.2331,
        35.8561
      ],
      [
        -0.2826,
        35.9492
      ]
    ],
    [
      [
        -0.2868,
        36.0385
      ],
      [
        -0.3687,
        36.1262
      ],
      [
        -0.4658,
        36.2096
      ],
      [
        -0.577,
        36.2877
      ],
      [
        -0.7012,
        36.3598
      ],
      [
        -0.837,
        36.425
      ],
      [
        -0.9831,
        36.4825
      ],
      [
        -1.1378,
        36.5316
      ],
      [
        -1.2993,
        36.5719
      ],
      [
        -1.466,
        36.6029
      ],
      [
        -1.6359,
        36.6241
      ],
      [
        -1.807,
        36.6354
      ],
      [
        -1.9776,
        36.6366
      ],
      [
        -2.1456,
        36.6277
      ],
      [
        -2.3091,
        36.6089
      ],
      [
        -2.4662,
        36.5803
      ],
      [
        -2.6151,
        36.5423
      ],
      [
        -2.7541,
        36.4953
      ],
      [
        -2.8816,
        36.44
      ],
      [
        -2.9962,
        36.3768
      ],
      [
        -3.0966,
        36.3066
      ],
      [
        -3.1816,
        36.2302
      ],
      [
        -3.2504,
        36.1483
      ],
      [
        -3.3021,
        36.062
      ],
      [
        -3.3363,
        35.9722
      ],
      [
        -3.3526,
        35.8799
      ],
      [
        -3.3509,
        35.7862
      ],
      [
        -3.3312,
        35.692
      ],
      [
        -3.294,
        35.5983
      ],
      [
        -3.2396,
        35.5062
      ],
      [
        -3.1688,
        35.4168
      ],
      [
        -3.0824,
        35.3308
      ],
      [
        -2.9815,
        35.2493
      ],
      [
        -2.8671,
        35.1731
      ],
      [
        -2.7406,
        35.103
      ],
      [
        -2.6034,
        35.0397
      ],
      [
        -2.4571,
        34.984
      ],
      [
        -2.3033,
        34.9363
      ],
      [
        -2.1435,
        34.8972
      ],
      [
        -1.9796,
        34.8671
      ],
      [
        -1.8133,
        34.8464
      ],
      [
        -1.6463,
        34.8352
      ],
      [
        -1.4804,
        34.8336
      ],
      [
        -1.3174,
        34.8417
      ],
      [
        -1.159,
        34.8595
      ],
      [
        -1.0068,
        34.8866
      ],
      [
        -0.8624,
        34.9229
      ],
      [
        -0.7273,
        34.968
      ],
      [
        -0.6029,
        35.0214
      ],
      [
        -0.4906,
        35.0826
      ],
      [
        -0.3915,
        35.1509
      ],
      [
        -0.3067,
        35.2256
      ],
      [
        -0.2372,
        35.3059
      ],
      [
        -0.1837,
        35.391
      ],
      [
        -0.1467,
        35.48
      ],
      [
        -0.1269,
        35.5718
      ],
      [
        -0.1244,
        35.6655
      ],
      [
        -0.1393,
        35.76
      ],
      [
        -0.1715,
        35.8544
      ],
      [
        -0.2209,
        35.9476
      ]
    ],
    [
      [
        -0.2251,
        36.0369
      ],
      [
        -0.3068,
        36.1246
      ],
      [
        -0.4036,
        36.208
      ],
      [
        -0.5146,
        36.2863
      ],
      [
        -0.6386,
        36.3584
      ],
      [
        -0.7742,
        36.4236
      ],
      [
        -0.92,
        36.4812
      ],
      [
        -1.0744,
        36.5305
      ],
      [
        -1.2357,
        36.5708
      ],
      [
        -1.4021,
        36.6019
      ],
      [
        -1.5717,
        36.6232
      ],
      [
        -1.7427,
        36.6346
      ],
      [
        -1.913,
        36.6359
      ],
      [
        -2.0808,
        36.6271
      ],
      [
        -2.2441,
        36.6083
      ],
      [
        -2.401,
        36.5798
      ],
      [
        -2.5497,
        36.5419
      ],
      [
        -2.6886,
        36.495
      ],
      [
        -2.816,
        36.4397
      ],
      [
        -2.9305,
        36.3766
      ],
      [
        -3.0309,
        36.3065
      ],
      [
        -3.1159,
        36.2301
      ],
      [
        -3.1846,
        36.1483
      ],
      [
        -3.2364,
        36.062
      ],
      [
        -3.2706,
        35.9723
      ],
      [
        -3.287,
        35.88
      ],
      [
        -3.2854,
        35.7862
      ],
      [
        -3.2659,
        35.692
      ],
      [
        -3.2288,
        35.5983
      ],
      [
        -3.1746,
        35.5062
      ],
      [
        -3.104,
        35.4167
      ],
      [
        -3.0178,
        35.3307
      ],
      [
        -2.917,
        35.2491
      ],
      [
        -2.8029,
        35.1728
      ],
      [
        -2.6767,
        35.1027
      ],
      [
        -2.5397,
        35.0393
      ],
      [
        -2.3937,
        34.9835
      ],
      [
        -2.2401,
        34.9358
      ],
      [
        -2.0806,
        34.8966
      ],
      [
        -1.9169,
        34.8664
      ],
      [
        -1.7508,
        34.8456
      ],
      [
        -1.5841,
        34.8343
      ],
      [
        -1.4185,
        34.8326
      ],
      [
        -1.2557,
        34.8406
      ],
      [
        -1.0974,
        34.8583
      ],
      [
        -0.9453,
        34.8854
      ],
      [
        -0.8011,
        34.9216
      ],
      [
        -0.6661,
        34.9666
      ],
      [
        -0.5418,
        35.02
      ],
      [
        -0.4296,
        35.0811
      ],
      [
        -0.3306,
        35.1493
      ],
      [
        -0.2458,
        35.224
      ],
      [
        -0.1763,
        35.3043
      ],
      [
        -0.1227,
        35.3893
      ],
      [
        -0.0858,
        35.4783
      ],
      [
        -0.0658,
        35.5701
      ],
      [
        -0.0632,
        35.6638
      ],
      [
        -0.078,
        35.7583
      ],
      [
        -0.1101,
        35.8528
      ],
      [
        -0.1593,
        35.946
      ]
    ],
    [
      [
        -0.1634,
        36.0352
      ],
      [
        -0.2449,
        36.123
      ],
      [
        -0.3416,
        36.2064
      ],
      [
        -0.4523,
        36.2847
      ],
      [
        -0.576,
        36.3569
      ],
      [
        -0.7114,
        36.4222
      ],
      [
        -0.857,
        36.4799
      ],
      [
        -1.0111,
        36.5292
      ],
      [
        -1.1722,
        36.5697
      ],
      [
        -1.3383,
        36.6008
      ],
      [
        -1.5077,
        36.6222
      ],
      [
        -1.6785,
        36.6337
      ],
      [
        -1.8486,
        36.6351
      ],
      [
        -2.0161,
        36.6264
      ],
      [
        -2.1792,
        36.6077
      ],
      [
        -2.3359,
        36.5793
      ],
      [
        -2.4845,
        36.5415
      ],
      [
        -2.6233,
        36.4947
      ],
      [
        -2.7506,
        36.4395
      ],
      [
        -2.865,
        36.3764
      ],
      [
        -2.9653,
        36.3064
      ],
      [
        -3.0502,
        36.23
      ],
      [
        -3.119,
        36.1482
      ],
      [
        -3.1707,
        36.062
      ],
      [
        -3.205,
        35.9723
      ],
      [
        -3.2215,
        35.88
      ],
      [
        -3.22,
        35.7862
      ],
      [
        -3.2006,
        35.692
      ],
      [
        -3.1637,
        35.5983
      ],
      [
        -3.1096,
        35.5062
      ],
      [
        -3.0392,
        35.4166
      ],
      [
        -2.9532,
        35.3305
      ],
      [
        -2.8527,
        35.2489
      ],
      [
        -2.7388,
        35.1726
      ],
      [
        -2.6128,
        35.1023
      ],
      [
        -2.4762,
        35.0389
      ],
      [
        -2.3304,
        34.983
      ],
      [
        -2.177,
        34.9352
      ],
      [
        -2.0178,
        34.8959
      ],
      [
        -1.8543,
        34.8657
      ],
      [
        -1.6885,
        34.8447
      ],
      [
        -1.522,
        34.8333
      ],
      [
        -1.3566,
        34.8316
      ],
      [
        -1.194,
        34.8395
      ],
      [
        -1.0359,
        34.8571
      ],
      [
        -0.884,
        34.8841
      ],
      [
        -0.7399,
        34.9202
      ],
      [
        -0.605,
        34.9652
      ],
      [
        -0.4809,
        35.0185
      ],
      [
        -0.3687,
        35.0795
      ],
      [
        -0.2697,
        35.1477
      ],
      [
        -0.185,
        35.2224
      ],
      [
        -0.1155,
        35.3026
      ],
      [
        -0.0619,
        35.3876
      ],
      [
        -0.0249,
        35.4765
      ],
      [
        -0.0049,
        35.5683
      ],
      [
        -0.0022,
        35.662
      ],
      [
        -0.0168,
        35.7566
      ],
      [
        -0.0488,
        35.851
      ],
      [
        -0.0978,
        35.9443
      ]
    ],
    [
      [
        -0.1019,
        36.0335
      ],
      [
        -0.1832,
        36.1213
      ],
      [
        -0.2796,
        36.2048
      ],
      [
        -0.3901,
        36.2832
      ],
      [
        -0.5136,
        36.3554
      ],
      [
        -0.6488,
        36.4208
      ],
      [
        -0.7941,
        36.4785
      ],
      [
        -0.948,
        36.528
      ],
      [
        -1.1088,
        36.5685
      ],
      [
        -1.2747,
        36.5997
      ],
      [
        -1.4438,
        36.6212
      ],
      [
        -1.6143,
        36.6328
      ],
      [
        -1.7842,
        36.6343
      ],
      [
        -1.9516,
        36.6257
      ],
      [
        -2.1144,
        36.6071
      ],
      [
        -2.271,
        36.5788
      ],
      [
        -2.4194,
        36.541
      ],
      [
        -2.558,
        36.4943
      ],
      [
        -2.6852,
        36.4391
      ],
      [
        -2.7996,
        36.3762
      ],
      [
        -2.8998,
        36.3062
      ],
      [
        -2.9847,
        36.2298
      ],
      [
        -3.0534,
        36.1481
      ],
      [
        -3.1052,
        36.0619
      ],
      [
        -3.1396,
        35.9722
      ],
      [
        -3.1561,
        35.8799
      ],
      [
        -3.1547,
        35.7862
      ],
      [
        -3.1354,
        35.6919
      ],
      [
        -3.0987,
        35.5982
      ],
      [
        -3.0448,
        35.506
      ],
      [
        -2.9746,
        35.4164
      ],
      [
        -2.8888,
        35.3303
      ],
      [
        -2.7885,
        35.2486
      ],
      [
        -2.6748,
        35.1722
      ],
      [
        -2.5491,
        35.1019
      ],
      [
        -2.4127,
        35.0384
      ],
      [
        -2.2671,
        34.9825
      ],
      [
        -2.114,
        34.9345
      ],
      [
        -1.955,
        34.8952
      ],
      [
        -1.7919,
        34.8649
      ],
      [
        -1.6263,
        34.8438
      ],
      [
        -1.46,
        34.8323
      ],
      [
        -1.2948,
        34.8305
      ],
      [
        -1.1324,
        34.8384
      ],
      [
        -0.9745,
        34.8558
      ],
      [
        -0.8228,
        34.8828
      ],
      [
        -0.6788,
        34.9188
      ],
      [
        -0.5441,
        34.9637
      ],
      [
        -0.42,
        35.0169
      ],
      [
        -0.3079,
        35.0779
      ],
      [
        -0.209,
        35.1461
      ],
      [
        -0.1243,
        35.2207
      ],
      [
        -0.0548,
        35.3009
      ],
      [
        -0.0012,
        35.3859
      ],
      [
        0.0359,
        35.4747
      ],
      [
        0.056,
        35.5665
      ],
      [
        0.0588,
        35.6602
      ],
      [
        0.0442,
        35.7548
      ],
      [
        0.0124,
        35.8493
      ],
      [
        -0.0365,
        35.9425
      ]
    ],
    [
      [
        -0.0404,
        36.0318
      ],
      [
        -0.1215,
        36.1196
      ],
      [
        -0.2178,
        36.2032
      ],
      [
        -0.3281,
        36.2816
      ],
      [
        -0.4513,
        36.3539
      ],
      [
        -0.5862,
        36.4193
      ],
      [
        -0.7313,
        36.4771
      ],
      [
        -0.8849,
        36.5266
      ],
      [
        -1.0455,
        36.5673
      ],
      [
        -1.2111,
        36.5986
      ],
      [
        -1.3801,
        36.6202
      ],
      [
        -1.5503,
        36.6318
      ],
      [
        -1.72,
        36.6334
      ],
      [
        -1.8871,
        36.6249
      ],
      [
        -2.0498,
        36.6064
      ],
      [
        -2.2062,
        36.5782
      ],
      [
        -2.3544,
        36.5405
      ],
      [
        -2.4929,
        36.4939
      ],
      [
        -2.62,
        36.4388
      ],
      [
        -2.7343,
        36.3759
      ],
      [
        -2.8344,
        36.3059
      ],
      [
        -2.9193,
        36.2296
      ],
      [
        -2.988,
        36.148
      ],
      [
        -3.0398,
        36.0618
      ],
      [
        -3.0742,
        35.9721
      ],
      [
        -3.0908,
        35.8798
      ],
      [
        -3.0895,
        35.7861
      ],
      [
        -3.0704,
        35.6918
      ],
      [
        -3.0338,
        35.5981
      ],
      [
        -2.9801,
        35.5059
      ],
      [
        -2.9101,
        35.4162
      ],
      [
        -2.8245,
        35.3301
      ],
      [
        -2.7244,
        35.2483
      ],
      [
        -2.611,
        35.1719
      ],
      [
        -2.4855,
        35.1015
      ],
      [
        -2.3493,
        35.0379
      ],
      [
        -2.204,
        34.9819
      ],
      [
        -2.0512,
        34.9339
      ],
      [
        -1.8924,
        34.8944
      ],
      [
        -1.7295,
        34.864
      ],
      [
        -1.5642,
        34.8429
      ],
      [
        -1.3981,
        34.8313
      ],
      [
        -1.2331,
        34.8294
      ],
      [
        -1.0709,
        34.8372
      ],
      [
        -0.9132,
        34.8546
      ],
      [
        -0.7616,
        34.8814
      ],
      [
        -0.6178,
        34.9174
      ],
      [
        -0.4832,
        34.9622
      ],
      [
        -0.3592,
        35.0154
      ],
      [
        -0.2472,
        35.0763
      ],
      [
        -0.1483,
        35.1444
      ],
      [
        -0.0637,
        35.2189
      ],
      [
        0.0058,
        35.2991
      ],
      [
        0.0595,
        35.3841
      ],
      [
        0.0966,
        35.4729
      ],
      [
        0.1167,
        35.5647
      ],
      [
        0.1196,
        35.6584
      ],
      [
        0.1052,
        35.753
      ],
      [
        0.0735,
        35.8475
      ],
      [
        0.0248,
        35.9407
      ]
    ],
    [
      [
        0.0209,
        36.03
      ],
      [
        -0.06,
        36.1178
      ],
      [
        -0.156,
        36.2015
      ],
      [
        -0.2661,
        36.2799
      ],
      [
        -0.3891,
        36.3523
      ],
      [
        -0.5238,
        36.4178
      ],
      [
        -0.6686,
        36.4757
      ],
      [
        -0.822,
        36.5253
      ],
      [
        -0.9823,
        36.566
      ],
      [
        -1.1477,
        36.5974
      ],
      [
        -1.3164,
        36.6191
      ],
      [
        -1.4864,
        36.6308
      ],
      [
        -1.6558,
        36.6325
      ],
      [
        -1.8228,
        36.6241
      ],
      [
        -1.9853,
        36.6057
      ],
      [
        -2.1415,
        36.5775
      ],
      [
        -2.2896,
        36.5399
      ],
      [
        -2.4279,
        36.4934
      ],
      [
        -2.5549,
        36.4384
      ],
      [
        -2.6691,
        36.3755
      ],
      [
        -2.7691,
        36.3056
      ],
      [
        -2.854,
        36.2294
      ],
      [
        -2.9227,
        36.1478
      ],
      [
        -2.9746,
        36.0616
      ],
      [
        -3.009,
        35.9719
      ],
      [
        -3.0257,
        35.8797
      ],
      [
        -3.0245,
        35.7859
      ],
      [
        -3.0055,
        35.6916
      ],
      [
        -2.969,
        35.5979
      ],
      [
        -2.9155,
        35.5057
      ],
      [
        -2.8457,
        35.416
      ],
      [
        -2.7603,
        35.3298
      ],
      [
        -2.6605,
        35.248
      ],
      [
        -2.5473,
        35.1715
      ],
      [
        -2.422,
        35.101
      ],
      [
        -2.2861,
        35.0374
      ],
      [
        -2.1411,
        34.9812
      ],
      [
        -1.9885,
        34.9331
      ],
      [
        -1.83,
        34.8936
      ],
      [
        -1.6673,
        34.8631
      ],
      [
        -1.5021,
        34.8419
      ],
      [
        -1.3363,
        34.8302
      ],
      [
        -1.1715,
        34.8282
      ],
      [
        -1.0095,
        34.8359
      ],
      [
        -0.852,
        34.8532
      ],
      [
        -0.7006,
        34.88
      ],
      [
        -0.5569,
        34.9159
      ],
      [
        -0.4224,
        34.9606
      ],
      [
        -0.2986,
        35.0137
      ],
      [
        -0.1866,
        35.0746
      ],
      [
        -0.0878,
        35.1427
      ],
      [
        -0.0032,
        35.2172
      ],
      [
        0.0664,
        35.2973
      ],
      [
        0.12,
        35.3822
      ],
      [
        0.1572,
        35.4711
      ],
      [
        0.1774,
        35.5628
      ],
      [
        0.1804,
        35.6565
      ],
      [
        0.1661,
        35.7511
      ],
      [
        0.1345,
        35.8456
      ],
      [
        0.086,
        35.9389
      ]
    ],
    [
      [
        0.0822,
        36.0281
      ],
      [
        0.0014,
        36.116
      ],
      [
        -0.0944,
        36.1997
      ],
      [
        -0.2042,
        36.2782
      ],
      [
        -0.327,
        36.3507
      ],
      [
        -0.4614,
        36.4163
      ],
      [
        -0.606,
        36.4742
      ],
      [
        -0.7592,
        36.5239
      ],
      [
        -0.9192,
        36.5647
      ],
      [
        -1.0844,
        36.5961
      ],
      [
        -1.2528,
        36.6179
      ],
      [
        -1.4226,
        36.6298
      ],
      [
        -1.5918,
        36.6315
      ],
      [
        -1.7585,
        36.6232
      ],
      [
        -1.9208,
        36.6049
      ],
      [
        -2.0769,
        36.5768
      ],
      [
        -2.2248,
        36.5393
      ],
      [
        -2.363,
        36.4928
      ],
      [
        -2.4899,
        36.4379
      ],
      [
        -2.604,
        36.3751
      ],
      [
        -2.704,
        36.3053
      ],
      [
        -2.7888,
        36.2291
      ],
      [
        -2.8576,
        36.1475
      ],
      [
        -2.9094,
        36.0614
      ],
      [
        -2.9439,
        35.9717
      ],
      [
        -2.9607,
        35.8795
      ],
      [
        -2.9596,
        35.7857
      ],
      [
        -2.9407,
        35.6914
      ],
      [
        -2.9044,
        35.5977
      ],
      [
        -2.8511,
        35.5054
      ],
      [
        -2.7814,
        35.4157
      ],
      [
        -2.6963,
        35.3294
      ],
      [
        -2.5966,
        35.2476
      ],
      [
        -2.4836,
        35.171
      ],
      [
        -2.3586,
        35.1005
      ],
      [
        -2.223,
        35.0368
      ],
      [
        -2.0782,
        34.9805
      ],
      [
        -1.9258,
        34.9324
      ],
      [
        -1.7676,
        34.8928
      ],
      [
        -1.6051,
        34.8622
      ],
      [
        -1.4402,
        34.8409
      ],
      [
        -1.2746,
        34.8291
      ],
      [
        -1.1101,
        34.827
      ],
      [
        -0.9483,
        34.8346
      ],
      [
        -0.7909,
        34.8518
      ],
      [
        -0.6397,
        34.8785
      ],
      [
        -0.4961,
        34.9144
      ],
      [
        -0.3618,
        34.959
      ],
      [
        -0.238,
        35.0121
      ],
      [
        -0.1261,
        35.0729
      ],
      [
        -0.0274,
        35.1409
      ],
      [
        0.0572,
        35.2153
      ],
      [
        0.1268,
        35.2954
      ],
      [
        0.1804,
        35.3803
      ],
      [
        0.2177,
        35.4692
      ],
      [
        0.2379,
        35.5609
      ],
      [
        0.241,
        35.6546
      ],
      [
        0.2268,
        35.7492
      ],
      [
        0.1954,
        35.8437
      ],
      [
        0.147,
        35.937
      ]
    ],
    [
      [
        0.1433,
        36.0263
      ],
      [
        0.0628,
        36.1142
      ],
      [
        -0.0328,
        36.1979
      ],
      [
        -0.1425,
        36.2765
      ],
      [
        -0.265,
        36.349
      ],
      [
        -0.3992,
        36.4147
      ],
      [
        -0.5435,
        36.4727
      ],
      [
        -0.6965,
        36.5224
      ],
      [
        -0.8563,
        36.5633
      ],
      [
        -1.0212,
        36.5949
      ],
      [
        -1.1894,
        36.6167
      ],
      [
        -1.3589,
        36.6287
      ],
      [
        -1.5279,
        36.6305
      ],
      [
        -1.6944,
        36.6223
      ],
      [
        -1.8565,
        36.6041
      ],
      [
        -2.0124,
        36.5761
      ],
      [
        -2.1602,
        36.5387
      ],
      [
        -2.2983,
        36.4923
      ],
      [
        -2.425,
        36.4374
      ],
      [
        -2.539,
        36.3747
      ],
      [
        -2.639,
        36.3049
      ],
      [
        -2.7238,
        36.2288
      ],
      [
        -2.7925,
        36.1472
      ],
      [
        -2.8444,
        36.0611
      ],
      [
        -2.8789,
        35.9714
      ],
      [
        -2.8958,
        35.8792
      ],
      [
        -2.8948,
        35.7855
      ],
      [
        -2.876,
        35.6912
      ],
      [
        -2.8399,
        35.5974
      ],
      [
        -2.7867,
        35.5051
      ],
      [
        -2.7172,
        35.4153
      ],
      [
        -2.6323,
        35.329
      ],
      [
        -2.5329,
        35.2471
      ],
      [
        -2.4201,
        35.1705
      ],
      [
        -2.2954,
        35.0999
      ],
      [
        -2.16,
        35.0361
      ],
      [
        -2.0154,
        34.9798
      ],
      [
        -1.8633,
        34.9316
      ],
      [
        -1.7053,
        34.8919
      ],
      [
        -1.5431,
        34.8612
      ],
      [
        -1.3784,
        34.8398
      ],
      [
        -1.2131,
        34.828
      ],
      [
        -1.0487,
        34.8258
      ],
      [
        -0.8871,
        34.8333
      ],
      [
        -0.7299,
        34.8504
      ],
      [
        -0.5789,
        34.877
      ],
      [
        -0.4354,
        34.9128
      ],
      [
        -0.3012,
        34.9574
      ],
      [
        -0.1775,
        35.0104
      ],
      [
        -0.0657,
        35.0711
      ],
      [
        0.033,
        35.1391
      ],
      [
        0.1175,
        35.2135
      ],
      [
        0.1871,
        35.2935
      ],
      [
        0.2408,
        35.3784
      ],
      [
        0.278,
        35.4672
      ],
      [
        0.2984,
        35.559
      ],
      [
        0.3016,
        35.6526
      ],
      [
        0.2875,
        35.7473
      ],
      [
        0.2562,
        35.8418
      ],
      [
        0.208,
        35.9351
      ]
    ],
    [
      [
        0.2043,
        36.0243
      ],
      [
        0.124,
        36.1123
      ],
      [
        0.0286,
        36.1961
      ],
      [
        -0.0808,
        36.2747
      ],
      [
        -0.2032,
        36.3473
      ],
      [
        -0.3371,
        36.413
      ],
      [
        -0.4812,
        36.4711
      ],
      [
        -0.6338,
        36.5209
      ],
      [
        -0.7934,
        36.5619
      ],
      [
        -0.9581,
        36.5935
      ],
      [
        -1.126,
        36.6155
      ],
      [
        -1.2954,
        36.6275
      ],
      [
        -1.4641,
        36.6295
      ],
      [
        -1.6304,
        36.6213
      ],
      [
        -1.7923,
        36.6032
      ],
      [
        -1.948,
        36.5753
      ],
      [
        -2.0957,
        36.538
      ],
      [
        -2.2336,
        36.4916
      ],
      [
        -2.3603,
        36.4368
      ],
      [
        -2.4742,
        36.3742
      ],
      [
        -2.5741,
        36.3044
      ],
      [
        -2.6589,
        36.2284
      ],
      [
        -2.7276,
        36.1468
      ],
      [
        -2.7795,
        36.0608
      ],
      [
        -2.8141,
        35.9711
      ],
      [
        -2.831,
        35.8789
      ],
      [
        -2.8301,
        35.7852
      ],
      [
        -2.8115,
        35.6909
      ],
      [
        -2.7755,
        35.597
      ],
      [
        -2.7225,
        35.5047
      ],
      [
        -2.6532,
        35.4149
      ],
      [
        -2.5685,
        35.3286
      ],
      [
        -2.4693,
        35.2466
      ],
      [
        -2.3568,
        35.1699
      ],
      [
        -2.2322,
        35.0993
      ],
      [
        -2.097,
        35.0354
      ],
      [
        -1.9527,
        34.979
      ],
      [
        -1.8009,
        34.9307
      ],
      [
        -1.6431,
        34.8909
      ],
      [
        -1.4812,
        34.8601
      ],
      [
        -1.3168,
        34.8387
      ],
      [
        -1.1516,
        34.8267
      ],
      [
        -0.9875,
        34.8245
      ],
      [
        -0.826,
        34.8319
      ],
      [
        -0.6691,
        34.849
      ],
      [
        -0.5181,
        34.8755
      ],
      [
        -0.3749,
        34.9112
      ],
      [
        -0.2407,
        34.9557
      ],
      [
        -0.1172,
        35.0086
      ],
      [
        -0.0055,
        35.0693
      ],
      [
        0.0932,
        35.1372
      ],
      [
        0.1778,
        35.2116
      ],
      [
        0.2473,
        35.2916
      ],
      [
        0.301,
        35.3765
      ],
      [
        0.3383,
        35.4652
      ],
      [
        0.3587,
        35.557
      ],
      [
        0.362,
        35.6506
      ],
      [
        0.3481,
        35.7453
      ],
      [
        0.3169,
        35.8398
      ],
      [
        0.2689,
        35.9332
      ]
    ],
    [
      [
        0.2653,
        36.0224
      ],
      [
        0.1851,
        36.1104
      ],
      [
        0.0899,
        36.1942
      ],
      [
        -0.0193,
        36.2729
      ],
      [
        -0.1414,
        36.3455
      ],
      [
        -0.2751,
        36.4113
      ],
      [
        -0.4189,
        36.4695
      ],
      [
        -0.5713,
        36.5194
      ],
      [
        -0.7306,
        36.5605
      ],
      [
        -0.8951,
        36.5922
      ],
      [
        -1.0628,
        36.6142
      ],
      [
        -1.2319,
        36.6263
      ],
      [
        -1.4004,
        36.6284
      ],
      [
        -1.5665,
        36.6203
      ],
      [
        -1.7283,
        36.6023
      ],
      [
        -1.8838,
        36.5745
      ],
      [
        -2.0313,
        36.5372
      ],
      [
        -2.1691,
        36.4909
      ],
      [
        -2.2956,
        36.4362
      ],
      [
        -2.4094,
        36.3736
      ],
      [
        -2.5093,
        36.3039
      ],
      [
        -2.594,
        36.2279
      ],
      [
        -2.6627,
        36.1464
      ],
      [
        -2.7147,
        36.0604
      ],
      [
        -2.7493,
        35.9708
      ],
      [
        -2.7663,
        35.8786
      ],
      [
        -2.7655,
        35.7848
      ],
      [
        -2.747,
        35.6905
      ],
      [
        -2.7112,
        35.5967
      ],
      [
        -2.6584,
        35.5043
      ],
      [
        -2.5893,
        35.4145
      ],
      [
        -2.5047,
        35.3281
      ],
      [
        -2.4058,
        35.2461
      ],
      [
        -2.2935,
        35.1693
      ],
      [
        -2.1692,
        35.0986
      ],
      [
        -2.0343,
        35.0347
      ],
      [
        -1.8902,
        34.9782
      ],
      [
        -1.7386,
        34.9298
      ],
      [
        -1.5811,
        34.8899
      ],
      [
        -1.4194,
        34.8591
      ],
      [
        -1.2552,
        34.8375
      ],
      [
        -1.0902,
        34.8255
      ],
      [
        -0.9263,
        34.8231
      ],
      [
        -0.7651,
        34.8305
      ],
      [
        -0.6083,
        34.8475
      ],
      [
        -0.4575,
        34.8739
      ],
      [
        -0.3144,
        34.9095
      ],
      [
        -0.1804,
        34.954
      ],
      [
        -0.0569,
        35.0068
      ],
      [
        0.0547,
        35.0675
      ],
      [
        0.1533,
        35.1353
      ],
      [
        0.2379,
        35.2096
      ],
      [
        0.3074,
        35.2896
      ],
      [
        0.3611,
        35.3744
      ],
      [
        0.3985,
        35.4632
      ],
      [
        0.419,
        35.5549
      ],
      [
        0.4224,
        35.6486
      ],
      [
        0.4085,
        35.7432
      ],
      [
        0.3775,
        35.8378
      ],
      [
        0.3296,
        35.9312
      ]
    ],
    [
      [
        0.3261,
        36.0204
      ],
      [
        0.2461,
        36.1084
      ],
      [
        0.1512,
        36.1923
      ],
      [
        0.0422,
        36.271
      ],
      [
        -0.0797,
        36.3437
      ],
      [
        -0.2132,
        36.4096
      ],
      [
        -0.3568,
        36.4678
      ],
      [
        -0.5089,
        36.5178
      ],
      [
        -0.668,
        36.559
      ],
      [
        -0.8322,
        36.5908
      ],
      [
        -0.9997,
        36.6129
      ],
      [
        -1.1685,
        36.6251
      ],
      [
        -1.3369,
        36.6272
      ],
      [
        -1.5028,
        36.6193
      ],
      [
        -1.6643,
        36.6013
      ],
      [
        -1.8196,
        36.5736
      ],
      [
        -1.967,
        36.5364
      ],
      [
        -2.1046,
        36.4902
      ],
      [
        -2.2311,
        36.4356
      ],
      [
        -2.3448,
        36.373
      ],
      [
        -2.4446,
        36.3034
      ],
      [
        -2.5293,
        36.2274
      ],
      [
        -2.598,
        36.146
      ],
      [
        -2.65,
        36.06
      ],
      [
        -2.6847,
        35.9704
      ],
      [
        -2.7017,
        35.8782
      ],
      [
        -2.7011,
        35.7844
      ],
      [
        -2.6827,
        35.6901
      ],
      [
        -2.647,
        35.5963
      ],
      [
        -2.5943,
        35.5039
      ],
      [
        -2.5254,
        35.414
      ],
      [
        -2.4411,
        35.3276
      ],
      [
        -2.3424,
        35.2455
      ],
      [
        -2.2303,
        35.1687
      ],
      [
        -2.1062,
        35.0979
      ],
      [
        -1.9716,
        35.0339
      ],
      [
        -1.8278,
        34.9773
      ],
      [
        -1.6764,
        34.9288
      ],
      [
        -1.5191,
        34.8889
      ],
      [
        -1.3577,
        34.858
      ],
      [
        -1.1937,
        34.8363
      ],
      [
        -1.029,
        34.8242
      ],
      [
        -0.8653,
        34.8218
      ],
      [
        -0.7042,
        34.829
      ],
      [
        -0.5476,
        34.8459
      ],
      [
        -0.397,
        34.8723
      ],
      [
        -0.254,
        34.9078
      ],
      [
        -0.1201,
        34.9522
      ],
      [
        0.0032,
        35.005
      ],
      [
        0.1148,
        35.0656
      ],
      [
        0.2134,
        35.1334
      ],
      [
        0.2979,
        35.2076
      ],
      [
        0.3674,
        35.2876
      ],
      [
        0.4212,
        35.3724
      ],
      [
        0.4586,
        35.4611
      ],
      [
        0.4792,
        35.5528
      ],
      [
        0.4826,
        35.6465
      ],
      [
        0.4689,
        35.7412
      ],
      [
        0.438,
        35.8357
      ],
      [
        0.3903,
        35.9291
      ]
    ],
    [
      [
        0.3869,
        36.0183
      ],
      [
        0.3071,
        36.1064
      ],
      [
        0.2123,
        36.1903
      ],
      [
        0.1035,
        36.2691
      ],
      [
        -0.0181,
        36.3419
      ],
      [
        -0.1513,
        36.4078
      ],
      [
        -0.2947,
        36.4661
      ],
      [
        -0.4466,
        36.5162
      ],
      [
        -0.6055,
        36.5574
      ],
      [
        -0.7694,
        36.5893
      ],
      [
        -0.9366,
        36.6115
      ],
      [
        -1.1053,
        36.6238
      ],
      [
        -1.2734,
        36.626
      ],
      [
        -1.4391,
        36.6182
      ],
      [
        -1.6004,
        36.6003
      ],
      [
        -1.7556,
        36.5727
      ],
      [
        -1.9028,
        36.5356
      ],
      [
        -2.0403,
        36.4894
      ],
      [
        -2.1667,
        36.4349
      ],
      [
        -2.2803,
        36.3724
      ],
      [
        -2.3801,
        36.3028
      ],
      [
        -2.4647,
        36.2269
      ],
      [
        -2.5334,
        36.1455
      ],
      [
        -2.5854,
        36.0595
      ],
      [
        -2.6202,
        35.9699
      ],
      [
        -2.6373,
        35.8778
      ],
      [
        -2.6367,
        35.784
      ],
      [
        -2.6185,
        35.6897
      ],
      [
        -2.5829,
        35.5958
      ],
      [
        -2.5305,
        35.5034
      ],
      [
        -2.4617,
        35.4135
      ],
      [
        -2.3776,
        35.327
      ],
      [
        -2.2791,
        35.2449
      ],
      [
        -2.1673,
        35.168
      ],
      [
        -2.0434,
        35.0971
      ],
      [
        -1.909,
        35.033
      ],
      [
        -1.7654,
        34.9764
      ],
      [
        -1.6143,
        34.9278
      ],
      [
        -1.4573,
        34.8878
      ],
      [
        -1.2961,
        34.8568
      ],
      [
        -1.1323,
        34.8351
      ],
      [
        -0.9678,
        34.8229
      ],
      [
        -0.8043,
        34.8203
      ],
      [
        -0.6435,
        34.8275
      ],
      [
        -0.487,
        34.8443
      ],
      [
        -0.3366,
        34.8706
      ],
      [
        -0.1937,
        34.9061
      ],
      [
        -0.06,
        34.9504
      ],
      [
        0.0633,
        35.0031
      ],
      [
        0.1748,
        35.0637
      ],
      [
        0.2733,
        35.1314
      ],
      [
        0.3578,
        35.2056
      ],
      [
        0.4273,
        35.2855
      ],
      [
        0.4811,
        35.3703
      ],
      [
        0.5186,
        35.459
      ],
      [
        0.5392,
        35.5507
      ],
      [
        0.5428,
        35.6444
      ],
      [
        0.5292,
        35.739
      ],
      [
        0.4984,
        35.8336
      ],
      [
        0.4508,
        35.927
      ]
    ],
    [
      [
        0.4475,
        36.0162
      ],
      [
        0.3679,
        36.1044
      ],
      [
        0.2733,
        36.1883
      ],
      [
        0.1648,
        36.2672
      ],
      [
        0.0434,
        36.34
      ],
      [
        -0.0896,
        36.406
      ],
      [
        -0.2327,
        36.4644
      ],
      [
        -0.3844,
        36.5145
      ],
      [
        -0.543,
        36.5558
      ],
      [
        -0.7067,
        36.5878
      ],
      [
        -0.8737,
        36.6101
      ],
      [
        -1.0421,
        36.6225
      ],
      [
        -1.21,
        36.6248
      ],
      [
        -1.3755,
        36.617
      ],
      [
        -1.5367,
        36.5992
      ],
      [
        -1.6917,
        36.5717
      ],
      [
        -1.8387,
        36.5347
      ],
      [
        -1.9761,
        36.4886
      ],
      [
        -2.1024,
        36.4341
      ],
      [
        -2.2159,
        36.3717
      ],
      [
        -2.3156,
        36.3022
      ],
      [
        -2.4003,
        36.2263
      ],
      [
        -2.469,
        36.1449
      ],
      [
        -2.521,
        36.059
      ],
      [
        -2.5558,
        35.9694
      ],
      [
        -2.573,
        35.8773
      ],
      [
        -2.5725,
        35.7835
      ],
      [
        -2.5544,
        35.6892
      ],
      [
        -2.519,
        35.5953
      ],
      [
        -2.4667,
        35.5029
      ],
      [
        -2.3981,
        35.4129
      ],
      [
        -2.3142,
        35.3264
      ],
      [
        -2.2159,
        35.2442
      ],
      [
        -2.1043,
        35.1672
      ],
      [
        -1.9807,
        35.0963
      ],
      [
        -1.8465,
        35.0322
      ],
      [
        -1.7032,
        34.9755
      ],
      [
        -1.5523,
        34.9268
      ],
      [
        -1.3956,
        34.8867
      ],
      [
        -1.2346,
        34.8556
      ],
      [
        -1.0711,
        34.8338
      ],
      [
        -0.9068,
        34.8215
      ],
      [
        -0.7435,
        34.8189
      ],
      [
        -0.5828,
        34.826
      ],
      [
        -0.4266,
        34.8427
      ],
      [
        -0.2763,
        34.8689
      ],
      [
        -0.1336,
        34.9043
      ],
      [
        0.0001,
        34.9486
      ],
      [
        0.1233,
        35.0012
      ],
      [
        0.2347,
        35.0617
      ],
      [
        0.3332,
        35.1294
      ],
      [
        0.4176,
        35.2035
      ],
      [
        0.4871,
        35.2834
      ],
      [
        0.541,
        35.3682
      ],
      [
        0.5785,
        35.4569
      ],
      [
        0.5992,
        35.5486
      ],
      [
        0.6028,
        35.6422
      ],
      [
        0.5893,
        35.7369
      ],
      [
        0.5587,
        35.8315
      ],
      [
        0.5113,
        35.9249
      ]
    ],
    [
      [
        0.508,
        36.0141
      ],
      [
        0.4286,
        36.1023
      ],
      [
        0.3343,
        36.1863
      ],
      [
        0.2259,
        36.2652
      ],
      [
        0.1047,
        36.3381
      ],
      [
        -0.028,
        36.4041
      ],
      [
        -0.1709,
        36.4626
      ],
      [
        -0.3223,
        36.5128
      ],
      [
        -0.4807,
        36.5542
      ],
      [
        -0.6442,
        36.5863
      ],
      [
        -0.8109,
        36.6087
      ],
      [
        -0.9791,
        36.6211
      ],
      [
        -1.1468,
        36.6235
      ],
      [
        -1.3121,
        36.6158
      ],
      [
        -1.473,
        36.5981
      ],
      [
        -1.6279,
        36.5707
      ],
      [
        -1.7748,
        36.5337
      ],
      [
        -1.912,
        36.4878
      ],
      [
        -2.0382,
        36.4333
      ],
      [
        -2.1517,
        36.371
      ],
      [
        -2.2513,
        36.3015
      ],
      [
        -2.3359,
        36.2257
      ],
      [
        -2.4046,
        36.1443
      ],
      [
        -2.4566,
        36.0584
      ],
      [
        -2.4915,
        35.9689
      ],
      [
        -2.5088,
        35.8767
      ],
      [
        -2.5084,
        35.783
      ],
      [
        -2.4904,
        35.6886
      ],
      [
        -2.4551,
        35.5947
      ],
      [
        -2.403,
        35.5023
      ],
      [
        -2.3347,
        35.4123
      ],
      [
        -2.2509,
        35.3257
      ],
      [
        -2.1528,
        35.2435
      ],
      [
        -2.0415,
        35.1665
      ],
      [
        -1.9181,
        35.0955
      ],
      [
        -1.7842,
        35.0312
      ],
      [
        -1.6411,
        34.9745
      ],
      [
        -1.4905,
        34.9257
      ],
      [
        -1.3339,
        34.8855
      ],
      [
        -1.1732,
        34.8543
      ],
      [
        -1.0099,
        34.8324
      ],
      [
        -0.8459,
        34.8201
      ],
      [
        -0.6827,
        34.8174
      ],
      [
        -0.5223,
        34.8244
      ],
      [
        -0.3662,
        34.841
      ],
      [
        -0.2161,
        34.8671
      ],
      [
        -0.0735,
        34.9025
      ],
      [
        0.06,
        34.9467
      ],
      [
        0.1831,
        34.9992
      ],
      [
        0.2945,
        35.0597
      ],
      [
        0.3929,
        35.1273
      ],
      [
        0.4773,
        35.2014
      ],
      [
        0.5469,
        35.2813
      ],
      [
        0.6007,
        35.366
      ],
      [
        0.6382,
        35.4547
      ],
      [
        0.659,
        35.5464
      ],
      [
        0.6628,
        35.64
      ],
      [
        0.6494,
        35.7347
      ],
      [
        0.6189,
        35.8293
      ],
      [
        0.5717,
        35.9228
      ]
    ],
    [
      [
        0.5685,
        36.0119
      ],
      [
        0.4893,
        36.1001
      ],
      [
        0.3951,
        36.1842
      ],
      [
        0.287,
        36.2631
      ],
      [
        0.166,
        36.3361
      ],
      [
        0.0335,
        36.4022
      ],
      [
        -0.1092,
        36.4608
      ],
      [
        -0.2604,
        36.5111
      ],
      [
        -0.4185,
        36.5525
      ],
      [
        -0.5817,
        36.5847
      ],
      [
        -0.7482,
        36.6072
      ],
      [
        -0.9162,
        36.6197
      ],
      [
        -1.0837,
        36.6222
      ],
      [
        -1.2487,
        36.6146
      ],
      [
        -1.4095,
        36.597
      ],
      [
        -1.5642,
        36.5696
      ],
      [
        -1.7109,
        36.5327
      ],
      [
        -1.8481,
        36.4869
      ],
      [
        -1.9741,
        36.4325
      ],
      [
        -2.0875,
        36.3702
      ],
      [
        -2.1871,
        36.3008
      ],
      [
        -2.2717,
        36.225
      ],
      [
        -2.3404,
        36.1437
      ],
      [
        -2.3924,
        36.0578
      ],
      [
        -2.4273,
        35.9683
      ],
      [
        -2.4447,
        35.8762
      ],
      [
        -2.4444,
        35.7824
      ],
      [
        -2.4266,
        35.688
      ],
      [
        -2.3914,
        35.5941
      ],
      [
        -2.3395,
        35.5016
      ],
      [
        -2.2713,
        35.4116
      ],
      [
        -2.1878,
        35.325
      ],
      [
        -2.0899,
        35.2427
      ],
      [
        -1.9788,
        35.1656
      ],
      [
        -1.8556,
        35.0946
      ],
      [
        -1.7219,
        35.0303
      ],
      [
        -1.5791,
        34.9734
      ],
      [
        -1.4287,
        34.9246
      ],
      [
        -1.2724,
        34.8843
      ],
      [
        -1.1119,
        34.853
      ],
      [
        -0.9489,
        34.831
      ],
      [
        -0.785,
        34.8186
      ],
      [
        -0.6221,
        34.8158
      ],
      [
        -0.4619,
        34.8227
      ],
      [
        -0.3059,
        34.8393
      ],
      [
        -0.156,
        34.8654
      ],
      [
        -0.0135,
        34.9006
      ],
      [
        0.1199,
        34.9447
      ],
      [
        0.2429,
        34.9972
      ],
      [
        0.3542,
        35.0576
      ],
      [
        0.4525,
        35.1252
      ],
      [
        0.537,
        35.1993
      ],
      [
        0.6065,
        35.2791
      ],
      [
        0.6603,
        35.3638
      ],
      [
        0.6979,
        35.4524
      ],
      [
        0.7188,
        35.5441
      ],
      [
        0.7226,
        35.6378
      ],
      [
        0.7094,
        35.7324
      ],
      [
        0.6791,
        35.827
      ],
      [
        0.6319,
        35.9206
      ]
    ],
    [
      [
        0.6288,
        36.0097
      ],
      [
        0.5498,
        36.098
      ],
      [
        0.4558,
        36.1821
      ],
      [
        0.3479,
        36.2611
      ],
      [
        0.2272,
        36.3341
      ],
      [
        0.0949,
        36.4003
      ],
      [
        -0.0475,
        36.4589
      ],
      [
        -0.1985,
        36.5093
      ],
      [
        -0.3563,
        36.5508
      ],
      [
        -0.5193,
        36.5831
      ],
      [
        -0.6856,
        36.6056
      ],
      [
        -0.8534,
        36.6183
      ],
      [
        -1.0206,
        36.6208
      ],
      [
        -1.1855,
        36.6133
      ],
      [
        -1.3461,
        36.5958
      ],
      [
        -1.5006,
        36.5685
      ],
      [
        -1.6472,
        36.5317
      ],
      [
        -1.7842,
        36.4859
      ],
      [
        -1.9101,
        36.4316
      ],
      [
        -2.0235,
        36.3694
      ],
      [
        -2.123,
        36.3
      ],
      [
        -2.2075,
        36.2243
      ],
      [
        -2.2762,
        36.143
      ],
      [
        -2.3283,
        36.0572
      ],
      [
        -2.3632,
        35.9677
      ],
      [
        -2.3807,
        35.8755
      ],
      [
        -2.3805,
        35.7818
      ],
      [
        -2.3628,
        35.6874
      ],
      [
        -2.3278,
        35.5934
      ],
      [
        -2.276,
        35.5009
      ],
      [
        -2.208,
        35.4109
      ],
      [
        -2.1247,
        35.3242
      ],
      [
        -2.0271,
        35.2419
      ],
      [
        -1.9161,
        35.1647
      ],
      [
        -1.7933,
        35.0936
      ],
      [
        -1.6598,
        35.0293
      ],
      [
        -1.5172,
        34.9723
      ],
      [
        -1.3671,
        34.9234
      ],
      [
        -1.211,
        34.8831
      ],
      [
        -1.0507,
        34.8517
      ],
      [
        -0.8879,
        34.8296
      ],
      [
        -0.7243,
        34.8171
      ],
      [
        -0.5616,
        34.8142
      ],
      [
        -0.4015,
        34.8211
      ],
      [
        -0.2458,
        34.8375
      ],
      [
        -0.096,
        34.8635
      ],
      [
        0.0463,
        34.8987
      ],
      [
        0.1797,
        34.9428
      ],
      [
        0.3026,
        34.9952
      ],
      [
        0.4138,
        35.0555
      ],
      [
        0.5121,
        35.1231
      ],
      [
        0.5965,
        35.1971
      ],
      [
        0.666,
        35.2769
      ],
      [
        0.7199,
        35.3615
      ],
      [
        0.7575,
        35.4502
      ],
      [
        0.7785,
        35.5418
      ],
      [
        0.7824,
        35.6355
      ],
      [
        0.7692,
        35.7302
      ],
      [
        0.7391,
        35.8248
      ],
      [
        0.6921,
        35.9183
      ]
    ],
    [
      [
        0.689,
        36.0075
      ],
      [
        0.6102,
        36.0957
      ],
      [
        0.5165,
        36.1799
      ],
      [
        0.4088,
        36.259
      ],
      [
        0.2883,
        36.332
      ],
      [
        0.1562,
        36.3983
      ],
      [
        0.014,
        36.457
      ],
      [
        -0.1367,
        36.5074
      ],
      [
        -0.2943,
        36.5491
      ],
      [
        -0.4571,
        36.5814
      ],
      [
        -0.6232,
        36.604
      ],
      [
        -0.7907,
        36.6168
      ],
      [
        -0.9577,
        36.6194
      ],
      [
        -1.1224,
        36.612
      ],
      [
        -1.2828,
        36.5946
      ],
      [
        -1.4371,
        36.5673
      ],
      [
        -1.5836,
        36.5306
      ],
      [
        -1.7205,
        36.4849
      ],
      [
        -1.8463,
        36.4306
      ],
      [
        -1.9595,
        36.3685
      ],
      [
        -2.059,
        36.2992
      ],
      [
        -2.1435,
        36.2235
      ],
      [
        -2.2122,
        36.1423
      ],
      [
        -2.2643,
        36.0565
      ],
      [
        -2.2993,
        35.967
      ],
      [
        -2.3168,
        35.8749
      ],
      [
        -2.3168,
        35.7811
      ],
      [
        -2.2992,
        35.6867
      ],
      [
        -2.2643,
        35.5927
      ],
      [
        -2.2127,
        35.5002
      ],
      [
        -2.1449,
        35.4101
      ],
      [
        -2.0618,
        35.3234
      ],
      [
        -1.9643,
        35.241
      ],
      [
        -1.8536,
        35.1638
      ],
      [
        -1.731,
        35.0926
      ],
      [
        -1.5978,
        35.0282
      ],
      [
        -1.4554,
        34.9712
      ],
      [
        -1.3055,
        34.9222
      ],
      [
        -1.1497,
        34.8818
      ],
      [
        -0.9896,
        34.8503
      ],
      [
        -0.8271,
        34.8282
      ],
      [
        -0.6636,
        34.8155
      ],
      [
        -0.5012,
        34.8126
      ],
      [
        -0.3413,
        34.8193
      ],
      [
        -0.1857,
        34.8357
      ],
      [
        -0.036,
        34.8616
      ],
      [
        0.1061,
        34.8968
      ],
      [
        0.2393,
        34.9407
      ],
      [
        0.3621,
        34.9931
      ],
      [
        0.4733,
        35.0534
      ],
      [
        0.5715,
        35.1209
      ],
      [
        0.6559,
        35.1949
      ],
      [
        0.7254,
        35.2746
      ],
      [
        0.7793,
        35.3593
      ],
      [
        0.817,
        35.4479
      ],
      [
        0.838,
        35.5395
      ],
      [
        0.8421,
        35.6332
      ],
      [
        0.829,
        35.7278
      ],
      [
        0.799,
        35.8225
      ],
      [
        0.7522,
        35.916
      ]
    ],
    [
      [
        0.7492,
        36.0052
      ],
      [
        0.6705,
        36.0935
      ],
      [
        0.577,
        36.1777
      ],
      [
        0.4695,
        36.2568
      ],
      [
        0.3492,
        36.3299
      ],
      [
        0.2174,
        36.3963
      ],
      [
        0.0755,
        36.455
      ],
      [
        -0.075,
        36.5056
      ],
      [
        -0.2324,
        36.5473
      ],
      [
        -0.3949,
        36.5797
      ],
      [
        -0.5608,
        36.6024
      ],
      [
        -0.7281,
        36.6152
      ],
      [
        -0.8949,
        36.618
      ],
      [
        -1.0594,
        36.6106
      ],
      [
        -1.2196,
        36.5933
      ],
      [
        -1.3737,
        36.5661
      ],
      [
        -1.52,
        36.5295
      ],
      [
        -1.6568,
        36.4838
      ],
      [
        -1.7825,
        36.4297
      ],
      [
        -1.8957,
        36.3676
      ],
      [
        -1.9951,
        36.2983
      ],
      [
        -2.0796,
        36.2227
      ],
      [
        -2.1483,
        36.1415
      ],
      [
        -2.2004,
        36.0557
      ],
      [
        -2.2355,
        35.9663
      ],
      [
        -2.2531,
        35.8741
      ],
      [
        -2.2531,
        35.7804
      ],
      [
        -2.2356,
        35.686
      ],
      [
        -2.2009,
        35.592
      ],
      [
        -2.1495,
        35.4994
      ],
      [
        -2.0819,
        35.4093
      ],
      [
        -1.999,
        35.3226
      ],
      [
        -1.9017,
        35.2401
      ],
      [
        -1.7912,
        35.1629
      ],
      [
        -1.6688,
        35.0916
      ],
      [
        -1.5358,
        35.0271
      ],
      [
        -1.3937,
        34.97
      ],
      [
        -1.2441,
        34.921
      ],
      [
        -1.0885,
        34.8804
      ],
      [
        -0.9287,
        34.8489
      ],
      [
        -0.7663,
        34.8266
      ],
      [
        -0.6031,
        34.8139
      ],
      [
        -0.4408,
        34.8109
      ],
      [
        -0.2811,
        34.8176
      ],
      [
        -0.1257,
        34.8339
      ],
      [
        0.0238,
        34.8597
      ],
      [
        0.1658,
        34.8948
      ],
      [
        0.2989,
        34.9387
      ],
      [
        0.4216,
        34.991
      ],
      [
        0.5327,
        35.0512
      ],
      [
        0.6309,
        35.1186
      ],
      [
        0.7152,
        35.1926
      ],
      [
        0.7848,
        35.2723
      ],
      [
        0.8387,
        35.3569
      ],
      [
        0.8764,
        35.4455
      ],
      [
        0.8975,
        35.5371
      ],
      [
        0.9016,
        35.6308
      ],
      [
        0.8887,
        35.7255
      ],
      [
        0.8588,
        35.8201
      ],
      [
        0.8121,
        35.9137
      ]
    ],
    [
      [
        0.8092,
        36.0028
      ],
      [
        0.7308,
        36.0912
      ],
      [
        0.6374,
        36.1754
      ],
      [
        0.5302,
        36.2546
      ],
      [
        0.4101,
        36.3278
      ],
      [
        0.2785,
        36.3942
      ],
      [
        0.1368,
        36.453
      ],
      [
        -0.0134,
        36.5036
      ],
      [
        -0.1706,
        36.5454
      ],
      [
        -0.3329,
        36.5779
      ],
      [
        -0.4985,
        36.6007
      ],
      [
        -0.6656,
        36.6136
      ],
      [
        -0.8322,
        36.6165
      ],
      [
        -0.9964,
        36.6092
      ],
      [
        -1.1565,
        36.592
      ],
      [
        -1.3105,
        36.5649
      ],
      [
        -1.4566,
        36.5283
      ],
      [
        -1.5933,
        36.4828
      ],
      [
        -1.7189,
        36.4286
      ],
      [
        -1.832,
        36.3666
      ],
      [
        -1.9313,
        36.2974
      ],
      [
        -2.0158,
        36.2218
      ],
      [
        -2.0845,
        36.1407
      ],
      [
        -2.1367,
        36.0549
      ],
      [
        -2.1718,
        35.9655
      ],
      [
        -2.1894,
        35.8734
      ],
      [
        -2.1896,
        35.7796
      ],
      [
        -2.1722,
        35.6852
      ],
      [
        -2.1377,
        35.5912
      ],
      [
        -2.0864,
        35.4986
      ],
      [
        -2.0189,
        35.4084
      ],
      [
        -1.9362,
        35.3217
      ],
      [
        -1.8392,
        35.2392
      ],
      [
        -1.729,
        35.1618
      ],
      [
        -1.6068,
        35.0905
      ],
      [
        -1.474,
        35.0259
      ],
      [
        -1.3321,
        34.9688
      ],
      [
        -1.1827,
        34.9197
      ],
      [
        -1.0274,
        34.8791
      ],
      [
        -0.8678,
        34.8474
      ],
      [
        -0.7057,
        34.8251
      ],
      [
        -0.5427,
        34.8123
      ],
      [
        -0.3806,
        34.8092
      ],
      [
        -0.2211,
        34.8158
      ],
      [
        -0.0659,
        34.832
      ],
      [
        0.0835,
        34.8578
      ],
      [
        0.2254,
        34.8927
      ],
      [
        0.3583,
        34.9366
      ],
      [
        0.481,
        34.9889
      ],
      [
        0.592,
        35.049
      ],
      [
        0.6901,
        35.1164
      ],
      [
        0.7745,
        35.1903
      ],
      [
        0.844,
        35.27
      ],
      [
        0.898,
        35.3545
      ],
      [
        0.9357,
        35.4431
      ],
      [
        0.9569,
        35.5347
      ],
      [
        0.9611,
        35.6284
      ],
      [
        0.9483,
        35.7231
      ],
      [
        0.9185,
        35.8177
      ],
      [
        0.872,
        35.9113
      ]
    ],
    [
      [
        0.8692,
        36.0005
      ],
      [
        0.7909,
        36.0889
      ],
      [
        0.6978,
        36.1731
      ],
      [
        0.5907,
        36.2524
      ],
      [
        0.4709,
        36.3256
      ],
      [
        0.3395,
        36.3921
      ],
      [
        0.198,
        36.451
      ],
      [
        0.048,
        36.5017
      ],
      [
        -0.1089,
        36.5435
      ],
      [
        -0.2709,
        36.5761
      ],
      [
        -0.4363,
        36.599
      ],
      [
        -0.6032,
        36.612
      ],
      [
        -0.7696,
        36.6149
      ],
      [
        -0.9336,
        36.6078
      ],
      [
        -1.0935,
        36.5906
      ],
      [
        -1.2473,
        36.5636
      ],
      [
        -1.3933,
        36.5271
      ],
      [
        -1.5299,
        36.4816
      ],
      [
        -1.6554,
        36.4276
      ],
      [
        -1.7684,
        36.3656
      ],
      [
        -1.8677,
        36.2965
      ],
      [
        -1.9521,
        36.2209
      ],
      [
        -2.0208,
        36.1398
      ],
      [
        -2.073,
        36.0541
      ],
      [
        -2.1081,
        35.9647
      ],
      [
        -2.1259,
        35.8726
      ],
      [
        -2.1261,
        35.7788
      ],
      [
        -2.1089,
        35.6844
      ],
      [
        -2.0745,
        35.5904
      ],
      [
        -2.0234,
        35.4978
      ],
      [
        -1.9561,
        35.4075
      ],
      [
        -1.8736,
        35.3207
      ],
      [
        -1.7768,
        35.2382
      ],
      [
        -1.6668,
        35.1608
      ],
      [
        -1.5448,
        35.0894
      ],
      [
        -1.4123,
        35.0247
      ],
      [
        -1.2707,
        34.9675
      ],
      [
        -1.1215,
        34.9183
      ],
      [
        -0.9664,
        34.8776
      ],
      [
        -0.807,
        34.8459
      ],
      [
        -0.6451,
        34.8235
      ],
      [
        -0.4824,
        34.8106
      ],
      [
        -0.3205,
        34.8074
      ],
      [
        -0.1612,
        34.8139
      ],
      [
        -0.0061,
        34.8301
      ],
      [
        0.1431,
        34.8558
      ],
      [
        0.2849,
        34.8907
      ],
      [
        0.4177,
        34.9344
      ],
      [
        0.5402,
        34.9866
      ],
      [
        0.6512,
        35.0467
      ],
      [
        0.7493,
        35.1141
      ],
      [
        0.8336,
        35.1879
      ],
      [
        0.9031,
        35.2676
      ],
      [
        0.9571,
        35.3521
      ],
      [
        0.995,
        35.4407
      ],
      [
        1.0162,
        35.5323
      ],
      [
        1.0205,
        35.6259
      ],
      [
        1.0078,
        35.7206
      ],
      [
        0.9781,
        35.8153
      ],
      [
        0.9318,
        35.9089
      ]
    ],
    [
      [
        0.929,
        35.998
      ],
      [
        0.851,
        36.0865
      ],
      [
        0.758,
        36.1708
      ],
      [
        0.6512,
        36.2501
      ],
      [
        0.5315,
        36.3234
      ],
      [
        0.4004,
        36.3899
      ],
      [
        0.2592,
        36.4489
      ],
      [
        0.1094,
        36.4997
      ],
      [
        -0.0473,
        36.5416
      ],
      [
        -0.2091,
        36.5743
      ],
      [
        -0.3742,
        36.5973
      ],
      [
        -0.5409,
        36.6103
      ],
      [
        -0.7071,
        36.6133
      ],
      [
        -0.8709,
        36.6063
      ],
      [
        -1.0306,
        36.5892
      ],
      [
        -1.1843,
        36.5623
      ],
      [
        -1.3301,
        36.5259
      ],
      [
        -1.4665,
        36.4804
      ],
      [
        -1.5919,
        36.4264
      ],
      [
        -1.7049,
        36.3646
      ],
      [
        -1.8041,
        36.2955
      ],
      [
        -1.8886,
        36.22
      ],
      [
        -1.9573,
        36.1389
      ],
      [
        -2.0095,
        36.0532
      ],
      [
        -2.0447,
        35.9638
      ],
      [
        -2.0625,
        35.8717
      ],
      [
        -2.0628,
        35.7779
      ],
      [
        -2.0457,
        35.6835
      ],
      [
        -2.0115,
        35.5895
      ],
      [
        -1.9605,
        35.4968
      ],
      [
        -1.8934,
        35.4066
      ],
      [
        -1.8111,
        35.3197
      ],
      [
        -1.7145,
        35.2371
      ],
      [
        -1.6047,
        35.1597
      ],
      [
        -1.483,
        35.0882
      ],
      [
        -1.3507,
        35.0235
      ],
      [
        -1.2093,
        34.9662
      ],
      [
        -1.0604,
        34.9169
      ],
      [
        -0.9055,
        34.8762
      ],
      [
        -0.7464,
        34.8444
      ],
      [
        -0.5847,
        34.8219
      ],
      [
        -0.4221,
        34.8089
      ],
      [
        -0.2604,
        34.8056
      ],
      [
        -0.1013,
        34.812
      ],
      [
        0.0536,
        34.8281
      ],
      [
        0.2026,
        34.8537
      ],
      [
        0.3442,
        34.8886
      ],
      [
        0.477,
        34.9323
      ],
      [
        0.5994,
        34.9844
      ],
      [
        0.7103,
        35.0444
      ],
      [
        0.8084,
        35.1117
      ],
      [
        0.8926,
        35.1856
      ],
      [
        0.9622,
        35.2652
      ],
      [
        1.0162,
        35.3497
      ],
      [
        1.0541,
        35.4382
      ],
      [
        1.0754,
        35.5298
      ],
      [
        1.0798,
        35.6235
      ],
      [
        1.0672,
        35.7182
      ],
      [
        1.0377,
        35.8128
      ],
      [
        0.9915,
        35.9065
      ]
    ],
    [
      [
        0.9888,
        35.9956
      ],
      [
        0.9109,
        36.0841
      ],
      [
        0.8182,
        36.1684
      ],
      [
        0.7115,
        36.2478
      ],
      [
        0.5921,
        36.3211
      ],
      [
        0.4612,
        36.3877
      ],
      [
        0.3202,
        36.4468
      ],
      [
        0.1707,
        36.4976
      ],
      [
        0.0142,
        36.5396
      ],
      [
        -0.1474,
        36.5724
      ],
      [
        -0.3123,
        36.5955
      ],
      [
        -0.4787,
        36.6086
      ],
      [
        -0.6447,
        36.6117
      ],
      [
        -0.8084,
        36.6047
      ],
      [
        -0.9679,
        36.5877
      ],
      [
        -1.1213,
        36.5609
      ],
      [
        -1.2671,
        36.5246
      ],
      [
        -1.4033,
        36.4792
      ],
      [
        -1.5286,
        36.4253
      ],
      [
        -1.6415,
        36.3635
      ],
      [
        -1.7407,
        36.2944
      ],
      [
        -1.8251,
        36.219
      ],
      [
        -1.8938,
        36.1379
      ],
      [
        -1.946,
        36.0522
      ],
      [
        -1.9813,
        35.9629
      ],
      [
        -1.9992,
        35.8708
      ],
      [
        -1.9996,
        35.777
      ],
      [
        -1.9826,
        35.6826
      ],
      [
        -1.9485,
        35.5885
      ],
      [
        -1.8977,
        35.4959
      ],
      [
        -1.8308,
        35.4056
      ],
      [
        -1.7487,
        35.3187
      ],
      [
        -1.6523,
        35.236
      ],
      [
        -1.5427,
        35.1585
      ],
      [
        -1.4212,
        35.087
      ],
      [
        -1.2892,
        35.0222
      ],
      [
        -1.148,
        34.9649
      ],
      [
        -0.9993,
        34.9155
      ],
      [
        -0.8447,
        34.8746
      ],
      [
        -0.6858,
        34.8428
      ],
      [
        -0.5243,
        34.8202
      ],
      [
        -0.362,
        34.8071
      ],
      [
        -0.2005,
        34.8038
      ],
      [
        -0.0416,
        34.8101
      ],
      [
        0.1131,
        34.8261
      ],
      [
        0.262,
        34.8517
      ],
      [
        0.4035,
        34.8864
      ],
      [
        0.5362,
        34.9301
      ],
      [
        0.6585,
        34.9821
      ],
      [
        0.7693,
        35.0421
      ],
      [
        0.8673,
        35.1093
      ],
      [
        0.9516,
        35.1831
      ],
      [
        1.0211,
        35.2627
      ],
      [
        1.0752,
        35.3472
      ],
      [
        1.1131,
        35.4357
      ],
      [
        1.1345,
        35.5273
      ],
      [
        1.139,
        35.6209
      ],
      [
        1.1265,
        35.7156
      ],
      [
        1.0971,
        35.8103
      ],
      [
        1.0511,
        35.904
      ]
    ],
    [
      [
        1.0485,
        35.9931
      ],
      [
        0.9707,
        36.0816
      ],
      [
        0.8782,
        36.166
      ],
      [
        0.7718,
        36.2454
      ],
      [
        0.6526,
        36.3188
      ],
      [
        0.5219,
        36.3855
      ],
      [
        0.3811,
        36.4446
      ],
      [
        0.2318,
        36.4955
      ],
      [
        0.0756,
        36.5376
      ],
      [
        -0.0857,
        36.5704
      ],
      [
        -0.2504,
        36.5936
      ],
      [
        -0.4166,
        36.6069
      ],
      [
        -0.5824,
        36.61
      ],
      [
        -0.7459,
        36.6031
      ],
      [
        -0.9052,
        36.5862
      ],
      [
        -1.0585,
        36.5595
      ],
      [
        -1.2041,
        36.5232
      ],
      [
        -1.3402,
        36.4779
      ],
      [
        -1.4654,
        36.4241
      ],
      [
        -1.5782,
        36.3623
      ],
      [
        -1.6774,
        36.2933
      ],
      [
        -1.7618,
        36.2179
      ],
      [
        -1.8304,
        36.1369
      ],
      [
        -1.8827,
        36.0513
      ],
      [
        -1.918,
        35.9619
      ],
      [
        -1.936,
        35.8698
      ],
      [
        -1.9365,
        35.7761
      ],
      [
        -1.9197,
        35.6816
      ],
      [
        -1.8857,
        35.5876
      ],
      [
        -1.835,
        35.4949
      ],
      [
        -1.7683,
        35.4046
      ],
      [
        -1.6864,
        35.3176
      ],
      [
        -1.5902,
        35.2349
      ],
      [
        -1.4809,
        35.1573
      ],
      [
        -1.3596,
        35.0858
      ],
      [
        -1.2278,
        35.0209
      ],
      [
        -1.0869,
        34.9635
      ],
      [
        -0.9384,
        34.914
      ],
      [
        -0.784,
        34.8731
      ],
      [
        -0.6254,
        34.8411
      ],
      [
        -0.4641,
        34.8185
      ],
      [
        -0.302,
        34.8053
      ],
      [
        -0.1407,
        34.8019
      ],
      [
        0.0181,
        34.8082
      ],
      [
        0.1726,
        34.8241
      ],
      [
        0.3214,
        34.8495
      ],
      [
        0.4627,
        34.8842
      ],
      [
        0.5952,
        34.9278
      ],
      [
        0.7175,
        34.9798
      ],
      [
        0.8282,
        35.0397
      ],
      [
        0.9262,
        35.1069
      ],
      [
        1.0104,
        35.1807
      ],
      [
        1.08,
        35.2602
      ],
      [
        1.134,
        35.3447
      ],
      [
        1.172,
        35.4332
      ],
      [
        1.1934,
        35.5247
      ],
      [
        1.198,
        35.6184
      ],
      [
        1.1857,
        35.7131
      ],
      [
        1.1564,
        35.8078
      ],
      [
        1.1106,
        35.9015
      ]
    ],
    [
      [
        1.108,
        35.9906
      ],
      [
        1.0305,
        36.0791
      ],
      [
        0.9381,
        36.1636
      ],
      [
        0.8319,
        36.243
      ],
      [
        0.713,
        36.3165
      ],
      [
        0.5825,
        36.3832
      ],
      [
        0.442,
        36.4424
      ],
      [
        0.2929,
        36.4934
      ],
      [
        0.1369,
        36.5356
      ],
      [
        -0.0242,
        36.5685
      ],
      [
        -0.1887,
        36.5917
      ],
      [
        -0.3546,
        36.6051
      ],
      [
        -0.5202,
        36.6083
      ],
      [
        -0.6835,
        36.6015
      ],
      [
        -0.8426,
        36.5846
      ],
      [
        -0.9958,
        36.558
      ],
      [
        -1.1412,
        36.5218
      ],
      [
        -1.2773,
        36.4766
      ],
      [
        -1.4023,
        36.4228
      ],
      [
        -1.5151,
        36.3611
      ],
      [
        -1.6142,
        36.2922
      ],
      [
        -1.6985,
        36.2168
      ],
      [
        -1.7672,
        36.1359
      ],
      [
        -1.8195,
        36.0502
      ],
      [
        -1.8548,
        35.9609
      ],
      [
        -1.8729,
        35.8688
      ],
      [
        -1.8735,
        35.7751
      ],
      [
        -1.8568,
        35.6806
      ],
      [
        -1.823,
        35.5866
      ],
      [
        -1.7725,
        35.4938
      ],
      [
        -1.706,
        35.4035
      ],
      [
        -1.6242,
        35.3165
      ],
      [
        -1.5283,
        35.2337
      ],
      [
        -1.4191,
        35.1561
      ],
      [
        -1.2981,
        35.0845
      ],
      [
        -1.1665,
        35.0195
      ],
      [
        -1.0258,
        34.962
      ],
      [
        -0.8776,
        34.9125
      ],
      [
        -0.7234,
        34.8715
      ],
      [
        -0.565,
        34.8395
      ],
      [
        -0.404,
        34.8167
      ],
      [
        -0.2421,
        34.8035
      ],
      [
        -0.081,
        34.8
      ],
      [
        0.0776,
        34.8061
      ],
      [
        0.232,
        34.822
      ],
      [
        0.3806,
        34.8474
      ],
      [
        0.5218,
        34.882
      ],
      [
        0.6542,
        34.9255
      ],
      [
        0.7764,
        34.9774
      ],
      [
        0.887,
        35.0373
      ],
      [
        0.985,
        35.1044
      ],
      [
        1.0692,
        35.1782
      ],
      [
        1.1387,
        35.2577
      ],
      [
        1.1928,
        35.3421
      ],
      [
        1.2309,
        35.4306
      ],
      [
        1.2524,
        35.5221
      ],
      [
        1.257,
        35.6158
      ],
      [
        1.2448,
        35.7105
      ],
      [
        1.2157,
        35.8052
      ],
      [
        1.17,
        35.8989
      ]
    ],
    [
      [
        1.1675,
        35.988
      ],
      [
        1.0902,
        36.0766
      ],
      [
        0.998,
        36.1611
      ],
      [
        0.892,
        36.2406
      ],
      [
        0.7732,
        36.3141
      ],
      [
        0.643,
        36.3809
      ],
      [
        0.5027,
        36.4402
      ],
      [
        0.3539,
        36.4912
      ],
      [
        0.1981,
        36.5335
      ],
      [
        0.0373,
        36.5665
      ],
      [
        -0.127,
        36.5898
      ],
      [
        -0.2928,
        36.6032
      ],
      [
        -0.4581,
        36.6066
      ],
      [
        -0.6212,
        36.5998
      ],
      [
        -0.7802,
        36.5831
      ],
      [
        -0.9332,
        36.5565
      ],
      [
        -1.0785,
        36.5204
      ],
      [
        -1.2144,
        36.4752
      ],
      [
        -1.3394,
        36.4215
      ],
      [
        -1.452,
        36.3599
      ],
      [
        -1.5511,
        36.291
      ],
      [
        -1.6354,
        36.2157
      ],
      [
        -1.7041,
        36.1348
      ],
      [
        -1.7564,
        36.0492
      ],
      [
        -1.7918,
        35.9599
      ],
      [
        -1.8099,
        35.8678
      ],
      [
        -1.8106,
        35.774
      ],
      [
        -1.794,
        35.6796
      ],
      [
        -1.7604,
        35.5855
      ],
      [
        -1.71,
        35.4927
      ],
      [
        -1.6437,
        35.4024
      ],
      [
        -1.5622,
        35.3153
      ],
      [
        -1.4664,
        35.2325
      ],
      [
        -1.3575,
        35.1548
      ],
      [
        -1.2367,
        35.0831
      ],
      [
        -1.1053,
        35.0181
      ],
      [
        -0.9649,
        34.9605
      ],
      [
        -0.8169,
        34.9109
      ],
      [
        -0.663,
        34.8699
      ],
      [
        -0.5047,
        34.8377
      ],
      [
        -0.3439,
        34.8149
      ],
      [
        -0.1822,
        34.8016
      ],
      [
        -0.0213,
        34.798
      ],
      [
        0.1371,
        34.8041
      ],
      [
        0.2913,
        34.8199
      ],
      [
        0.4397,
        34.8452
      ],
      [
        0.5808,
        34.8797
      ],
      [
        0.7131,
        34.9232
      ],
      [
        0.8352,
        34.975
      ],
      [
        0.9458,
        35.0349
      ],
      [
        1.0437,
        35.1019
      ],
      [
        1.1279,
        35.1756
      ],
      [
        1.1974,
        35.2551
      ],
      [
        1.2515,
        35.3395
      ],
      [
        1.2896,
        35.4279
      ],
      [
        1.3112,
        35.5195
      ],
      [
        1.3159,
        35.6131
      ],
      [
        1.3038,
        35.7078
      ],
      [
        1.2748,
        35.8026
      ],
      [
        1.2293,
        35.8963
      ]
    ],
    [
      [
        1.2269,
        35.9854
      ],
      [
        1.1497,
        36.074
      ],
      [
        1.0578,
        36.1585
      ],
      [
        0.952,
        36.2381
      ],
      [
        0.8334,
        36.3117
      ],
      [
        0.7034,
        36.3785
      ],
      [
        0.5634,
        36.4379
      ],
      [
        0.4148,
        36.489
      ],
      [
        0.2593,
        36.5313
      ],
      [
        0.0986,
        36.5644
      ],
      [
        -0.0654,
        36.5878
      ],
      [
        -0.231,
        36.6013
      ],
      [
        -0.3961,
        36.6048
      ],
      [
        -0.559,
        36.5981
      ],
      [
        -0.7178,
        36.5814
      ],
      [
        -0.8707,
        36.5549
      ],
      [
        -1.0158,
        36.5189
      ],
      [
        -1.1516,
        36.4738
      ],
      [
        -1.2765,
        36.4202
      ],
      [
        -1.3891,
        36.3586
      ],
      [
        -1.4881,
        36.2898
      ],
      [
        -1.5724,
        36.2145
      ],
      [
        -1.641,
        36.1336
      ],
      [
        -1.6934,
        36.0481
      ],
      [
        -1.7288,
        35.9588
      ],
      [
        -1.747,
        35.8667
      ],
      [
        -1.7479,
        35.773
      ],
      [
        -1.7314,
        35.6785
      ],
      [
        -1.6978,
        35.5844
      ],
      [
        -1.6477,
        35.4916
      ],
      [
        -1.5815,
        35.4012
      ],
      [
        -1.5002,
        35.3141
      ],
      [
        -1.4046,
        35.2312
      ],
      [
        -1.2959,
        35.1535
      ],
      [
        -1.1754,
        35.0817
      ],
      [
        -1.0442,
        35.0167
      ],
      [
        -0.904,
        34.959
      ],
      [
        -0.7563,
        34.9093
      ],
      [
        -0.6026,
        34.8682
      ],
      [
        -0.4446,
        34.836
      ],
      [
        -0.284,
        34.8131
      ],
      [
        -0.1225,
        34.7997
      ],
      [
        0.0382,
        34.796
      ],
      [
        0.1964,
        34.802
      ],
      [
        0.3505,
        34.8177
      ],
      [
        0.4987,
        34.8429
      ],
      [
        0.6397,
        34.8774
      ],
      [
        0.7719,
        34.9208
      ],
      [
        0.8939,
        34.9726
      ],
      [
        1.0044,
        35.0324
      ],
      [
        1.1023,
        35.0994
      ],
      [
        1.1864,
        35.173
      ],
      [
        1.256,
        35.2525
      ],
      [
        1.3101,
        35.3368
      ],
      [
        1.3482,
        35.4253
      ],
      [
        1.3699,
        35.5168
      ],
      [
        1.3748,
        35.6104
      ],
      [
        1.3627,
        35.7052
      ],
      [
        1.3339,
        35.7999
      ],
      [
        1.2885,
        35.8937
      ]
    ],
    [
      [
        1.2862,
        35.9827
      ],
      [
        1.2092,
        36.0714
      ],
      [
        1.1174,
        36.156
      ],
      [
        1.0118,
        36.2356
      ],
      [
        0.8935,
        36.3092
      ],
      [
        0.7637,
        36.3761
      ],
      [
        0.6239,
        36.4355
      ],
      [
        0.4755,
        36.4867
      ],
      [
        0.3203,
        36.5292
      ],
      [
        0.1598,
        36.5623
      ],
      [
        -0.004,
        36.5858
      ],
      [
        -0.1693,
        36.5994
      ],
      [
        -0.3343,
        36.6029
      ],
      [
        -0.497,
        36.5963
      ],
      [
        -0.6556,
        36.5797
      ],
      [
        -0.8083,
        36.5533
      ],
      [
        -0.9533,
        36.5174
      ],
      [
        -1.0889,
        36.4724
      ],
      [
        -1.2137,
        36.4188
      ],
      [
        -1.3262,
        36.3573
      ],
      [
        -1.4252,
        36.2885
      ],
      [
        -1.5094,
        36.2133
      ],
      [
        -1.5781,
        36.1324
      ],
      [
        -1.6305,
        36.0469
      ],
      [
        -1.666,
        35.9576
      ],
      [
        -1.6843,
        35.8656
      ],
      [
        -1.6852,
        35.7718
      ],
      [
        -1.6688,
        35.6774
      ],
      [
        -1.6354,
        35.5832
      ],
      [
        -1.5855,
        35.4904
      ],
      [
        -1.5195,
        35.4
      ],
      [
        -1.4383,
        35.3128
      ],
      [
        -1.343,
        35.2299
      ],
      [
        -1.2345,
        35.1522
      ],
      [
        -1.1142,
        35.0803
      ],
      [
        -0.9833,
        35.0152
      ],
      [
        -0.8433,
        34.9574
      ],
      [
        -0.6958,
        34.9077
      ],
      [
        -0.5423,
        34.8665
      ],
      [
        -0.3845,
        34.8342
      ],
      [
        -0.2242,
        34.8112
      ],
      [
        -0.0629,
        34.7977
      ],
      [
        0.0976,
        34.7939
      ],
      [
        0.2557,
        34.7999
      ],
      [
        0.4095,
        34.8155
      ],
      [
        0.5577,
        34.8406
      ],
      [
        0.6985,
        34.875
      ],
      [
        0.8306,
        34.9184
      ],
      [
        0.9525,
        34.9701
      ],
      [
        1.063,
        35.0298
      ],
      [
        1.1608,
        35.0968
      ],
      [
        1.2449,
        35.1704
      ],
      [
        1.3145,
        35.2498
      ],
      [
        1.3686,
        35.3341
      ],
      [
        1.4068,
        35.4226
      ],
      [
        1.4285,
        35.5141
      ],
      [
        1.4335,
        35.6077
      ],
      [
        1.4216,
        35.7024
      ],
      [
        1.3929,
        35.7972
      ],
      [
        1.3476,
        35.891
      ]
    ],
    [
      [
        1.3453,
        35.98
      ],
      [
        1.2685,
        36.0687
      ],
      [
        1.177,
        36.1534
      ],
      [
        1.0716,
        36.233
      ],
      [
        0.9535,
        36.3067
      ],
      [
        0.824,
        36.3737
      ],
      [
        0.6843,
        36.4332
      ],
      [
        0.5362,
        36.4844
      ],
      [
        0.3812,
        36.5269
      ],
      [
        0.2209,
        36.5602
      ],
      [
        0.0574,
        36.5837
      ],
      [
        -0.1077,
        36.5974
      ],
      [
        -0.2725,
        36.601
      ],
      [
        -0.435,
        36.5945
      ],
      [
        -0.5934,
        36.578
      ],
      [
        -0.746,
        36.5517
      ],
      [
        -0.8908,
        36.5158
      ],
      [
        -1.0264,
        36.4709
      ],
      [
        -1.1511,
        36.4174
      ],
      [
        -1.2635,
        36.3559
      ],
      [
        -1.3624,
        36.2872
      ],
      [
        -1.4466,
        36.212
      ],
      [
        -1.5153,
        36.1312
      ],
      [
        -1.5677,
        36.0457
      ],
      [
        -1.6033,
        35.9564
      ],
      [
        -1.6216,
        35.8644
      ],
      [
        -1.6227,
        35.7707
      ],
      [
        -1.6064,
        35.6762
      ],
      [
        -1.5732,
        35.582
      ],
      [
        -1.5233,
        35.4892
      ],
      [
        -1.4575,
        35.3987
      ],
      [
        -1.3766,
        35.3115
      ],
      [
        -1.2814,
        35.2286
      ],
      [
        -1.1732,
        35.1507
      ],
      [
        -1.053,
        35.0788
      ],
      [
        -0.9224,
        35.0136
      ],
      [
        -0.7826,
        34.9558
      ],
      [
        -0.6354,
        34.906
      ],
      [
        -0.4821,
        34.8647
      ],
      [
        -0.3246,
        34.8323
      ],
      [
        -0.1644,
        34.8092
      ],
      [
        -0.0033,
        34.7957
      ],
      [
        0.157,
        34.7918
      ],
      [
        0.3148,
        34.7977
      ],
      [
        0.4685,
        34.8133
      ],
      [
        0.6165,
        34.8383
      ],
      [
        0.7572,
        34.8727
      ],
      [
        0.8892,
        34.9159
      ],
      [
        1.011,
        34.9676
      ],
      [
        1.1214,
        35.0273
      ],
      [
        1.2192,
        35.0942
      ],
      [
        1.3033,
        35.1677
      ],
      [
        1.3728,
        35.2471
      ],
      [
        1.427,
        35.3314
      ],
      [
        1.4653,
        35.4198
      ],
      [
        1.487,
        35.5113
      ],
      [
        1.4921,
        35.605
      ],
      [
        1.4803,
        35.6997
      ],
      [
        1.4517,
        35.7945
      ],
      [
        1.4066,
        35.8883
      ]
    ],
    [
      [
        1.4044,
        35.9773
      ],
      [
        1.3278,
        36.066
      ],
      [
        1.2365,
        36.1507
      ],
      [
        1.1313,
        36.2304
      ],
      [
        1.0134,
        36.3042
      ],
      [
        0.8841,
        36.3712
      ],
      [
        0.7447,
        36.4308
      ],
      [
        0.5968,
        36.4821
      ],
      [
        0.442,
        36.5247
      ],
      [
        0.282,
        36.558
      ],
      [
        0.1186,
        36.5816
      ],
      [
        -0.0463,
        36.5954
      ],
      [
        -0.2108,
        36.5991
      ],
      [
        -0.3732,
        36.5927
      ],
      [
        -0.5314,
        36.5763
      ],
      [
        -0.6838,
        36.55
      ],
      [
        -0.8285,
        36.5142
      ],
      [
        -0.9639,
        36.4694
      ],
      [
        -1.0885,
        36.4159
      ],
      [
        -1.2009,
        36.3545
      ],
      [
        -1.2997,
        36.2858
      ],
      [
        -1.3839,
        36.2107
      ],
      [
        -1.4526,
        36.1299
      ],
      [
        -1.505,
        36.0444
      ],
      [
        -1.5406,
        35.9552
      ],
      [
        -1.5591,
        35.8632
      ],
      [
        -1.5602,
        35.7694
      ],
      [
        -1.5441,
        35.675
      ],
      [
        -1.511,
        35.5808
      ],
      [
        -1.4613,
        35.4879
      ],
      [
        -1.3957,
        35.3974
      ],
      [
        -1.3149,
        35.3102
      ],
      [
        -1.22,
        35.2272
      ],
      [
        -1.112,
        35.1493
      ],
      [
        -0.992,
        35.0773
      ],
      [
        -0.8616,
        35.0121
      ],
      [
        -0.7221,
        34.9542
      ],
      [
        -0.575,
        34.9043
      ],
      [
        -0.422,
        34.8629
      ],
      [
        -0.2647,
        34.8304
      ],
      [
        -0.1048,
        34.8073
      ],
      [
        0.0561,
        34.7937
      ],
      [
        0.2162,
        34.7897
      ],
      [
        0.3739,
        34.7955
      ],
      [
        0.5274,
        34.811
      ],
      [
        0.6753,
        34.836
      ],
      [
        0.8159,
        34.8702
      ],
      [
        0.9477,
        34.9134
      ],
      [
        1.0694,
        34.9651
      ],
      [
        1.1798,
        35.0246
      ],
      [
        1.2775,
        35.0915
      ],
      [
        1.3616,
        35.165
      ],
      [
        1.4311,
        35.2444
      ],
      [
        1.4854,
        35.3287
      ],
      [
        1.5236,
        35.417
      ],
      [
        1.5455,
        35.5085
      ],
      [
        1.5506,
        35.6022
      ],
      [
        1.5389,
        35.6969
      ],
      [
        1.5105,
        35.7917
      ],
      [
        1.4655,
        35.8855
      ]
    ],
    [
      [
        1.4634,
        35.9745
      ],
      [
        1.387,
        36.0633
      ],
      [
        1.2958,
        36.148
      ],
      [
        1.1909,
        36.2278
      ],
      [
        1.0732,
        36.3016
      ],
      [
        0.9441,
        36.3687
      ],
      [
        0.8049,
        36.4283
      ],
      [
        0.6573,
        36.4797
      ],
      [
        0.5027,
        36.5224
      ],
      [
        0.3429,
        36.5558
      ],
      [
        0.1798,
        36.5795
      ],
      [
        0.0151,
        36.5933
      ],
      [
        -0.1493,
        36.5971
      ],
      [
        -0.3114,
        36.5908
      ],
      [
        -0.4695,
        36.5744
      ],
      [
        -0.6217,
        36.5483
      ],
      [
        -0.7663,
        36.5126
      ],
      [
        -0.9016,
        36.4678
      ],
      [
        -1.0261,
        36.4144
      ],
      [
        -1.1383,
        36.353
      ],
      [
        -1.2371,
        36.2844
      ],
      [
        -1.3213,
        36.2093
      ],
      [
        -1.39,
        36.1286
      ],
      [
        -1.4425,
        36.0431
      ],
      [
        -1.4781,
        35.9539
      ],
      [
        -1.4966,
        35.8619
      ],
      [
        -1.4979,
        35.7682
      ],
      [
        -1.4819,
        35.6737
      ],
      [
        -1.4489,
        35.5795
      ],
      [
        -1.3994,
        35.4866
      ],
      [
        -1.334,
        35.3961
      ],
      [
        -1.2534,
        35.3088
      ],
      [
        -1.1587,
        35.2257
      ],
      [
        -1.0508,
        35.1478
      ],
      [
        -0.9311,
        35.0758
      ],
      [
        -0.8009,
        35.0104
      ],
      [
        -0.6617,
        34.9525
      ],
      [
        -0.5148,
        34.9025
      ],
      [
        -0.3621,
        34.861
      ],
      [
        -0.205,
        34.8285
      ],
      [
        -0.0452,
        34.8053
      ],
      [
        0.1154,
        34.7916
      ],
      [
        0.2754,
        34.7875
      ],
      [
        0.4328,
        34.7933
      ],
      [
        0.5862,
        34.8086
      ],
      [
        0.7339,
        34.8336
      ],
      [
        0.8744,
        34.8678
      ],
      [
        1.0061,
        34.9109
      ],
      [
        1.1278,
        34.9625
      ],
      [
        1.238,
        35.022
      ],
      [
        1.3357,
        35.0888
      ],
      [
        1.4198,
        35.1623
      ],
      [
        1.4893,
        35.2416
      ],
      [
        1.5436,
        35.3259
      ],
      [
        1.5819,
        35.4142
      ],
      [
        1.6038,
        35.5057
      ],
      [
        1.6091,
        35.5993
      ],
      [
        1.5975,
        35.6941
      ],
      [
        1.5692,
        35.7889
      ],
      [
        1.5244,
        35.8827
      ]
    ],
    [
      [
        1.5223,
        35.9717
      ],
      [
        1.4461,
        36.0605
      ],
      [
        1.3551,
        36.1453
      ],
      [
        1.2504,
        36.2251
      ],
      [
        1.1329,
        36.299
      ],
      [
        1.004,
        36.3661
      ],
      [
        0.8651,
        36.4258
      ],
      [
        0.7176,
        36.4773
      ],
      [
        0.5633,
        36.52
      ],
      [
        0.4037,
        36.5535
      ],
      [
        0.2408,
        36.5773
      ],
      [
        0.0764,
        36.5912
      ],
      [
        -0.0878,
        36.5951
      ],
      [
        -0.2497,
        36.5889
      ],
      [
        -0.4076,
        36.5726
      ],
      [
        -0.5597,
        36.5465
      ],
      [
        -0.7041,
        36.5109
      ],
      [
        -0.8393,
        36.4661
      ],
      [
        -0.9637,
        36.4128
      ],
      [
        -1.0759,
        36.3515
      ],
      [
        -1.1747,
        36.283
      ],
      [
        -1.2589,
        36.2079
      ],
      [
        -1.3275,
        36.1272
      ],
      [
        -1.38,
        36.0418
      ],
      [
        -1.4157,
        35.9526
      ],
      [
        -1.4343,
        35.8606
      ],
      [
        -1.4356,
        35.7669
      ],
      [
        -1.4198,
        35.6724
      ],
      [
        -1.3869,
        35.5782
      ],
      [
        -1.3376,
        35.4853
      ],
      [
        -1.2723,
        35.3947
      ],
      [
        -1.192,
        35.3074
      ],
      [
        -1.0974,
        35.2243
      ],
      [
        -0.9898,
        35.1463
      ],
      [
        -0.8703,
        35.0742
      ],
      [
        -0.7404,
        35.0088
      ],
      [
        -0.6013,
        34.9507
      ],
      [
        -0.4547,
        34.9007
      ],
      [
        -0.3022,
        34.8591
      ],
      [
        -0.1453,
        34.8265
      ],
      [
        0.0142,
        34.8032
      ],
      [
        0.1747,
        34.7894
      ],
      [
        0.3344,
        34.7853
      ],
      [
        0.4917,
        34.791
      ],
      [
        0.6449,
        34.8063
      ],
      [
        0.7925,
        34.8311
      ],
      [
        0.9328,
        34.8652
      ],
      [
        1.0644,
        34.9083
      ],
      [
        1.186,
        34.9598
      ],
      [
        1.2962,
        35.0193
      ],
      [
        1.3938,
        35.0861
      ],
      [
        1.4779,
        35.1595
      ],
      [
        1.5475,
        35.2388
      ],
      [
        1.6017,
        35.323
      ],
      [
        1.6401,
        35.4114
      ],
      [
        1.6621,
        35.5028
      ],
      [
        1.6674,
        35.5964
      ],
      [
        1.656,
        35.6912
      ],
      [
        1.6278,
        35.786
      ],
      [
        1.5831,
        35.8799
      ]
    ],
    [
      [
        1.5812,
        35.9689
      ],
      [
        1.5051,
        36.0577
      ],
      [
        1.4143,
        36.1425
      ],
      [
        1.3097,
        36.2224
      ],
      [
        1.1925,
        36.2963
      ],
      [
        1.0638,
        36.3635
      ],
      [
        0.9251,
        36.4233
      ],
      [
        0.7779,
        36.4748
      ],
      [
        0.6238,
        36.5176
      ],
      [
        0.4645,
        36.5512
      ],
      [
        0.3018,
        36.5751
      ],
      [
        0.1375,
        36.5891
      ],
      [
        -0.0264,
        36.5931
      ],
      [
        -0.1882,
        36.5869
      ],
      [
        -0.3459,
        36.5707
      ],
      [
        -0.4978,
        36.5447
      ],
      [
        -0.6421,
        36.5091
      ],
      [
        -0.7772,
        36.4645
      ],
      [
        -0.9015,
        36.4112
      ],
      [
        -1.0136,
        36.35
      ],
      [
        -1.1123,
        36.2815
      ],
      [
        -1.1965,
        36.2065
      ],
      [
        -1.2652,
        36.1258
      ],
      [
        -1.3177,
        36.0404
      ],
      [
        -1.3534,
        35.9512
      ],
      [
        -1.3721,
        35.8593
      ],
      [
        -1.3735,
        35.7655
      ],
      [
        -1.3578,
        35.671
      ],
      [
        -1.3251,
        35.5768
      ],
      [
        -1.2759,
        35.4839
      ],
      [
        -1.2108,
        35.3932
      ],
      [
        -1.1306,
        35.3059
      ],
      [
        -1.0363,
        35.2227
      ],
      [
        -0.9289,
        35.1447
      ],
      [
        -0.8096,
        35.0725
      ],
      [
        -0.6799,
        35.0071
      ],
      [
        -0.5411,
        34.949
      ],
      [
        -0.3947,
        34.8988
      ],
      [
        -0.2424,
        34.8572
      ],
      [
        -0.0857,
        34.8245
      ],
      [
        0.0736,
        34.8011
      ],
      [
        0.2338,
        34.7873
      ],
      [
        0.3934,
        34.7831
      ],
      [
        0.5505,
        34.7886
      ],
      [
        0.7035,
        34.8039
      ],
      [
        0.8509,
        34.8286
      ],
      [
        0.9911,
        34.8627
      ],
      [
        1.1227,
        34.9057
      ],
      [
        1.2441,
        34.9572
      ],
      [
        1.3543,
        35.0166
      ],
      [
        1.4519,
        35.0833
      ],
      [
        1.5359,
        35.1567
      ],
      [
        1.6055,
        35.2359
      ],
      [
        1.6598,
        35.3201
      ],
      [
        1.6982,
        35.4085
      ],
      [
        1.7202,
        35.4999
      ],
      [
        1.7257,
        35.5935
      ],
      [
        1.7143,
        35.6883
      ],
      [
        1.6863,
        35.7831
      ],
      [
        1.6417,
        35.877
      ]
    ],
    [
      [
        1.6399,
        35.966
      ],
      [
        1.564,
        36.0548
      ],
      [
        1.4734,
        36.1397
      ],
      [
        1.369,
        36.2196
      ],
      [
        1.252,
        36.2936
      ],
      [
        1.1236,
        36.3609
      ],
      [
        0.9851,
        36.4207
      ],
      [
        0.8381,
        36.4723
      ],
      [
        0.6842,
        36.5152
      ],
      [
        0.5251,
        36.5488
      ],
      [
        0.3626,
        36.5728
      ],
      [
        0.1986,
        36.5869
      ],
      [
        0.0348,
        36.591
      ],
      [
        -0.1267,
        36.5849
      ],
      [
        -0.2843,
        36.5688
      ],
      [
        -0.436,
        36.5428
      ],
      [
        -0.5802,
        36.5074
      ],
      [
        -0.7151,
        36.4628
      ],
      [
        -0.8394,
        36.4096
      ],
      [
        -0.9514,
        36.3484
      ],
      [
        -1.0501,
        36.2799
      ],
      [
        -1.1342,
        36.205
      ],
      [
        -1.2029,
        36.1244
      ],
      [
        -1.2554,
        36.039
      ],
      [
        -1.2912,
        35.9498
      ],
      [
        -1.31,
        35.8579
      ],
      [
        -1.3115,
        35.7641
      ],
      [
        -1.2958,
        35.6696
      ],
      [
        -1.2633,
        35.5754
      ],
      [
        -1.2143,
        35.4824
      ],
      [
        -1.1494,
        35.3918
      ],
      [
        -1.0694,
        35.3044
      ],
      [
        -0.9753,
        35.2212
      ],
      [
        -0.8681,
        35.1431
      ],
      [
        -0.7491,
        35.0709
      ],
      [
        -0.6195,
        35.0053
      ],
      [
        -0.4809,
        34.9471
      ],
      [
        -0.3348,
        34.8969
      ],
      [
        -0.1827,
        34.8552
      ],
      [
        -0.0263,
        34.8225
      ],
      [
        0.1328,
        34.799
      ],
      [
        0.2929,
        34.785
      ],
      [
        0.4522,
        34.7808
      ],
      [
        0.6092,
        34.7863
      ],
      [
        0.7621,
        34.8014
      ],
      [
        0.9093,
        34.8261
      ],
      [
        1.0494,
        34.8601
      ],
      [
        1.1808,
        34.903
      ],
      [
        1.3022,
        34.9544
      ],
      [
        1.4123,
        35.0138
      ],
      [
        1.5098,
        35.0805
      ],
      [
        1.5939,
        35.1538
      ],
      [
        1.6634,
        35.233
      ],
      [
        1.7177,
        35.3172
      ],
      [
        1.7562,
        35.4055
      ],
      [
        1.7783,
        35.497
      ],
      [
        1.7838,
        35.5906
      ],
      [
        1.7726,
        35.6853
      ],
      [
        1.7447,
        35.7802
      ],
      [
        1.7003,
        35.8741
      ]
    ],
    [
      [
        1.6985,
        35.963
      ],
      [
        1.6228,
        36.052
      ],
      [
        1.5324,
        36.1369
      ],
      [
        1.4283,
        36.2168
      ],
      [
        1.3114,
        36.2909
      ],
      [
        1.1832,
        36.3582
      ],
      [
        1.045,
        36.4181
      ],
      [
        0.8982,
        36.4698
      ],
      [
        0.7445,
        36.5128
      ],
      [
        0.5857,
        36.5465
      ],
      [
        0.4234,
        36.5705
      ],
      [
        0.2596,
        36.5847
      ],
      [
        0.096,
        36.5888
      ],
      [
        -0.0654,
        36.5828
      ],
      [
        -0.2228,
        36.5668
      ],
      [
        -0.3743,
        36.5409
      ],
      [
        -0.5184,
        36.5055
      ],
      [
        -0.6532,
        36.461
      ],
      [
        -0.7773,
        36.4079
      ],
      [
        -0.8893,
        36.3468
      ],
      [
        -0.9879,
        36.2784
      ],
      [
        -1.072,
        36.2034
      ],
      [
        -1.1407,
        36.1229
      ],
      [
        -1.1933,
        36.0375
      ],
      [
        -1.2291,
        35.9484
      ],
      [
        -1.2479,
        35.8564
      ],
      [
        -1.2496,
        35.7627
      ],
      [
        -1.2341,
        35.6682
      ],
      [
        -1.2016,
        35.5739
      ],
      [
        -1.1528,
        35.4809
      ],
      [
        -1.0881,
        35.3902
      ],
      [
        -1.0083,
        35.3028
      ],
      [
        -0.9143,
        35.2196
      ],
      [
        -0.8074,
        35.1414
      ],
      [
        -0.6886,
        35.0691
      ],
      [
        -0.5593,
        35.0035
      ],
      [
        -0.4209,
        34.9453
      ],
      [
        -0.275,
        34.895
      ],
      [
        -0.1231,
        34.8532
      ],
      [
        0.0331,
        34.8204
      ],
      [
        0.192,
        34.7968
      ],
      [
        0.3518,
        34.7828
      ],
      [
        0.511,
        34.7785
      ],
      [
        0.6677,
        34.7839
      ],
      [
        0.8205,
        34.7989
      ],
      [
        0.9676,
        34.8236
      ],
      [
        1.1075,
        34.8575
      ],
      [
        1.2389,
        34.9003
      ],
      [
        1.3602,
        34.9517
      ],
      [
        1.4702,
        35.011
      ],
      [
        1.5677,
        35.0777
      ],
      [
        1.6517,
        35.151
      ],
      [
        1.7212,
        35.2301
      ],
      [
        1.7756,
        35.3143
      ],
      [
        1.8141,
        35.4025
      ],
      [
        1.8363,
        35.494
      ],
      [
        1.8419,
        35.5876
      ],
      [
        1.8308,
        35.6823
      ],
      [
        1.803,
        35.7772
      ],
      [
        1.7588,
        35.8711
      ]
    ],
    [
      [
        1.757,
        35.9601
      ],
      [
        1.6815,
        36.049
      ],
      [
        1.5913,
        36.134
      ],
      [
        1.4874,
        36.214
      ],
      [
        1.3708,
        36.2881
      ],
      [
        1.2428,
        36.3555
      ],
      [
        1.1047,
        36.4154
      ],
      [
        0.9582,
        36.4672
      ],
      [
        0.8047,
        36.5102
      ],
      [
        0.6461,
        36.544
      ],
      [
        0.484,
        36.5682
      ],
      [
        0.3204,
        36.5824
      ],
      [
        0.1571,
        36.5866
      ],
      [
        -0.0041,
        36.5807
      ],
      [
        -0.1613,
        36.5648
      ],
      [
        -0.3128,
        36.539
      ],
      [
        -0.4567,
        36.5037
      ],
      [
        -0.5914,
        36.4592
      ],
      [
        -0.7154,
        36.4062
      ],
      [
        -0.8273,
        36.3451
      ],
      [
        -0.9259,
        36.2767
      ],
      [
        -1.01,
        36.2019
      ],
      [
        -1.0787,
        36.1213
      ],
      [
        -1.1312,
        36.036
      ],
      [
        -1.1671,
        35.9469
      ],
      [
        -1.186,
        35.855
      ],
      [
        -1.1878,
        35.7612
      ],
      [
        -1.1724,
        35.6667
      ],
      [
        -1.1401,
        35.5724
      ],
      [
        -1.0914,
        35.4794
      ],
      [
        -1.0268,
        35.3887
      ],
      [
        -0.9472,
        35.3012
      ],
      [
        -0.8535,
        35.2179
      ],
      [
        -0.7467,
        35.1397
      ],
      [
        -0.6282,
        35.0674
      ],
      [
        -0.4991,
        35.0017
      ],
      [
        -0.361,
        34.9434
      ],
      [
        -0.2153,
        34.893
      ],
      [
        -0.0636,
        34.8512
      ],
      [
        0.0924,
        34.8183
      ],
      [
        0.251,
        34.7946
      ],
      [
        0.4107,
        34.7805
      ],
      [
        0.5696,
        34.7761
      ],
      [
        0.7262,
        34.7814
      ],
      [
        0.8788,
        34.7964
      ],
      [
        1.0258,
        34.821
      ],
      [
        1.1656,
        34.8548
      ],
      [
        1.2968,
        34.8976
      ],
      [
        1.418,
        34.9489
      ],
      [
        1.528,
        35.0082
      ],
      [
        1.6254,
        35.0748
      ],
      [
        1.7094,
        35.148
      ],
      [
        1.779,
        35.2271
      ],
      [
        1.8334,
        35.3113
      ],
      [
        1.8719,
        35.3995
      ],
      [
        1.8942,
        35.491
      ],
      [
        1.8999,
        35.5846
      ],
      [
        1.8889,
        35.6793
      ],
      [
        1.8612,
        35.7742
      ],
      [
        1.8171,
        35.8681
      ]
    ],
    [
      [
        1.8155,
        35.9571
      ],
      [
        1.7401,
        36.0461
      ],
      [
        1.6501,
        36.131
      ],
      [
        1.5464,
        36.2111
      ],
      [
        1.43,
        36.2853
      ],
      [
        1.3022,
        36.3527
      ],
      [
        1.1644,
        36.4127
      ],
      [
        1.0181,
        36.4646
      ],
      [
        0.8649,
        36.5077
      ],
      [
        0.7064,
        36.5416
      ],
      [
        0.5446,
        36.5658
      ],
      [
        0.3812,
        36.5801
      ],
      [
        0.218,
        36.5844
      ],
      [
        0.057,
        36.5786
      ],
      [
        -0.1,
        36.5627
      ],
      [
        -0.2513,
        36.537
      ],
      [
        -0.395,
        36.5018
      ],
      [
        -0.5297,
        36.4574
      ],
      [
        -0.6536,
        36.4044
      ],
      [
        -0.7654,
        36.3434
      ],
      [
        -0.8639,
        36.2751
      ],
      [
        -0.948,
        36.2003
      ],
      [
        -1.0167,
        36.1197
      ],
      [
        -1.0693,
        36.0345
      ],
      [
        -1.1053,
        35.9454
      ],
      [
        -1.1242,
        35.8534
      ],
      [
        -1.126,
        35.7597
      ],
      [
        -1.1108,
        35.6651
      ],
      [
        -1.0786,
        35.5708
      ],
      [
        -1.0301,
        35.4778
      ],
      [
        -0.9657,
        35.3871
      ],
      [
        -0.8863,
        35.2996
      ],
      [
        -0.7928,
        35.2162
      ],
      [
        -0.6862,
        35.1379
      ],
      [
        -0.5679,
        35.0656
      ],
      [
        -0.439,
        34.9998
      ],
      [
        -0.3011,
        34.9414
      ],
      [
        -0.1557,
        34.891
      ],
      [
        -0.0042,
        34.8491
      ],
      [
        0.1515,
        34.8161
      ],
      [
        0.31,
        34.7924
      ],
      [
        0.4694,
        34.7782
      ],
      [
        0.6282,
        34.7737
      ],
      [
        0.7846,
        34.7789
      ],
      [
        0.937,
        34.7939
      ],
      [
        1.0839,
        34.8183
      ],
      [
        1.2236,
        34.8521
      ],
      [
        1.3547,
        34.8948
      ],
      [
        1.4758,
        34.9461
      ],
      [
        1.5857,
        35.0053
      ],
      [
        1.6831,
        35.0718
      ],
      [
        1.7671,
        35.1451
      ],
      [
        1.8367,
        35.2241
      ],
      [
        1.891,
        35.3082
      ],
      [
        1.9296,
        35.3965
      ],
      [
        1.952,
        35.4879
      ],
      [
        1.9578,
        35.5815
      ],
      [
        1.9469,
        35.6763
      ],
      [
        1.9194,
        35.7711
      ],
      [
        1.8754,
        35.8651
      ]
    ],
    [
      [
        1.8738,
        35.954
      ],
      [
        1.7987,
        36.0431
      ],
      [
        1.7089,
        36.1281
      ],
      [
        1.6053,
        36.2082
      ],
      [
        1.4891,
        36.2824
      ],
      [
        1.3616,
        36.3499
      ],
      [
        1.224,
        36.41
      ],
      [
        1.0779,
        36.4619
      ],
      [
        0.9249,
        36.5051
      ],
      [
        0.7667,
        36.5391
      ],
      [
        0.6051,
        36.5634
      ],
      [
        0.4419,
        36.5778
      ],
      [
        0.2789,
        36.5821
      ],
      [
        0.1181,
        36.5764
      ],
      [
        -0.0388,
        36.5606
      ],
      [
        -0.1899,
        36.535
      ],
      [
        -0.3335,
        36.4998
      ],
      [
        -0.468,
        36.4555
      ],
      [
        -0.5919,
        36.4026
      ],
      [
        -0.7036,
        36.3416
      ],
      [
        -0.8021,
        36.2734
      ],
      [
        -0.8861,
        36.1986
      ],
      [
        -0.9548,
        36.1181
      ],
      [
        -1.0075,
        36.0329
      ],
      [
        -1.0435,
        35.9438
      ],
      [
        -1.0625,
        35.8519
      ],
      [
        -1.0644,
        35.7581
      ],
      [
        -1.0493,
        35.6636
      ],
      [
        -1.0173,
        35.5693
      ],
      [
        -0.9689,
        35.4762
      ],
      [
        -0.9047,
        35.3854
      ],
      [
        -0.8255,
        35.2979
      ],
      [
        -0.7322,
        35.2145
      ],
      [
        -0.6258,
        35.1362
      ],
      [
        -0.5077,
        35.0637
      ],
      [
        -0.3791,
        34.9979
      ],
      [
        -0.2414,
        34.9395
      ],
      [
        -0.0961,
        34.889
      ],
      [
        0.0551,
        34.8469
      ],
      [
        0.2106,
        34.8139
      ],
      [
        0.3689,
        34.7901
      ],
      [
        0.5281,
        34.7758
      ],
      [
        0.6867,
        34.7712
      ],
      [
        0.8429,
        34.7764
      ],
      [
        0.9952,
        34.7913
      ],
      [
        1.1419,
        34.8157
      ],
      [
        1.2814,
        34.8494
      ],
      [
        1.4124,
        34.892
      ],
      [
        1.5335,
        34.9432
      ],
      [
        1.6433,
        35.0024
      ],
      [
        1.7407,
        35.0689
      ],
      [
        1.8246,
        35.142
      ],
      [
        1.8942,
        35.2211
      ],
      [
        1.9486,
        35.3052
      ],
      [
        1.9873,
        35.3934
      ],
      [
        2.0097,
        35.4848
      ],
      [
        2.0156,
        35.5784
      ],
      [
        2.0048,
        35.6732
      ],
      [
        1.9774,
        35.7681
      ],
      [
        1.9336,
        35.862
      ]
    ],
    [
      [
        1.9321,
        35.951
      ],
      [
        1.8571,
        36.04
      ],
      [
        1.7675,
        36.1251
      ],
      [
        1.6641,
        36.2052
      ],
      [
        1.5482,
        36.2795
      ],
      [
        1.4208,
        36.3471
      ],
      [
        1.2835,
        36.4072
      ],
      [
        1.1376,
        36.4592
      ],
      [
        0.9848,
        36.5025
      ],
      [
        0.8268,
        36.5365
      ],
      [
        0.6654,
        36.5609
      ],
      [
        0.5024,
        36.5754
      ],
      [
        0.3397,
        36.5798
      ],
      [
        0.179,
        36.5742
      ],
      [
        0.0223,
        36.5585
      ],
      [
        -0.1286,
        36.5329
      ],
      [
        -0.2721,
        36.4978
      ],
      [
        -0.4065,
        36.4536
      ],
      [
        -0.5303,
        36.4007
      ],
      [
        -0.642,
        36.3398
      ],
      [
        -0.7404,
        36.2716
      ],
      [
        -0.8244,
        36.1969
      ],
      [
        -0.8931,
        36.1164
      ],
      [
        -0.9457,
        36.0312
      ],
      [
        -0.9818,
        35.9422
      ],
      [
        -1.0009,
        35.8502
      ],
      [
        -1.0029,
        35.7565
      ],
      [
        -0.9879,
        35.6619
      ],
      [
        -0.9561,
        35.5676
      ],
      [
        -0.9078,
        35.4746
      ],
      [
        -0.8438,
        35.3837
      ],
      [
        -0.7648,
        35.2961
      ],
      [
        -0.6716,
        35.2127
      ],
      [
        -0.5655,
        35.1343
      ],
      [
        -0.4476,
        35.0618
      ],
      [
        -0.3192,
        34.996
      ],
      [
        -0.1817,
        34.9374
      ],
      [
        -0.0367,
        34.8869
      ],
      [
        0.1143,
        34.8448
      ],
      [
        0.2696,
        34.8116
      ],
      [
        0.4276,
        34.7877
      ],
      [
        0.5867,
        34.7734
      ],
      [
        0.7451,
        34.7687
      ],
      [
        0.9011,
        34.7738
      ],
      [
        1.0532,
        34.7886
      ],
      [
        1.1998,
        34.813
      ],
      [
        1.3392,
        34.8466
      ],
      [
        1.4701,
        34.8892
      ],
      [
        1.5911,
        34.9403
      ],
      [
        1.7008,
        34.9994
      ],
      [
        1.7982,
        35.0659
      ],
      [
        1.8821,
        35.139
      ],
      [
        1.9517,
        35.218
      ],
      [
        2.0061,
        35.3021
      ],
      [
        2.0448,
        35.3903
      ],
      [
        2.0673,
        35.4817
      ],
      [
        2.0733,
        35.5753
      ],
      [
        2.0626,
        35.67
      ],
      [
        2.0354,
        35.7649
      ],
      [
        1.9917,
        35.8589
      ]
    ],
    [
      [
        1.9903,
        35.9478
      ],
      [
        1.9155,
        36.0369
      ],
      [
        1.826,
        36.122
      ],
      [
        1.7229,
        36.2022
      ],
      [
        1.6071,
        36.2766
      ],
      [
        1.48,
        36.3442
      ],
      [
        1.3429,
        36.4044
      ],
      [
        1.1972,
        36.4565
      ],
      [
        1.0446,
        36.4998
      ],
      [
        0.8869,
        36.5339
      ],
      [
        0.7257,
        36.5584
      ],
      [
        0.5629,
        36.573
      ],
      [
        0.4003,
        36.5775
      ],
      [
        0.2399,
        36.5719
      ],
      [
        0.0834,
        36.5563
      ],
      [
        -0.0675,
        36.5308
      ],
      [
        -0.2108,
        36.4958
      ],
      [
        -0.3451,
        36.4516
      ],
      [
        -0.4687,
        36.3988
      ],
      [
        -0.5804,
        36.338
      ],
      [
        -0.6787,
        36.2698
      ],
      [
        -0.7627,
        36.1951
      ],
      [
        -0.8314,
        36.1147
      ],
      [
        -0.8841,
        36.0295
      ],
      [
        -0.9202,
        35.9405
      ],
      [
        -0.9394,
        35.8486
      ],
      [
        -0.9415,
        35.7548
      ],
      [
        -0.9266,
        35.6603
      ],
      [
        -0.8949,
        35.5659
      ],
      [
        -0.8468,
        35.4729
      ],
      [
        -0.783,
        35.382
      ],
      [
        -0.7041,
        35.2944
      ],
      [
        -0.6112,
        35.2109
      ],
      [
        -0.5053,
        35.1324
      ],
      [
        -0.3876,
        35.0599
      ],
      [
        -0.2594,
        34.994
      ],
      [
        -0.1222,
        34.9354
      ],
      [
        0.0226,
        34.8847
      ],
      [
        0.1734,
        34.8426
      ],
      [
        0.3285,
        34.8093
      ],
      [
        0.4863,
        34.7854
      ],
      [
        0.6452,
        34.7709
      ],
      [
        0.8034,
        34.7662
      ],
      [
        0.9593,
        34.7712
      ],
      [
        1.1112,
        34.7859
      ],
      [
        1.2576,
        34.8102
      ],
      [
        1.3969,
        34.8438
      ],
      [
        1.5277,
        34.8863
      ],
      [
        1.6486,
        34.9374
      ],
      [
        1.7583,
        34.9964
      ],
      [
        1.8556,
        35.0628
      ],
      [
        1.9395,
        35.1359
      ],
      [
        2.0091,
        35.2149
      ],
      [
        2.0636,
        35.2989
      ],
      [
        2.1023,
        35.3871
      ],
      [
        2.1249,
        35.4785
      ],
      [
        2.1309,
        35.5721
      ],
      [
        2.1204,
        35.6668
      ],
      [
        2.0932,
        35.7618
      ],
      [
        2.0497,
        35.8558
      ]
    ],
    [
      [
        2.0484,
        35.9447
      ],
      [
        1.9737,
        36.0338
      ],
      [
        1.8845,
        36.119
      ],
      [
        1.7815,
        36.1992
      ],
      [
        1.666,
        36.2736
      ],
      [
        1.5391,
        36.3413
      ],
      [
        1.4022,
        36.4016
      ],
      [
        1.2567,
        36.4537
      ],
      [
        1.1044,
        36.4971
      ],
      [
        0.9468,
        36.5313
      ],
      [
        0.7859,
        36.5559
      ],
      [
        0.6233,
        36.5705
      ],
      [
        0.4609,
        36.5751
      ],
      [
        0.3006,
        36.5696
      ],
      [
        0.1443,
        36.554
      ],
      [
        -0.0064,
        36.5286
      ],
      [
        -0.1496,
        36.4937
      ],
      [
        -0.2838,
        36.4496
      ],
      [
        -0.4073,
        36.3968
      ],
      [
        -0.5189,
        36.3361
      ],
      [
        -0.6172,
        36.268
      ],
      [
        -0.7012,
        36.1933
      ],
      [
        -0.7699,
        36.113
      ],
      [
        -0.8226,
        36.0278
      ],
      [
        -0.8588,
        35.9388
      ],
      [
        -0.878,
        35.8469
      ],
      [
        -0.8803,
        35.7531
      ],
      [
        -0.8655,
        35.6586
      ],
      [
        -0.8339,
        35.5642
      ],
      [
        -0.786,
        35.4711
      ],
      [
        -0.7223,
        35.3802
      ],
      [
        -0.6436,
        35.2925
      ],
      [
        -0.5509,
        35.209
      ],
      [
        -0.4452,
        35.1305
      ],
      [
        -0.3277,
        35.0579
      ],
      [
        -0.1998,
        34.9919
      ],
      [
        -0.0627,
        34.9333
      ],
      [
        0.0818,
        34.8825
      ],
      [
        0.2324,
        34.8403
      ],
      [
        0.3873,
        34.807
      ],
      [
        0.5449,
        34.783
      ],
      [
        0.7035,
        34.7685
      ],
      [
        0.8616,
        34.7637
      ],
      [
        1.0173,
        34.7686
      ],
      [
        1.1691,
        34.7832
      ],
      [
        1.3153,
        34.8074
      ],
      [
        1.4545,
        34.8409
      ],
      [
        1.5852,
        34.8834
      ],
      [
        1.706,
        34.9344
      ],
      [
        1.8156,
        34.9934
      ],
      [
        1.9129,
        35.0598
      ],
      [
        1.9968,
        35.1328
      ],
      [
        2.0664,
        35.2117
      ],
      [
        2.1209,
        35.2957
      ],
      [
        2.1597,
        35.3839
      ],
      [
        2.1823,
        35.4753
      ],
      [
        2.1885,
        35.5689
      ],
      [
        2.178,
        35.6636
      ],
      [
        2.151,
        35.7586
      ],
      [
        2.1076,
        35.8526
      ]
    ],
    [
      [
        2.1064,
        35.9415
      ],
      [
        2.0319,
        36.0307
      ],
      [
        1.9428,
        36.1159
      ],
      [
        1.8401,
        36.1961
      ],
      [
        1.7248,
        36.2706
      ],
      [
        1.5981,
        36.3384
      ],
      [
        1.4614,
        36.3987
      ],
      [
        1.3161,
        36.4509
      ],
      [
        1.164,
        36.4944
      ],
      [
        1.0067,
        36.5286
      ],
      [
        0.8459,
        36.5533
      ],
      [
        0.6836,
        36.568
      ],
      [
        0.5214,
        36.5727
      ],
      [
        0.3613,
        36.5672
      ],
      [
        0.2051,
        36.5518
      ],
      [
        0.0546,
        36.5265
      ],
      [
        -0.0885,
        36.4916
      ],
      [
        -0.2225,
        36.4475
      ],
      [
        -0.346,
        36.3949
      ],
      [
        -0.4575,
        36.3342
      ],
      [
        -0.5558,
        36.2661
      ],
      [
        -0.6397,
        36.1915
      ],
      [
        -0.7085,
        36.1112
      ],
      [
        -0.7612,
        36.026
      ],
      [
        -0.7974,
        35.937
      ],
      [
        -0.8168,
        35.8451
      ],
      [
        -0.8191,
        35.7514
      ],
      [
        -0.8044,
        35.6568
      ],
      [
        -0.773,
        35.5625
      ],
      [
        -0.7252,
        35.4693
      ],
      [
        -0.6617,
        35.3784
      ],
      [
        -0.5832,
        35.2907
      ],
      [
        -0.4907,
        35.2071
      ],
      [
        -0.3852,
        35.1286
      ],
      [
        -0.2679,
        35.0559
      ],
      [
        -0.1402,
        34.9898
      ],
      [
        -0.0034,
        34.9311
      ],
      [
        0.1409,
        34.8803
      ],
      [
        0.2913,
        34.838
      ],
      [
        0.446,
        34.8046
      ],
      [
        0.6034,
        34.7805
      ],
      [
        0.7618,
        34.7659
      ],
      [
        0.9197,
        34.761
      ],
      [
        1.0752,
        34.7659
      ],
      [
        1.2268,
        34.7805
      ],
      [
        1.373,
        34.8046
      ],
      [
        1.512,
        34.838
      ],
      [
        1.6426,
        34.8804
      ],
      [
        1.7633,
        34.9314
      ],
      [
        1.8729,
        34.9903
      ],
      [
        1.9701,
        35.0566
      ],
      [
        2.054,
        35.1296
      ],
      [
        2.1236,
        35.2086
      ],
      [
        2.1781,
        35.2925
      ],
      [
        2.217,
        35.3807
      ],
      [
        2.2397,
        35.472
      ],
      [
        2.2459,
        35.5656
      ],
      [
        2.2356,
        35.6604
      ],
      [
        2.2087,
        35.7553
      ],
      [
        2.1655,
        35.8494
      ]
    ],
    [
      [
        2.1643,
        35.9383
      ],
      [
        2.09,
        36.0275
      ],
      [
        2.0011,
        36.1127
      ],
      [
        1.8986,
        36.193
      ],
      [
        1.7834,
        36.2675
      ],
      [
        1.6569,
        36.3354
      ],
      [
        1.5205,
        36.3958
      ],
      [
        1.3755,
        36.448
      ],
      [
        1.2236,
        36.4916
      ],
      [
        1.0665,
        36.5259
      ],
      [
        0.9059,
        36.5506
      ],
      [
        0.7437,
        36.5655
      ],
      [
        0.5818,
        36.5702
      ],
      [
        0.4219,
        36.5649
      ],
      [
        0.2658,
        36.5495
      ],
      [
        0.1155,
        36.5242
      ],
      [
        -0.0275,
        36.4894
      ],
      [
        -0.1614,
        36.4454
      ],
      [
        -0.2848,
        36.3928
      ],
      [
        -0.3962,
        36.3322
      ],
      [
        -0.4945,
        36.2642
      ],
      [
        -0.5784,
        36.1896
      ],
      [
        -0.6471,
        36.1093
      ],
      [
        -0.6999,
        36.0242
      ],
      [
        -0.7362,
        35.9352
      ],
      [
        -0.7556,
        35.8434
      ],
      [
        -0.758,
        35.7496
      ],
      [
        -0.7434,
        35.655
      ],
      [
        -0.7121,
        35.5607
      ],
      [
        -0.6645,
        35.4675
      ],
      [
        -0.6012,
        35.3765
      ],
      [
        -0.5229,
        35.2888
      ],
      [
        -0.4306,
        35.2052
      ],
      [
        -0.3253,
        35.1266
      ],
      [
        -0.2082,
        35.0538
      ],
      [
        -0.0807,
        34.9877
      ],
      [
        0.0559,
        34.9289
      ],
      [
        0.2,
        34.8781
      ],
      [
        0.3501,
        34.8357
      ],
      [
        0.5046,
        34.8022
      ],
      [
        0.6618,
        34.778
      ],
      [
        0.82,
        34.7634
      ],
      [
        0.9777,
        34.7584
      ],
      [
        1.1331,
        34.7632
      ],
      [
        1.2845,
        34.7777
      ],
      [
        1.4305,
        34.8017
      ],
      [
        1.5695,
        34.8351
      ],
      [
        1.6999,
        34.8775
      ],
      [
        1.8206,
        34.9283
      ],
      [
        1.9301,
        34.9872
      ],
      [
        2.0273,
        35.0535
      ],
      [
        2.1111,
        35.1265
      ],
      [
        2.1807,
        35.2053
      ],
      [
        2.2353,
        35.2893
      ],
      [
        2.2742,
        35.3774
      ],
      [
        2.2969,
        35.4687
      ],
      [
        2.3033,
        35.5623
      ],
      [
        2.293,
        35.6571
      ],
      [
        2.2663,
        35.7521
      ],
      [
        2.2232,
        35.8461
      ]
    ],
    [
      [
        2.2221,
        35.935
      ],
      [
        2.148,
        36.0242
      ],
      [
        2.0593,
        36.1095
      ],
      [
        1.9569,
        36.1899
      ],
      [
        1.842,
        36.2644
      ],
      [
        1.7157,
        36.3323
      ],
      [
        1.5795,
        36.3928
      ],
      [
        1.4347,
        36.4452
      ],
      [
        1.283,
        36.4888
      ],
      [
        1.1261,
        36.5232
      ],
      [
        0.9658,
        36.548
      ],
      [
        0.8038,
        36.5629
      ],
      [
        0.642,
        36.5677
      ],
      [
        0.4823,
        36.5624
      ],
      [
        0.3264,
        36.5471
      ],
      [
        0.1762,
        36.5219
      ],
      [
        0.0334,
        36.4872
      ],
      [
        -0.1004,
        36.4433
      ],
      [
        -0.2237,
        36.3908
      ],
      [
        -0.3351,
        36.3302
      ],
      [
        -0.4333,
        36.2622
      ],
      [
        -0.5172,
        36.1877
      ],
      [
        -0.5859,
        36.1074
      ],
      [
        -0.6387,
        36.0224
      ],
      [
        -0.675,
        35.9334
      ],
      [
        -0.6945,
        35.8415
      ],
      [
        -0.697,
        35.7478
      ],
      [
        -0.6825,
        35.6532
      ],
      [
        -0.6514,
        35.5588
      ],
      [
        -0.6039,
        35.4656
      ],
      [
        -0.5408,
        35.3746
      ],
      [
        -0.4627,
        35.2869
      ],
      [
        -0.3705,
        35.2032
      ],
      [
        -0.2655,
        35.1245
      ],
      [
        -0.1486,
        35.0517
      ],
      [
        -0.0213,
        34.9856
      ],
      [
        0.115,
        34.9267
      ],
      [
        0.2589,
        34.8758
      ],
      [
        0.4088,
        34.8333
      ],
      [
        0.5631,
        34.7998
      ],
      [
        0.7201,
        34.7755
      ],
      [
        0.8781,
        34.7608
      ],
      [
        1.0356,
        34.7557
      ],
      [
        1.1908,
        34.7604
      ],
      [
        1.3421,
        34.7749
      ],
      [
        1.488,
        34.7988
      ],
      [
        1.6268,
        34.8321
      ],
      [
        1.7572,
        34.8744
      ],
      [
        1.8777,
        34.9252
      ],
      [
        1.9872,
        34.9841
      ],
      [
        2.0843,
        35.0503
      ],
      [
        2.1682,
        35.1232
      ],
      [
        2.2378,
        35.2021
      ],
      [
        2.2923,
        35.286
      ],
      [
        2.3313,
        35.3741
      ],
      [
        2.3541,
        35.4654
      ],
      [
        2.3605,
        35.559
      ],
      [
        2.3504,
        35.6538
      ],
      [
        2.3238,
        35.7487
      ],
      [
        2.2809,
        35.8428
      ]
    ],
    [
      [
        2.2798,
        35.9317
      ],
      [
        2.2059,
        36.021
      ],
      [
        2.1174,
        36.1063
      ],
      [
        2.0152,
        36.1867
      ],
      [
        1.9005,
        36.2613
      ],
      [
        1.7745,
        36.3293
      ],
      [
        1.6384,
        36.3898
      ],
      [
        1.4939,
        36.4422
      ],
      [
        1.3424,
        36.4859
      ],
      [
        1.1857,
        36.5204
      ],
      [
        1.0256,
        36.5453
      ],
      [
        0.8638,
        36.5602
      ],
      [
        0.7022,
        36.5652
      ],
      [
        0.5427,
        36.56
      ],
      [
        0.387,
        36.5447
      ],
      [
        0.2369,
        36.5196
      ],
      [
        0.0942,
        36.485
      ],
      [
        -0.0395,
        36.4411
      ],
      [
        -0.1627,
        36.3886
      ],
      [
        -0.274,
        36.3281
      ],
      [
        -0.3721,
        36.2602
      ],
      [
        -0.456,
        36.1857
      ],
      [
        -0.5247,
        36.1055
      ],
      [
        -0.5776,
        36.0205
      ],
      [
        -0.6139,
        35.9315
      ],
      [
        -0.6335,
        35.8397
      ],
      [
        -0.6361,
        35.7459
      ],
      [
        -0.6218,
        35.6513
      ],
      [
        -0.5908,
        35.5569
      ],
      [
        -0.5435,
        35.4637
      ],
      [
        -0.4805,
        35.3727
      ],
      [
        -0.4026,
        35.2849
      ],
      [
        -0.3106,
        35.2012
      ],
      [
        -0.2058,
        35.1225
      ],
      [
        -0.0891,
        35.0496
      ],
      [
        0.038,
        34.9834
      ],
      [
        0.1741,
        34.9244
      ],
      [
        0.3178,
        34.8734
      ],
      [
        0.4674,
        34.8309
      ],
      [
        0.6215,
        34.7973
      ],
      [
        0.7783,
        34.7729
      ],
      [
        0.9362,
        34.7581
      ],
      [
        1.0934,
        34.753
      ],
      [
        1.2485,
        34.7576
      ],
      [
        1.3996,
        34.772
      ],
      [
        1.5453,
        34.7959
      ],
      [
        1.684,
        34.8291
      ],
      [
        1.8143,
        34.8714
      ],
      [
        1.9348,
        34.9221
      ],
      [
        2.0442,
        34.9809
      ],
      [
        2.1413,
        35.0471
      ],
      [
        2.2251,
        35.12
      ],
      [
        2.2947,
        35.1988
      ],
      [
        2.3493,
        35.2827
      ],
      [
        2.3883,
        35.3707
      ],
      [
        2.4112,
        35.4621
      ],
      [
        2.4177,
        35.5556
      ],
      [
        2.4077,
        35.6504
      ],
      [
        2.3812,
        35.7454
      ],
      [
        2.3384,
        35.8395
      ]
    ],
    [
      [
        2.3374,
        35.9284
      ],
      [
        2.2637,
        36.0176
      ],
      [
        2.1754,
        36.103
      ],
      [
        2.0734,
        36.1835
      ],
      [
        1.9589,
        36.2581
      ],
      [
        1.8331,
        36.3262
      ],
      [
        1.6972,
        36.3868
      ],
      [
        1.5529,
        36.4392
      ],
      [
        1.4017,
        36.483
      ],
      [
        1.2452,
        36.5176
      ],
      [
        1.0853,
        36.5425
      ],
      [
        0.9237,
        36.5576
      ],
      [
        0.7623,
        36.5626
      ],
      [
        0.6029,
        36.5575
      ],
      [
        0.4474,
        36.5423
      ],
      [
        0.2975,
        36.5173
      ],
      [
        0.1549,
        36.4827
      ],
      [
        0.0213,
        36.4389
      ],
      [
        -0.1018,
        36.3865
      ],
      [
        -0.213,
        36.326
      ],
      [
        -0.3111,
        36.2582
      ],
      [
        -0.395,
        36.1837
      ],
      [
        -0.4637,
        36.1036
      ],
      [
        -0.5166,
        36.0185
      ],
      [
        -0.553,
        35.9296
      ],
      [
        -0.5726,
        35.8378
      ],
      [
        -0.5753,
        35.744
      ],
      [
        -0.5611,
        35.6494
      ],
      [
        -0.5302,
        35.555
      ],
      [
        -0.4831,
        35.4618
      ],
      [
        -0.4203,
        35.3707
      ],
      [
        -0.3425,
        35.2829
      ],
      [
        -0.2508,
        35.1991
      ],
      [
        -0.1461,
        35.1203
      ],
      [
        -0.0297,
        35.0474
      ],
      [
        0.0971,
        34.9811
      ],
      [
        0.2331,
        34.9221
      ],
      [
        0.3765,
        34.871
      ],
      [
        0.526,
        34.8284
      ],
      [
        0.6798,
        34.7947
      ],
      [
        0.8364,
        34.7703
      ],
      [
        0.9941,
        34.7554
      ],
      [
        1.1512,
        34.7502
      ],
      [
        1.306,
        34.7548
      ],
      [
        1.457,
        34.7691
      ],
      [
        1.6026,
        34.7929
      ],
      [
        1.7412,
        34.8261
      ],
      [
        1.8714,
        34.8682
      ],
      [
        1.9918,
        34.919
      ],
      [
        2.1011,
        34.9777
      ],
      [
        2.1982,
        35.0438
      ],
      [
        2.282,
        35.1167
      ],
      [
        2.3516,
        35.1954
      ],
      [
        2.4062,
        35.2793
      ],
      [
        2.4452,
        35.3674
      ],
      [
        2.4682,
        35.4587
      ],
      [
        2.4748,
        35.5522
      ],
      [
        2.4649,
        35.647
      ],
      [
        2.4385,
        35.742
      ],
      [
        2.3959,
        35.8361
      ]
    ],
    [
      [
        2.395,
        35.925
      ],
      [
        2.3214,
        36.0143
      ],
      [
        2.2333,
        36.0997
      ],
      [
        2.1315,
        36.1802
      ],
      [
        2.0172,
        36.2549
      ],
      [
        1.8916,
        36.323
      ],
      [
        1.756,
        36.3837
      ],
      [
        1.6119,
        36.4362
      ],
      [
        1.4608,
        36.4801
      ],
      [
        1.3046,
        36.5147
      ],
      [
        1.1449,
        36.5397
      ],
      [
        0.9835,
        36.5549
      ],
      [
        0.8223,
        36.5599
      ],
      [
        0.6631,
        36.5549
      ],
      [
        0.5077,
        36.5398
      ],
      [
        0.358,
        36.5149
      ],
      [
        0.2155,
        36.4804
      ],
      [
        0.082,
        36.4367
      ],
      [
        -0.041,
        36.3843
      ],
      [
        -0.1521,
        36.3239
      ],
      [
        -0.2502,
        36.2561
      ],
      [
        -0.334,
        36.1817
      ],
      [
        -0.4028,
        36.1015
      ],
      [
        -0.4557,
        36.0165
      ],
      [
        -0.4921,
        35.9276
      ],
      [
        -0.5118,
        35.8358
      ],
      [
        -0.5146,
        35.7421
      ],
      [
        -0.5005,
        35.6475
      ],
      [
        -0.4698,
        35.553
      ],
      [
        -0.4228,
        35.4598
      ],
      [
        -0.3602,
        35.3687
      ],
      [
        -0.2826,
        35.2808
      ],
      [
        -0.1911,
        35.197
      ],
      [
        -0.0866,
        35.1182
      ],
      [
        0.0296,
        35.0452
      ],
      [
        0.1562,
        34.9788
      ],
      [
        0.2919,
        34.9198
      ],
      [
        0.4352,
        34.8686
      ],
      [
        0.5844,
        34.8259
      ],
      [
        0.738,
        34.7922
      ],
      [
        0.8944,
        34.7677
      ],
      [
        1.0519,
        34.7527
      ],
      [
        1.2088,
        34.7475
      ],
      [
        1.3635,
        34.7519
      ],
      [
        1.5144,
        34.7661
      ],
      [
        1.6598,
        34.7899
      ],
      [
        1.7983,
        34.823
      ],
      [
        1.9283,
        34.8651
      ],
      [
        2.0486,
        34.9158
      ],
      [
        2.1579,
        34.9744
      ],
      [
        2.2549,
        35.0405
      ],
      [
        2.3387,
        35.1133
      ],
      [
        2.4083,
        35.1921
      ],
      [
        2.463,
        35.2759
      ],
      [
        2.5021,
        35.3639
      ],
      [
        2.5251,
        35.4552
      ],
      [
        2.5318,
        35.5488
      ],
      [
        2.522,
        35.6436
      ],
      [
        2.4958,
        35.7386
      ],
      [
        2.4533,
        35.8327
      ]
    ],
    [
      [
        2.4524,
        35.9216
      ],
      [
        2.379,
        36.0109
      ],
      [
        2.2911,
        36.0964
      ],
      [
        2.1896,
        36.1769
      ],
      [
        2.0755,
        36.2517
      ],
      [
        1.95,
        36.3198
      ],
      [
        1.8146,
        36.3806
      ],
      [
        1.6707,
        36.4332
      ],
      [
        1.5199,
        36.4771
      ],
      [
        1.3639,
        36.5118
      ],
      [
        1.2044,
        36.5369
      ],
      [
        1.0432,
        36.5521
      ],
      [
        0.8822,
        36.5573
      ],
      [
        0.7232,
        36.5523
      ],
      [
        0.568,
        36.5373
      ],
      [
        0.4184,
        36.5124
      ],
      [
        0.2761,
        36.478
      ],
      [
        0.1427,
        36.4344
      ],
      [
        0.0197,
        36.3821
      ],
      [
        -0.0914,
        36.3217
      ],
      [
        -0.1894,
        36.254
      ],
      [
        -0.2732,
        36.1796
      ],
      [
        -0.3419,
        36.0995
      ],
      [
        -0.3948,
        36.0145
      ],
      [
        -0.4314,
        35.9256
      ],
      [
        -0.4512,
        35.8338
      ],
      [
        -0.454,
        35.7401
      ],
      [
        -0.4401,
        35.6455
      ],
      [
        -0.4095,
        35.551
      ],
      [
        -0.3626,
        35.4577
      ],
      [
        -0.3002,
        35.3666
      ],
      [
        -0.2228,
        35.2787
      ],
      [
        -0.1314,
        35.1948
      ],
      [
        -0.0272,
        35.116
      ],
      [
        0.0888,
        35.0429
      ],
      [
        0.2152,
        34.9765
      ],
      [
        0.3507,
        34.9174
      ],
      [
        0.4937,
        34.8662
      ],
      [
        0.6427,
        34.8234
      ],
      [
        0.7962,
        34.7896
      ],
      [
        0.9524,
        34.765
      ],
      [
        1.1096,
        34.75
      ],
      [
        1.2664,
        34.7446
      ],
      [
        1.4209,
        34.749
      ],
      [
        1.5716,
        34.7632
      ],
      [
        1.7169,
        34.7869
      ],
      [
        1.8552,
        34.8199
      ],
      [
        1.9852,
        34.8619
      ],
      [
        2.1054,
        34.9125
      ],
      [
        2.2146,
        34.9711
      ],
      [
        2.3116,
        35.0372
      ],
      [
        2.3954,
        35.1099
      ],
      [
        2.465,
        35.1886
      ],
      [
        2.5197,
        35.2725
      ],
      [
        2.5588,
        35.3605
      ],
      [
        2.582,
        35.4518
      ],
      [
        2.5887,
        35.5453
      ],
      [
        2.579,
        35.6401
      ],
      [
        2.5529,
        35.7351
      ],
      [
        2.5106,
        35.8293
      ]
    ],
    [
      [
        2.5098,
        35.9181
      ],
      [
        2.4366,
        36.0075
      ],
      [
        2.3488,
        36.093
      ],
      [
        2.2475,
        36.1736
      ],
      [
        2.1336,
        36.2484
      ],
      [
        2.0084,
        36.3166
      ],
      [
        1.8732,
        36.3774
      ],
      [
        1.7295,
        36.4301
      ],
      [
        1.5789,
        36.4741
      ],
      [
        1.4231,
        36.5089
      ],
      [
        1.2638,
        36.534
      ],
      [
        1.1028,
        36.5493
      ],
      [
        0.942,
        36.5546
      ],
      [
        0.7832,
        36.5497
      ],
      [
        0.6281,
        36.5348
      ],
      [
        0.4786,
        36.51
      ],
      [
        0.3365,
        36.4756
      ],
      [
        0.2032,
        36.432
      ],
      [
        0.0803,
        36.3798
      ],
      [
        -0.0307,
        36.3195
      ],
      [
        -0.1287,
        36.2518
      ],
      [
        -0.2125,
        36.1775
      ],
      [
        -0.2812,
        36.0974
      ],
      [
        -0.3341,
        36.0125
      ],
      [
        -0.3707,
        35.9236
      ],
      [
        -0.3906,
        35.8318
      ],
      [
        -0.3936,
        35.7381
      ],
      [
        -0.3797,
        35.6434
      ],
      [
        -0.3492,
        35.549
      ],
      [
        -0.3026,
        35.4557
      ],
      [
        -0.2402,
        35.3645
      ],
      [
        -0.1631,
        35.2765
      ],
      [
        -0.0719,
        35.1926
      ],
      [
        0.0321,
        35.1137
      ],
      [
        0.1479,
        35.0406
      ],
      [
        0.2741,
        34.9742
      ],
      [
        0.4094,
        34.915
      ],
      [
        0.5522,
        34.8637
      ],
      [
        0.701,
        34.8208
      ],
      [
        0.8542,
        34.7869
      ],
      [
        1.0102,
        34.7623
      ],
      [
        1.1673,
        34.7472
      ],
      [
        1.3238,
        34.7417
      ],
      [
        1.4782,
        34.7461
      ],
      [
        1.6287,
        34.7601
      ],
      [
        1.7739,
        34.7838
      ],
      [
        1.9121,
        34.8167
      ],
      [
        2.042,
        34.8587
      ],
      [
        2.1622,
        34.9092
      ],
      [
        2.2713,
        34.9678
      ],
      [
        2.3683,
        35.0338
      ],
      [
        2.452,
        35.1065
      ],
      [
        2.5216,
        35.1852
      ],
      [
        2.5763,
        35.269
      ],
      [
        2.6155,
        35.357
      ],
      [
        2.6387,
        35.4483
      ],
      [
        2.6456,
        35.5418
      ],
      [
        2.636,
        35.6366
      ],
      [
        2.61,
        35.7316
      ],
      [
        2.5678,
        35.8258
      ]
    ],
    [
      [
        2.5671,
        35.9146
      ],
      [
        2.494,
        36.0041
      ],
      [
        2.4065,
        36.0896
      ],
      [
        2.3053,
        36.1702
      ],
      [
        2.1916,
        36.2451
      ],
      [
        2.0666,
        36.3134
      ],
      [
        1.9317,
        36.3742
      ],
      [
        1.7882,
        36.427
      ],
      [
        1.6378,
        36.471
      ],
      [
        1.4822,
        36.5059
      ],
      [
        1.3231,
        36.5311
      ],
      [
        1.1623,
        36.5465
      ],
      [
        1.0017,
        36.5518
      ],
      [
        0.843,
        36.547
      ],
      [
        0.6882,
        36.5322
      ],
      [
        0.5388,
        36.5074
      ],
      [
        0.3968,
        36.4731
      ],
      [
        0.2636,
        36.4296
      ],
      [
        0.1409,
        36.3775
      ],
      [
        0.0299,
        36.3172
      ],
      [
        -0.068,
        36.2496
      ],
      [
        -0.1518,
        36.1753
      ],
      [
        -0.2206,
        36.0953
      ],
      [
        -0.2735,
        36.0103
      ],
      [
        -0.3102,
        35.9215
      ],
      [
        -0.3301,
        35.8297
      ],
      [
        -0.3332,
        35.736
      ],
      [
        -0.3194,
        35.6414
      ],
      [
        -0.2891,
        35.5469
      ],
      [
        -0.2426,
        35.4535
      ],
      [
        -0.1804,
        35.3624
      ],
      [
        -0.1034,
        35.2744
      ],
      [
        -0.0125,
        35.1904
      ],
      [
        0.0914,
        35.1115
      ],
      [
        0.2069,
        35.0383
      ],
      [
        0.3329,
        34.9718
      ],
      [
        0.468,
        34.9125
      ],
      [
        0.6106,
        34.8611
      ],
      [
        0.7592,
        34.8182
      ],
      [
        0.9122,
        34.7842
      ],
      [
        1.0679,
        34.7595
      ],
      [
        1.2248,
        34.7443
      ],
      [
        1.3812,
        34.7388
      ],
      [
        1.5354,
        34.7431
      ],
      [
        1.6858,
        34.7571
      ],
      [
        1.8308,
        34.7806
      ],
      [
        1.9689,
        34.8136
      ],
      [
        2.0987,
        34.8555
      ],
      [
        2.2188,
        34.9059
      ],
      [
        2.3279,
        34.9645
      ],
      [
        2.4248,
        35.0304
      ],
      [
        2.5085,
        35.1031
      ],
      [
        2.5781,
        35.1817
      ],
      [
        2.6329,
        35.2655
      ],
      [
        2.6721,
        35.3535
      ],
      [
        2.6954,
        35.4447
      ],
      [
        2.7023,
        35.5383
      ],
      [
        2.6928,
        35.6331
      ],
      [
        2.667,
        35.7281
      ],
      [
        2.6249,
        35.8223
      ]
    ],
    [
      [
        2.6243,
        35.9111
      ],
      [
        2.5514,
        36.0006
      ],
      [
        2.464,
        36.0861
      ],
      [
        2.3631,
        36.1668
      ],
      [
        2.2496,
        36.2418
      ],
      [
        2.1248,
        36.3101
      ],
      [
        1.99,
        36.371
      ],
      [
        1.8468,
        36.4238
      ],
      [
        1.6966,
        36.4679
      ],
      [
        1.5412,
        36.5029
      ],
      [
        1.3823,
        36.5282
      ],
      [
        1.2218,
        36.5436
      ],
      [
        1.0613,
        36.549
      ],
      [
        0.9028,
        36.5443
      ],
      [
        0.7481,
        36.5295
      ],
      [
        0.5989,
        36.5049
      ],
      [
        0.457,
        36.4706
      ],
      [
        0.3239,
        36.4272
      ],
      [
        0.2013,
        36.3751
      ],
      [
        0.0904,
        36.3149
      ],
      [
        -0.0075,
        36.2473
      ],
      [
        -0.0913,
        36.1731
      ],
      [
        -0.16,
        36.0931
      ],
      [
        -0.213,
        36.0082
      ],
      [
        -0.2497,
        35.9194
      ],
      [
        -0.2697,
        35.8276
      ],
      [
        -0.2729,
        35.7339
      ],
      [
        -0.2593,
        35.6392
      ],
      [
        -0.2291,
        35.5447
      ],
      [
        -0.1827,
        35.4514
      ],
      [
        -0.1207,
        35.3602
      ],
      [
        -0.0439,
        35.2721
      ],
      [
        0.0469,
        35.1881
      ],
      [
        0.1505,
        35.1091
      ],
      [
        0.2659,
        35.0359
      ],
      [
        0.3917,
        34.9693
      ],
      [
        0.5265,
        34.91
      ],
      [
        0.6688,
        34.8586
      ],
      [
        0.8172,
        34.8156
      ],
      [
        0.97,
        34.7815
      ],
      [
        1.1256,
        34.7567
      ],
      [
        1.2823,
        34.7415
      ],
      [
        1.4385,
        34.7359
      ],
      [
        1.5925,
        34.7401
      ],
      [
        1.7428,
        34.754
      ],
      [
        1.8876,
        34.7775
      ],
      [
        2.0256,
        34.8103
      ],
      [
        2.1553,
        34.8522
      ],
      [
        2.2753,
        34.9026
      ],
      [
        2.3843,
        34.9611
      ],
      [
        2.4812,
        35.027
      ],
      [
        2.5649,
        35.0996
      ],
      [
        2.6346,
        35.1782
      ],
      [
        2.6893,
        35.2619
      ],
      [
        2.7286,
        35.3499
      ],
      [
        2.7519,
        35.4412
      ],
      [
        2.759,
        35.5347
      ],
      [
        2.7496,
        35.6295
      ],
      [
        2.7239,
        35.7245
      ],
      [
        2.682,
        35.8188
      ]
    ],
    [
      [
        2.6814,
        35.9075
      ],
      [
        2.6087,
        35.997
      ],
      [
        2.5215,
        36.0826
      ],
      [
        2.4207,
        36.1634
      ],
      [
        2.3075,
        36.2384
      ],
      [
        2.1829,
        36.3067
      ],
      [
        2.0483,
        36.3677
      ],
      [
        1.9053,
        36.4206
      ],
      [
        1.7553,
        36.4648
      ],
      [
        1.6001,
        36.4998
      ],
      [
        1.4415,
        36.5252
      ],
      [
        1.2811,
        36.5407
      ],
      [
        1.1208,
        36.5462
      ],
      [
        0.9625,
        36.5416
      ],
      [
        0.808,
        36.5269
      ],
      [
        0.6589,
        36.5023
      ],
      [
        0.5171,
        36.4681
      ],
      [
        0.3842,
        36.4248
      ],
      [
        0.2616,
        36.3727
      ],
      [
        0.1508,
        36.3126
      ],
      [
        0.0529,
        36.245
      ],
      [
        -0.0308,
        36.1708
      ],
      [
        -0.0996,
        36.0909
      ],
      [
        -0.1526,
        36.006
      ],
      [
        -0.1893,
        35.9172
      ],
      [
        -0.2094,
        35.8254
      ],
      [
        -0.2127,
        35.7317
      ],
      [
        -0.1992,
        35.6371
      ],
      [
        -0.1691,
        35.5426
      ],
      [
        -0.1229,
        35.4492
      ],
      [
        -0.0611,
        35.358
      ],
      [
        0.0155,
        35.2699
      ],
      [
        0.1061,
        35.1858
      ],
      [
        0.2095,
        35.1068
      ],
      [
        0.3247,
        35.0335
      ],
      [
        0.4503,
        34.9668
      ],
      [
        0.5849,
        34.9074
      ],
      [
        0.727,
        34.8559
      ],
      [
        0.8752,
        34.8129
      ],
      [
        1.0278,
        34.7788
      ],
      [
        1.1832,
        34.7539
      ],
      [
        1.3397,
        34.7386
      ],
      [
        1.4957,
        34.7329
      ],
      [
        1.6495,
        34.737
      ],
      [
        1.7996,
        34.7509
      ],
      [
        1.9444,
        34.7743
      ],
      [
        2.0823,
        34.8071
      ],
      [
        2.2119,
        34.8488
      ],
      [
        2.3318,
        34.8992
      ],
      [
        2.4407,
        34.9576
      ],
      [
        2.5376,
        35.0235
      ],
      [
        2.6213,
        35.0961
      ],
      [
        2.6909,
        35.1747
      ],
      [
        2.7457,
        35.2584
      ],
      [
        2.785,
        35.3463
      ],
      [
        2.8084,
        35.4375
      ],
      [
        2.8156,
        35.5311
      ],
      [
        2.8063,
        35.6259
      ],
      [
        2.7807,
        35.7209
      ],
      [
        2.7389,
        35.8152
      ]
    ],
    [
      [
        2.7384,
        35.9039
      ],
      [
        2.6659,
        35.9935
      ],
      [
        2.5789,
        36.0791
      ],
      [
        2.4783,
        36.1599
      ],
      [
        2.3652,
        36.2349
      ],
      [
        2.2408,
        36.3034
      ],
      [
        2.1065,
        36.3644
      ],
      [
        1.9637,
        36.4174
      ],
      [
        1.814,
        36.4616
      ],
      [
        1.659,
        36.4967
      ],
      [
        1.5005,
        36.5222
      ],
      [
        1.3403,
        36.5378
      ],
      [
        1.1803,
        36.5433
      ],
      [
        1.0221,
        36.5388
      ],
      [
        0.8677,
        36.5241
      ],
      [
        0.7188,
        36.4996
      ],
      [
        0.5772,
        36.4655
      ],
      [
        0.4443,
        36.4223
      ],
      [
        0.3218,
        36.3703
      ],
      [
        0.211,
        36.3102
      ],
      [
        0.1132,
        36.2427
      ],
      [
        0.0295,
        36.1686
      ],
      [
        -0.0393,
        36.0886
      ],
      [
        -0.0923,
        36.0038
      ],
      [
        -0.1291,
        35.915
      ],
      [
        -0.1492,
        35.8232
      ],
      [
        -0.1526,
        35.7295
      ],
      [
        -0.1392,
        35.6349
      ],
      [
        -0.1093,
        35.5404
      ],
      [
        -0.0632,
        35.447
      ],
      [
        -0.0016,
        35.3557
      ],
      [
        0.0749,
        35.2676
      ],
      [
        0.1652,
        35.1835
      ],
      [
        0.2685,
        35.1044
      ],
      [
        0.3834,
        35.0311
      ],
      [
        0.5088,
        34.9643
      ],
      [
        0.6432,
        34.9049
      ],
      [
        0.7851,
        34.8533
      ],
      [
        0.9331,
        34.8102
      ],
      [
        1.0855,
        34.776
      ],
      [
        1.2406,
        34.751
      ],
      [
        1.397,
        34.7356
      ],
      [
        1.5528,
        34.7299
      ],
      [
        1.7065,
        34.7339
      ],
      [
        1.8564,
        34.7477
      ],
      [
        2.001,
        34.7711
      ],
      [
        2.1388,
        34.8038
      ],
      [
        2.2683,
        34.8455
      ],
      [
        2.3881,
        34.8958
      ],
      [
        2.497,
        34.9542
      ],
      [
        2.5939,
        35.02
      ],
      [
        2.6775,
        35.0925
      ],
      [
        2.7472,
        35.1711
      ],
      [
        2.802,
        35.2547
      ],
      [
        2.8414,
        35.3427
      ],
      [
        2.8648,
        35.4339
      ],
      [
        2.872,
        35.5274
      ],
      [
        2.8629,
        35.6222
      ],
      [
        2.8374,
        35.7173
      ],
      [
        2.7958,
        35.8115
      ]
    ],
    [
      [
        2.7954,
        35.9003
      ],
      [
        2.723,
        35.9899
      ],
      [
        2.6362,
        36.0756
      ],
      [
        2.5358,
        36.1564
      ],
      [
        2.4229,
        36.2315
      ],
      [
        2.2987,
        36.3
      ],
      [
        2.1646,
        36.3611
      ],
      [
        2.022,
        36.4141
      ],
      [
        1.8725,
        36.4584
      ],
      [
        1.7177,
        36.4936
      ],
      [
        1.5595,
        36.5191
      ],
      [
        1.3995,
        36.5348
      ],
      [
        1.2396,
        36.5404
      ],
      [
        1.0816,
        36.5359
      ],
      [
        0.9274,
        36.5214
      ],
      [
        0.7786,
        36.497
      ],
      [
        0.6371,
        36.4629
      ],
      [
        0.5043,
        36.4197
      ],
      [
        0.3819,
        36.3678
      ],
      [
        0.2712,
        36.3078
      ],
      [
        0.1735,
        36.2403
      ],
      [
        0.0898,
        36.1662
      ],
      [
        0.021,
        36.0863
      ],
      [
        -0.0321,
        36.0015
      ],
      [
        -0.0689,
        35.9127
      ],
      [
        -0.0892,
        35.821
      ],
      [
        -0.0926,
        35.7273
      ],
      [
        -0.0793,
        35.6326
      ],
      [
        -0.0495,
        35.5381
      ],
      [
        -0.0036,
        35.4447
      ],
      [
        0.0578,
        35.3534
      ],
      [
        0.1341,
        35.2652
      ],
      [
        0.2243,
        35.1811
      ],
      [
        0.3273,
        35.1019
      ],
      [
        0.4421,
        35.0286
      ],
      [
        0.5672,
        34.9618
      ],
      [
        0.7014,
        34.9022
      ],
      [
        0.8431,
        34.8506
      ],
      [
        0.9909,
        34.8074
      ],
      [
        1.143,
        34.7731
      ],
      [
        1.298,
        34.7481
      ],
      [
        1.4542,
        34.7326
      ],
      [
        1.6098,
        34.7268
      ],
      [
        1.7633,
        34.7308
      ],
      [
        1.9131,
        34.7445
      ],
      [
        2.0576,
        34.7678
      ],
      [
        2.1953,
        34.8004
      ],
      [
        2.3247,
        34.8421
      ],
      [
        2.4444,
        34.8923
      ],
      [
        2.5533,
        34.9506
      ],
      [
        2.65,
        35.0164
      ],
      [
        2.7337,
        35.0889
      ],
      [
        2.8034,
        35.1674
      ],
      [
        2.8582,
        35.2511
      ],
      [
        2.8976,
        35.339
      ],
      [
        2.9211,
        35.4302
      ],
      [
        2.9285,
        35.5237
      ],
      [
        2.9194,
        35.6185
      ],
      [
        2.8941,
        35.7136
      ],
      [
        2.8526,
        35.8079
      ]
    ],
    [
      [
        2.8522,
        35.8966
      ],
      [
        2.78,
        35.9862
      ],
      [
        2.6934,
        36.072
      ],
      [
        2.5932,
        36.1528
      ],
      [
        2.4805,
        36.228
      ],
      [
        2.3566,
        36.2965
      ],
      [
        2.2226,
        36.3577
      ],
      [
        2.0802,
        36.4108
      ],
      [
        1.9309,
        36.4552
      ],
      [
        1.7764,
        36.4904
      ],
      [
        1.6183,
        36.516
      ],
      [
        1.4585,
        36.5318
      ],
      [
        1.2988,
        36.5375
      ],
      [
        1.141,
        36.5331
      ],
      [
        0.9869,
        36.5186
      ],
      [
        0.8383,
        36.4942
      ],
      [
        0.6969,
        36.4603
      ],
      [
        0.5643,
        36.4171
      ],
      [
        0.442,
        36.3653
      ],
      [
        0.3313,
        36.3053
      ],
      [
        0.2336,
        36.2379
      ],
      [
        0.1499,
        36.1638
      ],
      [
        0.0811,
        36.084
      ],
      [
        0.028,
        35.9992
      ],
      [
        -0.0089,
        35.9105
      ],
      [
        -0.0292,
        35.8187
      ],
      [
        -0.0327,
        35.725
      ],
      [
        -0.0196,
        35.6304
      ],
      [
        0.0101,
        35.5358
      ],
      [
        0.0559,
        35.4424
      ],
      [
        0.1172,
        35.351
      ],
      [
        0.1933,
        35.2628
      ],
      [
        0.2832,
        35.1787
      ],
      [
        0.3861,
        35.0995
      ],
      [
        0.5006,
        35.026
      ],
      [
        0.6256,
        34.9592
      ],
      [
        0.7595,
        34.8996
      ],
      [
        0.901,
        34.8479
      ],
      [
        1.0486,
        34.8046
      ],
      [
        1.2005,
        34.7703
      ],
      [
        1.3553,
        34.7452
      ],
      [
        1.5113,
        34.7296
      ],
      [
        1.6667,
        34.7237
      ],
      [
        1.8201,
        34.7276
      ],
      [
        1.9698,
        34.7413
      ],
      [
        2.1141,
        34.7645
      ],
      [
        2.2516,
        34.7971
      ],
      [
        2.3809,
        34.8387
      ],
      [
        2.5006,
        34.8888
      ],
      [
        2.6094,
        34.9471
      ],
      [
        2.7061,
        35.0128
      ],
      [
        2.7898,
        35.0853
      ],
      [
        2.8594,
        35.1638
      ],
      [
        2.9143,
        35.2474
      ],
      [
        2.9538,
        35.3353
      ],
      [
        2.9774,
        35.4265
      ],
      [
        2.9848,
        35.52
      ],
      [
        2.9758,
        35.6148
      ],
      [
        2.9506,
        35.7099
      ],
      [
        2.9093,
        35.8042
      ]
    ],
    [
      [
        2.909,
        35.8929
      ],
      [
        2.837,
        35.9826
      ],
      [
        2.7505,
        36.0683
      ],
      [
        2.6505,
        36.1492
      ],
      [
        2.538,
        36.2244
      ],
      [
        2.4143,
        36.293
      ],
      [
        2.2806,
        36.3543
      ],
      [
        2.1384,
        36.4074
      ],
      [
        1.9893,
        36.4519
      ],
      [
        1.8349,
        36.4872
      ],
      [
        1.6771,
        36.5129
      ],
      [
        1.5175,
        36.5287
      ],
      [
        1.358,
        36.5345
      ],
      [
        1.2003,
        36.5302
      ],
      [
        1.0464,
        36.5158
      ],
      [
        0.898,
        36.4915
      ],
      [
        0.7567,
        36.4576
      ],
      [
        0.6241,
        36.4145
      ],
      [
        0.5019,
        36.3627
      ],
      [
        0.3913,
        36.3028
      ],
      [
        0.2936,
        36.2354
      ],
      [
        0.21,
        36.1614
      ],
      [
        0.1412,
        36.0816
      ],
      [
        0.088,
        35.9969
      ],
      [
        0.0511,
        35.9081
      ],
      [
        0.0307,
        35.8164
      ],
      [
        0.0271,
        35.7227
      ],
      [
        0.0401,
        35.628
      ],
      [
        0.0696,
        35.5335
      ],
      [
        0.1153,
        35.44
      ],
      [
        0.1764,
        35.3487
      ],
      [
        0.2523,
        35.2604
      ],
      [
        0.3421,
        35.1762
      ],
      [
        0.4447,
        35.0969
      ],
      [
        0.5591,
        35.0235
      ],
      [
        0.6838,
        34.9565
      ],
      [
        0.8175,
        34.8969
      ],
      [
        0.9588,
        34.8451
      ],
      [
        1.1062,
        34.8018
      ],
      [
        1.2579,
        34.7674
      ],
      [
        1.4125,
        34.7422
      ],
      [
        1.5683,
        34.7265
      ],
      [
        1.7236,
        34.7206
      ],
      [
        1.8768,
        34.7244
      ],
      [
        2.0263,
        34.738
      ],
      [
        2.1705,
        34.7611
      ],
      [
        2.3079,
        34.7936
      ],
      [
        2.4371,
        34.8352
      ],
      [
        2.5567,
        34.8853
      ],
      [
        2.6654,
        34.9435
      ],
      [
        2.7621,
        35.0092
      ],
      [
        2.8458,
        35.0816
      ],
      [
        2.9154,
        35.1601
      ],
      [
        2.9704,
        35.2437
      ],
      [
        3.0099,
        35.3315
      ],
      [
        3.0335,
        35.4227
      ],
      [
        3.041,
        35.5162
      ],
      [
        3.0322,
        35.6111
      ],
      [
        3.0071,
        35.7062
      ],
      [
        2.9659,
        35.8005
      ]
    ],
    [
      [
        2.9657,
        35.8892
      ],
      [
        2.8938,
        35.9789
      ],
      [
        2.8075,
        36.0646
      ],
      [
        2.7077,
        36.1456
      ],
      [
        2.5955,
        36.2209
      ],
      [
        2.4719,
        36.2895
      ],
      [
        2.3384,
        36.3508
      ],
      [
        2.1964,
        36.404
      ],
      [
        2.0475,
        36.4486
      ],
      [
        1.8934,
        36.4839
      ],
      [
        1.7357,
        36.5097
      ],
      [
        1.5763,
        36.5256
      ],
      [
        1.417,
        36.5315
      ],
      [
        1.2596,
        36.5272
      ],
      [
        1.1058,
        36.5129
      ],
      [
        0.9575,
        36.4887
      ],
      [
        0.8163,
        36.4549
      ],
      [
        0.6839,
        36.4118
      ],
      [
        0.5617,
        36.3601
      ],
      [
        0.4512,
        36.3002
      ],
      [
        0.3536,
        36.2329
      ],
      [
        0.2699,
        36.159
      ],
      [
        0.2011,
        36.0792
      ],
      [
        0.148,
        35.9945
      ],
      [
        0.111,
        35.9057
      ],
      [
        0.0905,
        35.814
      ],
      [
        0.0868,
        35.7203
      ],
      [
        0.0997,
        35.6257
      ],
      [
        0.1291,
        35.5311
      ],
      [
        0.1746,
        35.4376
      ],
      [
        0.2355,
        35.3462
      ],
      [
        0.3113,
        35.2579
      ],
      [
        0.4009,
        35.1737
      ],
      [
        0.5033,
        35.0944
      ],
      [
        0.6174,
        35.0208
      ],
      [
        0.7419,
        34.9539
      ],
      [
        0.8755,
        34.8941
      ],
      [
        1.0166,
        34.8423
      ],
      [
        1.1637,
        34.7989
      ],
      [
        1.3153,
        34.7644
      ],
      [
        1.4696,
        34.7392
      ],
      [
        1.6252,
        34.7234
      ],
      [
        1.7803,
        34.7174
      ],
      [
        1.9334,
        34.7212
      ],
      [
        2.0827,
        34.7347
      ],
      [
        2.2268,
        34.7577
      ],
      [
        2.3641,
        34.7902
      ],
      [
        2.4932,
        34.8317
      ],
      [
        2.6127,
        34.8818
      ],
      [
        2.7214,
        34.9399
      ],
      [
        2.8181,
        35.0055
      ],
      [
        2.9017,
        35.0779
      ],
      [
        2.9714,
        35.1563
      ],
      [
        3.0263,
        35.2399
      ],
      [
        3.0659,
        35.3278
      ],
      [
        3.0896,
        35.4189
      ],
      [
        3.0972,
        35.5125
      ],
      [
        3.0884,
        35.6073
      ],
      [
        3.0635,
        35.7024
      ],
      [
        3.0224,
        35.7967
      ]
    ],
    [
      [
        3.0223,
        35.8854
      ],
      [
        2.9506,
        35.9751
      ],
      [
        2.8645,
        36.0609
      ],
      [
        2.7649,
        36.142
      ],
      [
        2.6528,
        36.2173
      ],
      [
        2.5294,
        36.286
      ],
      [
        2.3962,
        36.3473
      ],
      [
        2.2544,
        36.4006
      ],
      [
        2.1057,
        36.4452
      ],
      [
        1.9518,
        36.4807
      ],
      [
        1.7943,
        36.5065
      ],
      [
        1.6351,
        36.5225
      ],
      [
        1.476,
        36.5284
      ],
      [
        1.3187,
        36.5242
      ],
      [
        1.1651,
        36.51
      ],
      [
        1.0169,
        36.4859
      ],
      [
        0.8759,
        36.4521
      ],
      [
        0.7435,
        36.4091
      ],
      [
        0.6215,
        36.3575
      ],
      [
        0.511,
        36.2977
      ],
      [
        0.4134,
        36.2304
      ],
      [
        0.3298,
        36.1565
      ],
      [
        0.261,
        36.0767
      ],
      [
        0.2078,
        35.992
      ],
      [
        0.1708,
        35.9033
      ],
      [
        0.1502,
        35.8116
      ],
      [
        0.1464,
        35.7179
      ],
      [
        0.1592,
        35.6233
      ],
      [
        0.1885,
        35.5287
      ],
      [
        0.2338,
        35.4352
      ],
      [
        0.2946,
        35.3438
      ],
      [
        0.3701,
        35.2554
      ],
      [
        0.4595,
        35.1711
      ],
      [
        0.5618,
        35.0918
      ],
      [
        0.6757,
        35.0182
      ],
      [
        0.8,
        34.9511
      ],
      [
        0.9333,
        34.8914
      ],
      [
        1.0742,
        34.8395
      ],
      [
        1.2211,
        34.796
      ],
      [
        1.3725,
        34.7614
      ],
      [
        1.5267,
        34.7361
      ],
      [
        1.6821,
        34.7203
      ],
      [
        1.837,
        34.7142
      ],
      [
        1.9899,
        34.7179
      ],
      [
        2.1391,
        34.7313
      ],
      [
        2.283,
        34.7543
      ],
      [
        2.4202,
        34.7867
      ],
      [
        2.5492,
        34.8281
      ],
      [
        2.6687,
        34.8782
      ],
      [
        2.7773,
        34.9363
      ],
      [
        2.8739,
        35.0018
      ],
      [
        2.9575,
        35.0742
      ],
      [
        3.0272,
        35.1526
      ],
      [
        3.0822,
        35.2361
      ],
      [
        3.1218,
        35.324
      ],
      [
        3.1456,
        35.4151
      ],
      [
        3.1532,
        35.5086
      ],
      [
        3.1446,
        35.6035
      ],
      [
        3.1198,
        35.6986
      ],
      [
        3.0789,
        35.7929
      ]
    ],
    [
      [
        3.0788,
        35.8816
      ],
      [
        3.0073,
        35.9713
      ],
      [
        2.9213,
        36.0572
      ],
      [
        2.8219,
        36.1383
      ],
      [
        2.71,
        36.2136
      ],
      [
        2.5869,
        36.2824
      ],
      [
        2.4538,
        36.3438
      ],
      [
        2.3123,
        36.3971
      ],
      [
        2.1638,
        36.4418
      ],
      [
        2.0101,
        36.4773
      ],
      [
        1.8528,
        36.5033
      ],
      [
        1.6938,
        36.5193
      ],
      [
        1.5348,
        36.5253
      ],
      [
        1.3777,
        36.5212
      ],
      [
        1.2243,
        36.5071
      ],
      [
        1.0762,
        36.483
      ],
      [
        0.9353,
        36.4493
      ],
      [
        0.8031,
        36.4064
      ],
      [
        0.6811,
        36.3548
      ],
      [
        0.5707,
        36.295
      ],
      [
        0.4732,
        36.2278
      ],
      [
        0.3895,
        36.154
      ],
      [
        0.3207,
        36.0742
      ],
      [
        0.2675,
        35.9896
      ],
      [
        0.2304,
        35.9009
      ],
      [
        0.2098,
        35.8092
      ],
      [
        0.2059,
        35.7155
      ],
      [
        0.2186,
        35.6208
      ],
      [
        0.2477,
        35.5262
      ],
      [
        0.2929,
        35.4327
      ],
      [
        0.3535,
        35.3412
      ],
      [
        0.4289,
        35.2529
      ],
      [
        0.5181,
        35.1686
      ],
      [
        0.6202,
        35.0891
      ],
      [
        0.7339,
        35.0155
      ],
      [
        0.858,
        34.9484
      ],
      [
        0.9911,
        34.8885
      ],
      [
        1.1318,
        34.8366
      ],
      [
        1.2785,
        34.793
      ],
      [
        1.4296,
        34.7584
      ],
      [
        1.5836,
        34.733
      ],
      [
        1.7388,
        34.7171
      ],
      [
        1.8936,
        34.711
      ],
      [
        2.0463,
        34.7146
      ],
      [
        2.1954,
        34.7279
      ],
      [
        2.3392,
        34.7509
      ],
      [
        2.4762,
        34.7832
      ],
      [
        2.6052,
        34.8246
      ],
      [
        2.7245,
        34.8745
      ],
      [
        2.8331,
        34.9326
      ],
      [
        2.9297,
        34.9981
      ],
      [
        3.0133,
        35.0704
      ],
      [
        3.083,
        35.1488
      ],
      [
        3.1379,
        35.2323
      ],
      [
        3.1776,
        35.3201
      ],
      [
        3.2015,
        35.4113
      ],
      [
        3.2092,
        35.5048
      ],
      [
        3.2007,
        35.5996
      ],
      [
        3.176,
        35.6947
      ],
      [
        3.1352,
        35.7891
      ]
    ],
    [
      [
        3.1352,
        35.8778
      ],
      [
        3.0639,
        35.9675
      ],
      [
        2.9781,
        36.0534
      ],
      [
        2.8789,
        36.1345
      ],
      [
        2.7672,
        36.2099
      ],
      [
        2.6443,
        36.2787
      ],
      [
        2.5114,
        36.3402
      ],
      [
        2.3701,
        36.3936
      ],
      [
        2.2218,
        36.4384
      ],
      [
        2.0683,
        36.474
      ],
      [
        1.9112,
        36.5
      ],
      [
        1.7524,
        36.5161
      ],
      [
        1.5936,
        36.5222
      ],
      [
        1.4367,
        36.5182
      ],
      [
        1.2834,
        36.5041
      ],
      [
        1.1355,
        36.4801
      ],
      [
        0.9947,
        36.4465
      ],
      [
        0.8626,
        36.4036
      ],
      [
        0.7407,
        36.3521
      ],
      [
        0.6303,
        36.2924
      ],
      [
        0.5328,
        36.2252
      ],
      [
        0.4492,
        36.1514
      ],
      [
        0.3804,
        36.0717
      ],
      [
        0.3272,
        35.987
      ],
      [
        0.29,
        35.8984
      ],
      [
        0.2693,
        35.8067
      ],
      [
        0.2653,
        35.713
      ],
      [
        0.2779,
        35.6183
      ],
      [
        0.3069,
        35.5237
      ],
      [
        0.3519,
        35.4302
      ],
      [
        0.4124,
        35.3387
      ],
      [
        0.4876,
        35.2503
      ],
      [
        0.5766,
        35.1659
      ],
      [
        0.6785,
        35.0865
      ],
      [
        0.792,
        35.0128
      ],
      [
        0.9158,
        34.9456
      ],
      [
        1.0488,
        34.8857
      ],
      [
        1.1892,
        34.8337
      ],
      [
        1.3357,
        34.7901
      ],
      [
        1.4867,
        34.7553
      ],
      [
        1.6405,
        34.7299
      ],
      [
        1.7955,
        34.7139
      ],
      [
        1.9501,
        34.7077
      ],
      [
        2.1026,
        34.7112
      ],
      [
        2.2515,
        34.7245
      ],
      [
        2.3952,
        34.7474
      ],
      [
        2.5322,
        34.7796
      ],
      [
        2.661,
        34.8209
      ],
      [
        2.7803,
        34.8709
      ],
      [
        2.8888,
        34.9289
      ],
      [
        2.9854,
        34.9944
      ],
      [
        3.0689,
        35.0666
      ],
      [
        3.1386,
        35.1449
      ],
      [
        3.1936,
        35.2284
      ],
      [
        3.2334,
        35.3162
      ],
      [
        3.2573,
        35.4074
      ],
      [
        3.2651,
        35.5009
      ],
      [
        3.2567,
        35.5957
      ],
      [
        3.2321,
        35.6908
      ],
      [
        3.1915,
        35.7852
      ]
    ],
    [
      [
        3.1916,
        35.8739
      ],
      [
        3.1204,
        35.9637
      ],
      [
        3.0348,
        36.0496
      ],
      [
        2.9358,
        36.1308
      ],
      [
        2.8243,
        36.2062
      ],
      [
        2.7016,
        36.2751
      ],
      [
        2.5689,
        36.3366
      ],
      [
        2.4278,
        36.3901
      ],
      [
        2.2797,
        36.4349
      ],
      [
        2.1264,
        36.4706
      ],
      [
        1.9695,
        36.4967
      ],
      [
        1.8109,
        36.5129
      ],
      [
        1.6523,
        36.519
      ],
      [
        1.4955,
        36.5151
      ],
      [
        1.3424,
        36.501
      ],
      [
        1.1946,
        36.4771
      ],
      [
        1.054,
        36.4436
      ],
      [
        0.9219,
        36.4008
      ],
      [
        0.8001,
        36.3493
      ],
      [
        0.6898,
        36.2897
      ],
      [
        0.5924,
        36.2226
      ],
      [
        0.5088,
        36.1488
      ],
      [
        0.44,
        36.0691
      ],
      [
        0.3867,
        35.9845
      ],
      [
        0.3495,
        35.8959
      ],
      [
        0.3288,
        35.8042
      ],
      [
        0.3246,
        35.7105
      ],
      [
        0.3371,
        35.6158
      ],
      [
        0.366,
        35.5212
      ],
      [
        0.4108,
        35.4276
      ],
      [
        0.4711,
        35.3361
      ],
      [
        0.5462,
        35.2477
      ],
      [
        0.635,
        35.1633
      ],
      [
        0.7367,
        35.0838
      ],
      [
        0.85,
        35.01
      ],
      [
        0.9736,
        34.9428
      ],
      [
        1.1063,
        34.8828
      ],
      [
        1.2466,
        34.8307
      ],
      [
        1.3929,
        34.787
      ],
      [
        1.5436,
        34.7522
      ],
      [
        1.6972,
        34.7267
      ],
      [
        1.8521,
        34.7107
      ],
      [
        2.0065,
        34.7044
      ],
      [
        2.1589,
        34.7078
      ],
      [
        2.3076,
        34.7211
      ],
      [
        2.4512,
        34.7439
      ],
      [
        2.588,
        34.7761
      ],
      [
        2.7168,
        34.8173
      ],
      [
        2.836,
        34.8672
      ],
      [
        2.9444,
        34.9251
      ],
      [
        3.041,
        34.9906
      ],
      [
        3.1245,
        35.0628
      ],
      [
        3.1942,
        35.1411
      ],
      [
        3.2493,
        35.2245
      ],
      [
        3.289,
        35.3123
      ],
      [
        3.313,
        35.4034
      ],
      [
        3.3209,
        35.4969
      ],
      [
        3.3126,
        35.5918
      ],
      [
        3.2882,
        35.6869
      ],
      [
        3.2477,
        35.7813
      ]
    ],
    [
      [
        3.2478,
        35.87
      ],
      [
        3.1768,
        35.9598
      ],
      [
        3.0914,
        36.0458
      ],
      [
        2.9926,
        36.127
      ],
      [
        2.8813,
        36.2025
      ],
      [
        2.7588,
        36.2714
      ],
      [
        2.6263,
        36.333
      ],
      [
        2.4854,
        36.3865
      ],
      [
        2.3375,
        36.4314
      ],
      [
        2.1844,
        36.4671
      ],
      [
        2.0277,
        36.4933
      ],
      [
        1.8693,
        36.5096
      ],
      [
        1.7109,
        36.5158
      ],
      [
        1.5543,
        36.5119
      ],
      [
        1.4013,
        36.498
      ],
      [
        1.2537,
        36.4741
      ],
      [
        1.1131,
        36.4407
      ],
      [
        0.9812,
        36.3979
      ],
      [
        0.8595,
        36.3465
      ],
      [
        0.7493,
        36.2869
      ],
      [
        0.6518,
        36.2199
      ],
      [
        0.5683,
        36.1461
      ],
      [
        0.4994,
        36.0665
      ],
      [
        0.4461,
        35.9819
      ],
      [
        0.4089,
        35.8933
      ],
      [
        0.3881,
        35.8016
      ],
      [
        0.3838,
        35.7079
      ],
      [
        0.3962,
        35.6133
      ],
      [
        0.4249,
        35.5186
      ],
      [
        0.4697,
        35.425
      ],
      [
        0.5298,
        35.3335
      ],
      [
        0.6046,
        35.245
      ],
      [
        0.6933,
        35.1606
      ],
      [
        0.7948,
        35.081
      ],
      [
        0.9079,
        35.0072
      ],
      [
        1.0313,
        34.9399
      ],
      [
        1.1638,
        34.8799
      ],
      [
        1.3039,
        34.8277
      ],
      [
        1.4499,
        34.784
      ],
      [
        1.6005,
        34.7491
      ],
      [
        1.7539,
        34.7235
      ],
      [
        1.9086,
        34.7074
      ],
      [
        2.0628,
        34.701
      ],
      [
        2.215,
        34.7044
      ],
      [
        2.3636,
        34.7176
      ],
      [
        2.5071,
        34.7403
      ],
      [
        2.6438,
        34.7724
      ],
      [
        2.7724,
        34.8136
      ],
      [
        2.8916,
        34.8634
      ],
      [
        3.0,
        34.9213
      ],
      [
        3.0965,
        34.9867
      ],
      [
        3.18,
        35.0589
      ],
      [
        3.2497,
        35.1372
      ],
      [
        3.3048,
        35.2206
      ],
      [
        3.3446,
        35.3084
      ],
      [
        3.3687,
        35.3995
      ],
      [
        3.3767,
        35.493
      ],
      [
        3.3685,
        35.5878
      ],
      [
        3.3441,
        35.6829
      ],
      [
        3.3038,
        35.7773
      ]
    ],
    [
      [
        3.304,
        35.866
      ],
      [
        3.2331,
        35.9559
      ],
      [
        3.1479,
        36.0419
      ],
      [
        3.0493,
        36.1231
      ],
      [
        2.9382,
        36.1987
      ],
      [
        2.8159,
        36.2677
      ],
      [
        2.6836,
        36.3293
      ],
      [
        2.5429,
        36.3829
      ],
      [
        2.3953,
        36.4279
      ],
      [
        2.2423,
        36.4637
      ],
      [
        2.0859,
        36.4899
      ],
      [
        1.9276,
        36.5063
      ],
      [
        1.7694,
        36.5126
      ],
      [
        1.613,
        36.5088
      ],
      [
        1.4601,
        36.4949
      ],
      [
        1.3127,
        36.4711
      ],
      [
        1.1722,
        36.4377
      ],
      [
        1.0404,
        36.3951
      ],
      [
        0.9187,
        36.3437
      ],
      [
        0.8086,
        36.2841
      ],
      [
        0.7112,
        36.2171
      ],
      [
        0.6276,
        36.1434
      ],
      [
        0.5588,
        36.0638
      ],
      [
        0.5055,
        35.9793
      ],
      [
        0.4682,
        35.8907
      ],
      [
        0.4473,
        35.799
      ],
      [
        0.443,
        35.7053
      ],
      [
        0.4552,
        35.6107
      ],
      [
        0.4838,
        35.516
      ],
      [
        0.5284,
        35.4224
      ],
      [
        0.5884,
        35.3308
      ],
      [
        0.663,
        35.2423
      ],
      [
        0.7515,
        35.1578
      ],
      [
        0.8528,
        35.0782
      ],
      [
        0.9657,
        35.0044
      ],
      [
        1.0889,
        34.937
      ],
      [
        1.2212,
        34.8769
      ],
      [
        1.361,
        34.8247
      ],
      [
        1.5069,
        34.7809
      ],
      [
        1.6573,
        34.7459
      ],
      [
        1.8105,
        34.7203
      ],
      [
        1.965,
        34.7041
      ],
      [
        2.119,
        34.6976
      ],
      [
        2.2711,
        34.701
      ],
      [
        2.4196,
        34.714
      ],
      [
        2.5629,
        34.7367
      ],
      [
        2.6995,
        34.7688
      ],
      [
        2.828,
        34.8099
      ],
      [
        2.9471,
        34.8596
      ],
      [
        3.0554,
        34.9175
      ],
      [
        3.1519,
        34.9829
      ],
      [
        3.2354,
        35.055
      ],
      [
        3.3051,
        35.1332
      ],
      [
        3.3602,
        35.2166
      ],
      [
        3.4001,
        35.3044
      ],
      [
        3.4242,
        35.3955
      ],
      [
        3.4323,
        35.489
      ],
      [
        3.4242,
        35.5838
      ],
      [
        3.4,
        35.6789
      ],
      [
        3.3598,
        35.7734
      ]
    ],
    [
      [
        3.3601,
        35.862
      ],
      [
        3.2894,
        35.9519
      ],
      [
        3.2044,
        36.038
      ],
      [
        3.1059,
        36.1192
      ],
      [
        2.995,
        36.1948
      ],
      [
        2.8729,
        36.2639
      ],
      [
        2.7408,
        36.3256
      ],
      [
        2.6003,
        36.3793
      ],
      [
        2.4529,
        36.4243
      ],
      [
        2.3002,
        36.4602
      ],
      [
        2.1439,
        36.4865
      ],
      [
        1.9859,
        36.5029
      ],
      [
        1.8278,
        36.5093
      ],
      [
        1.6715,
        36.5055
      ],
      [
        1.5189,
        36.4917
      ],
      [
        1.3715,
        36.468
      ],
      [
        1.2312,
        36.4347
      ],
      [
        1.0995,
        36.3921
      ],
      [
        0.9779,
        36.3408
      ],
      [
        0.8678,
        36.2813
      ],
      [
        0.7705,
        36.2144
      ],
      [
        0.6869,
        36.1407
      ],
      [
        0.6181,
        36.0611
      ],
      [
        0.5647,
        35.9766
      ],
      [
        0.5274,
        35.888
      ],
      [
        0.5064,
        35.7964
      ],
      [
        0.502,
        35.7027
      ],
      [
        0.5141,
        35.608
      ],
      [
        0.5426,
        35.5133
      ],
      [
        0.587,
        35.4197
      ],
      [
        0.6468,
        35.3281
      ],
      [
        0.7213,
        35.2396
      ],
      [
        0.8096,
        35.155
      ],
      [
        0.9107,
        35.0754
      ],
      [
        1.0234,
        35.0015
      ],
      [
        1.1464,
        34.9341
      ],
      [
        1.2785,
        34.8739
      ],
      [
        1.4181,
        34.8216
      ],
      [
        1.5638,
        34.7777
      ],
      [
        1.714,
        34.7427
      ],
      [
        1.867,
        34.717
      ],
      [
        2.0213,
        34.7007
      ],
      [
        2.1752,
        34.6942
      ],
      [
        2.3271,
        34.6975
      ],
      [
        2.4754,
        34.7105
      ],
      [
        2.6186,
        34.7331
      ],
      [
        2.7551,
        34.7651
      ],
      [
        2.8835,
        34.8061
      ],
      [
        3.0025,
        34.8558
      ],
      [
        3.1108,
        34.9136
      ],
      [
        3.2072,
        34.979
      ],
      [
        3.2908,
        35.0511
      ],
      [
        3.3605,
        35.1293
      ],
      [
        3.4156,
        35.2126
      ],
      [
        3.4555,
        35.3004
      ],
      [
        3.4797,
        35.3914
      ],
      [
        3.4879,
        35.4849
      ],
      [
        3.4799,
        35.5798
      ],
      [
        3.4558,
        35.6749
      ],
      [
        3.4157,
        35.7694
      ]
    ],
    [
      [
        3.4161,
        35.858
      ],
      [
        3.3456,
        35.9479
      ],
      [
        3.2607,
        36.034
      ],
      [
        3.1625,
        36.1153
      ],
      [
        3.0518,
        36.191
      ],
      [
        2.9298,
        36.2601
      ],
      [
        2.798,
        36.3218
      ],
      [
        2.6577,
        36.3756
      ],
      [
        2.5105,
        36.4207
      ],
      [
        2.3579,
        36.4566
      ],
      [
        2.2019,
        36.483
      ],
      [
        2.044,
        36.4995
      ],
      [
        1.8861,
        36.506
      ],
      [
        1.73,
        36.5023
      ],
      [
        1.5775,
        36.4886
      ],
      [
        1.4303,
        36.4649
      ],
      [
        1.2901,
        36.4317
      ],
      [
        1.1585,
        36.3891
      ],
      [
        1.037,
        36.3379
      ],
      [
        0.927,
        36.2785
      ],
      [
        0.8297,
        36.2115
      ],
      [
        0.7461,
        36.1379
      ],
      [
        0.6773,
        36.0584
      ],
      [
        0.6239,
        35.9739
      ],
      [
        0.5865,
        35.8853
      ],
      [
        0.5655,
        35.7937
      ],
      [
        0.561,
        35.7
      ],
      [
        0.573,
        35.6053
      ],
      [
        0.6013,
        35.5106
      ],
      [
        0.6456,
        35.417
      ],
      [
        0.7052,
        35.3254
      ],
      [
        0.7795,
        35.2368
      ],
      [
        0.8676,
        35.1522
      ],
      [
        0.9685,
        35.0725
      ],
      [
        1.081,
        34.9986
      ],
      [
        1.2039,
        34.9311
      ],
      [
        1.3357,
        34.8709
      ],
      [
        1.4751,
        34.8185
      ],
      [
        1.6206,
        34.7746
      ],
      [
        1.7706,
        34.7395
      ],
      [
        1.9234,
        34.7137
      ],
      [
        2.0775,
        34.6974
      ],
      [
        2.2313,
        34.6908
      ],
      [
        2.383,
        34.6939
      ],
      [
        2.5312,
        34.7069
      ],
      [
        2.6742,
        34.7294
      ],
      [
        2.8106,
        34.7614
      ],
      [
        2.939,
        34.8024
      ],
      [
        3.0579,
        34.852
      ],
      [
        3.1661,
        34.9097
      ],
      [
        3.2625,
        34.975
      ],
      [
        3.346,
        35.0471
      ],
      [
        3.4157,
        35.1252
      ],
      [
        3.4709,
        35.2086
      ],
      [
        3.5108,
        35.2963
      ],
      [
        3.5351,
        35.3874
      ],
      [
        3.5434,
        35.4808
      ],
      [
        3.5355,
        35.5757
      ],
      [
        3.5115,
        35.6709
      ],
      [
        3.4716,
        35.7653
      ]
    ],
    [
      [
        3.472,
        35.854
      ],
      [
        3.4017,
        35.9439
      ],
      [
        3.317,
        36.03
      ],
      [
        3.2189,
        36.1114
      ],
      [
        3.1084,
        36.1871
      ],
      [
        2.9867,
        36.2562
      ],
      [
        2.855,
        36.3181
      ],
      [
        2.7149,
        36.3719
      ],
      [
        2.5679,
        36.417
      ],
      [
        2.4156,
        36.453
      ],
      [
        2.2597,
        36.4795
      ],
      [
        2.1021,
        36.4961
      ],
      [
        1.9444,
        36.5026
      ],
      [
        1.7884,
        36.499
      ],
      [
        1.6361,
        36.4854
      ],
      [
        1.489,
        36.4618
      ],
      [
        1.3489,
        36.4286
      ],
      [
        1.2174,
        36.3861
      ],
      [
        1.096,
        36.3349
      ],
      [
        0.986,
        36.2756
      ],
      [
        0.8887,
        36.2087
      ],
      [
        0.8052,
        36.1351
      ],
      [
        0.7364,
        36.0556
      ],
      [
        0.683,
        35.9711
      ],
      [
        0.6455,
        35.8826
      ],
      [
        0.6244,
        35.791
      ],
      [
        0.6198,
        35.6973
      ],
      [
        0.6317,
        35.6026
      ],
      [
        0.6599,
        35.5079
      ],
      [
        0.704,
        35.4142
      ],
      [
        0.7635,
        35.3226
      ],
      [
        0.8377,
        35.234
      ],
      [
        0.9256,
        35.1494
      ],
      [
        1.0263,
        35.0696
      ],
      [
        1.1385,
        34.9956
      ],
      [
        1.2612,
        34.9281
      ],
      [
        1.3929,
        34.8678
      ],
      [
        1.5321,
        34.8154
      ],
      [
        1.6773,
        34.7713
      ],
      [
        1.8271,
        34.7362
      ],
      [
        1.9797,
        34.7103
      ],
      [
        2.1337,
        34.6939
      ],
      [
        2.2872,
        34.6873
      ],
      [
        2.4388,
        34.6904
      ],
      [
        2.5869,
        34.7032
      ],
      [
        2.7298,
        34.7257
      ],
      [
        2.8661,
        34.7576
      ],
      [
        2.9943,
        34.7985
      ],
      [
        3.1132,
        34.8481
      ],
      [
        3.2213,
        34.9058
      ],
      [
        3.3177,
        34.971
      ],
      [
        3.4012,
        35.0431
      ],
      [
        3.4709,
        35.1212
      ],
      [
        3.5261,
        35.2045
      ],
      [
        3.5661,
        35.2922
      ],
      [
        3.5904,
        35.3833
      ],
      [
        3.5988,
        35.4767
      ],
      [
        3.591,
        35.5716
      ],
      [
        3.5672,
        35.6668
      ],
      [
        3.5274,
        35.7612
      ]
    ],
    [
      [
        3.5279,
        35.8499
      ],
      [
        3.4577,
        35.9398
      ],
      [
        3.3732,
        36.026
      ],
      [
        3.2753,
        36.1074
      ],
      [
        3.165,
        36.1831
      ],
      [
        3.0435,
        36.2524
      ],
      [
        2.912,
        36.3142
      ],
      [
        2.7721,
        36.3681
      ],
      [
        2.6253,
        36.4133
      ],
      [
        2.4732,
        36.4494
      ],
      [
        2.3175,
        36.4759
      ],
      [
        2.16,
        36.4926
      ],
      [
        2.0025,
        36.4992
      ],
      [
        1.8467,
        36.4957
      ],
      [
        1.6945,
        36.4821
      ],
      [
        1.5476,
        36.4586
      ],
      [
        1.4076,
        36.4255
      ],
      [
        1.2762,
        36.3831
      ],
      [
        1.1549,
        36.3319
      ],
      [
        1.045,
        36.2726
      ],
      [
        0.9477,
        36.2058
      ],
      [
        0.8642,
        36.1323
      ],
      [
        0.7954,
        36.0528
      ],
      [
        0.7419,
        35.9684
      ],
      [
        0.7044,
        35.8798
      ],
      [
        0.6832,
        35.7882
      ],
      [
        0.6786,
        35.6946
      ],
      [
        0.6903,
        35.5999
      ],
      [
        0.7184,
        35.5051
      ],
      [
        0.7624,
        35.4114
      ],
      [
        0.8217,
        35.3198
      ],
      [
        0.8957,
        35.2312
      ],
      [
        0.9834,
        35.1465
      ],
      [
        1.0839,
        35.0667
      ],
      [
        1.196,
        34.9926
      ],
      [
        1.3184,
        34.925
      ],
      [
        1.4499,
        34.8647
      ],
      [
        1.5889,
        34.8122
      ],
      [
        1.734,
        34.7681
      ],
      [
        1.8835,
        34.7329
      ],
      [
        2.036,
        34.7069
      ],
      [
        2.1897,
        34.6905
      ],
      [
        2.3431,
        34.6837
      ],
      [
        2.4946,
        34.6868
      ],
      [
        2.6425,
        34.6996
      ],
      [
        2.7852,
        34.722
      ],
      [
        2.9214,
        34.7538
      ],
      [
        3.0496,
        34.7947
      ],
      [
        3.1683,
        34.8442
      ],
      [
        3.2765,
        34.9019
      ],
      [
        3.3728,
        34.967
      ],
      [
        3.4563,
        35.039
      ],
      [
        3.526,
        35.1171
      ],
      [
        3.5812,
        35.2004
      ],
      [
        3.6213,
        35.2881
      ],
      [
        3.6457,
        35.3791
      ],
      [
        3.6541,
        35.4726
      ],
      [
        3.6465,
        35.5674
      ],
      [
        3.6227,
        35.6626
      ],
      [
        3.5831,
        35.7571
      ]
    ],
    [
      [
        3.5836,
        35.8457
      ],
      [
        3.5136,
        35.9357
      ],
      [
        3.4293,
        36.0219
      ],
      [
        3.3316,
        36.1034
      ],
      [
        3.2215,
        36.1792
      ],
      [
        3.1001,
        36.2484
      ],
      [
        2.9689,
        36.3104
      ],
      [
        2.8292,
        36.3643
      ],
      [
        2.6826,
        36.4096
      ],
      [
        2.5307,
        36.4458
      ],
      [
        2.3752,
        36.4724
      ],
      [
        2.2179,
        36.4891
      ],
      [
        2.0605,
        36.4958
      ],
      [
        1.905,
        36.4923
      ],
      [
        1.7529,
        36.4788
      ],
      [
        1.6061,
        36.4554
      ],
      [
        1.4663,
        36.4223
      ],
      [
        1.335,
        36.38
      ],
      [
        1.2137,
        36.3289
      ],
      [
        1.1038,
        36.2696
      ],
      [
        1.0066,
        36.2029
      ],
      [
        0.9231,
        36.1294
      ],
      [
        0.8543,
        36.05
      ],
      [
        0.8008,
        35.9655
      ],
      [
        0.7633,
        35.877
      ],
      [
        0.742,
        35.7854
      ],
      [
        0.7372,
        35.6918
      ],
      [
        0.7489,
        35.5971
      ],
      [
        0.7768,
        35.5023
      ],
      [
        0.8207,
        35.4086
      ],
      [
        0.8798,
        35.3169
      ],
      [
        0.9536,
        35.2283
      ],
      [
        1.0412,
        35.1435
      ],
      [
        1.1415,
        35.0637
      ],
      [
        1.2534,
        34.9896
      ],
      [
        1.3756,
        34.9219
      ],
      [
        1.5068,
        34.8615
      ],
      [
        1.6457,
        34.809
      ],
      [
        1.7905,
        34.7648
      ],
      [
        1.9399,
        34.7295
      ],
      [
        2.0922,
        34.7035
      ],
      [
        2.2457,
        34.687
      ],
      [
        2.3989,
        34.6802
      ],
      [
        2.5502,
        34.6831
      ],
      [
        2.698,
        34.6959
      ],
      [
        2.8406,
        34.7182
      ],
      [
        2.9767,
        34.75
      ],
      [
        3.1048,
        34.7908
      ],
      [
        3.2235,
        34.8403
      ],
      [
        3.3315,
        34.8979
      ],
      [
        3.4278,
        34.963
      ],
      [
        3.5113,
        35.035
      ],
      [
        3.581,
        35.113
      ],
      [
        3.6363,
        35.1963
      ],
      [
        3.6764,
        35.2839
      ],
      [
        3.7008,
        35.375
      ],
      [
        3.7094,
        35.4684
      ],
      [
        3.7018,
        35.5633
      ],
      [
        3.6782,
        35.6585
      ],
      [
        3.6387,
        35.753
      ]
    ],
    [
      [
        3.6393,
        35.8416
      ],
      [
        3.5695,
        35.9316
      ],
      [
        3.4853,
        36.0178
      ],
      [
        3.3878,
        36.0993
      ],
      [
        3.2779,
        36.1752
      ],
      [
        3.1567,
        36.2445
      ],
      [
        3.0257,
        36.3065
      ],
      [
        2.8862,
        36.3605
      ],
      [
        2.7398,
        36.4059
      ],
      [
        2.5881,
        36.4421
      ],
      [
        2.4328,
        36.4687
      ],
      [
        2.2757,
        36.4855
      ],
      [
        2.1185,
        36.4923
      ],
      [
        1.9631,
        36.4889
      ],
      [
        1.8112,
        36.4755
      ],
      [
        1.6645,
        36.4521
      ],
      [
        1.5248,
        36.4191
      ],
      [
        1.3936,
        36.3769
      ],
      [
        1.2724,
        36.3258
      ],
      [
        1.1626,
        36.2666
      ],
      [
        1.0654,
        36.1999
      ],
      [
        0.982,
        36.1265
      ],
      [
        0.9131,
        36.0471
      ],
      [
        0.8596,
        35.9627
      ],
      [
        0.822,
        35.8742
      ],
      [
        0.8007,
        35.7826
      ],
      [
        0.7958,
        35.6889
      ],
      [
        0.8073,
        35.5942
      ],
      [
        0.8352,
        35.4995
      ],
      [
        0.8788,
        35.4058
      ],
      [
        0.9379,
        35.314
      ],
      [
        1.0115,
        35.2253
      ],
      [
        1.0988,
        35.1406
      ],
      [
        1.1989,
        35.0607
      ],
      [
        1.3106,
        34.9865
      ],
      [
        1.4327,
        34.9188
      ],
      [
        1.5637,
        34.8583
      ],
      [
        1.7023,
        34.8057
      ],
      [
        1.847,
        34.7615
      ],
      [
        1.9961,
        34.7261
      ],
      [
        2.1482,
        34.7
      ],
      [
        2.3016,
        34.6835
      ],
      [
        2.4547,
        34.6766
      ],
      [
        2.6058,
        34.6795
      ],
      [
        2.7534,
        34.6921
      ],
      [
        2.8959,
        34.7144
      ],
      [
        3.0319,
        34.7461
      ],
      [
        3.1599,
        34.7869
      ],
      [
        3.2785,
        34.8363
      ],
      [
        3.3865,
        34.8938
      ],
      [
        3.4828,
        34.9589
      ],
      [
        3.5662,
        35.0309
      ],
      [
        3.636,
        35.1089
      ],
      [
        3.6912,
        35.1921
      ],
      [
        3.7314,
        35.2797
      ],
      [
        3.7559,
        35.3708
      ],
      [
        3.7645,
        35.4642
      ],
      [
        3.7571,
        35.5591
      ],
      [
        3.7336,
        35.6543
      ],
      [
        3.6942,
        35.7488
      ]
    ],
    [
      [
        3.6949,
        35.8374
      ],
      [
        3.6252,
        35.9274
      ],
      [
        3.5413,
        36.0137
      ],
      [
        3.4439,
        36.0953
      ],
      [
        3.3342,
        36.1711
      ],
      [
        3.2133,
        36.2405
      ],
      [
        3.0824,
        36.3026
      ],
      [
        2.9431,
        36.3566
      ],
      [
        2.7969,
        36.4021
      ],
      [
        2.6454,
        36.4384
      ],
      [
        2.4903,
        36.4651
      ],
      [
        2.3334,
        36.482
      ],
      [
        2.1764,
        36.4888
      ],
      [
        2.0211,
        36.4855
      ],
      [
        1.8694,
        36.4721
      ],
      [
        1.7228,
        36.4488
      ],
      [
        1.5832,
        36.4159
      ],
      [
        1.4521,
        36.3737
      ],
      [
        1.331,
        36.3227
      ],
      [
        1.2213,
        36.2636
      ],
      [
        1.1242,
        36.1969
      ],
      [
        1.0407,
        36.1235
      ],
      [
        0.9718,
        36.0441
      ],
      [
        0.9183,
        35.9598
      ],
      [
        0.8806,
        35.8713
      ],
      [
        0.8592,
        35.7797
      ],
      [
        0.8543,
        35.6861
      ],
      [
        0.8657,
        35.5914
      ],
      [
        0.8934,
        35.4966
      ],
      [
        0.9369,
        35.4028
      ],
      [
        0.9958,
        35.3111
      ],
      [
        1.0692,
        35.2224
      ],
      [
        1.1564,
        35.1376
      ],
      [
        1.2563,
        35.0576
      ],
      [
        1.3678,
        34.9834
      ],
      [
        1.4896,
        34.9157
      ],
      [
        1.6205,
        34.8551
      ],
      [
        1.7589,
        34.8024
      ],
      [
        1.9033,
        34.7581
      ],
      [
        2.0523,
        34.7227
      ],
      [
        2.2042,
        34.6965
      ],
      [
        2.3574,
        34.6799
      ],
      [
        2.5103,
        34.6729
      ],
      [
        2.6613,
        34.6758
      ],
      [
        2.8087,
        34.6884
      ],
      [
        2.9511,
        34.7106
      ],
      [
        3.087,
        34.7422
      ],
      [
        3.2149,
        34.7829
      ],
      [
        3.3334,
        34.8323
      ],
      [
        3.4414,
        34.8898
      ],
      [
        3.5376,
        34.9548
      ],
      [
        3.6211,
        35.0267
      ],
      [
        3.6908,
        35.1047
      ],
      [
        3.7461,
        35.1879
      ],
      [
        3.7863,
        35.2755
      ],
      [
        3.8109,
        35.3665
      ],
      [
        3.8196,
        35.46
      ],
      [
        3.8123,
        35.5548
      ],
      [
        3.7889,
        35.65
      ],
      [
        3.7496,
        35.7446
      ]
    ],
    [
      [
        3.7504,
        35.8331
      ],
      [
        3.6809,
        35.9232
      ],
      [
        3.5971,
        36.0095
      ],
      [
        3.4999,
        36.0911
      ],
      [
        3.3904,
        36.1671
      ],
      [
        3.2697,
        36.2365
      ],
      [
        3.1391,
        36.2986
      ],
      [
        3.0,
        36.3527
      ],
      [
        2.854,
        36.3982
      ],
      [
        2.7027,
        36.4346
      ],
      [
        2.5478,
        36.4614
      ],
      [
        2.391,
        36.4783
      ],
      [
        2.2342,
        36.4852
      ],
      [
        2.0791,
        36.482
      ],
      [
        1.9275,
        36.4687
      ],
      [
        1.7811,
        36.4455
      ],
      [
        1.6416,
        36.4126
      ],
      [
        1.5106,
        36.3705
      ],
      [
        1.3896,
        36.3196
      ],
      [
        1.2799,
        36.2605
      ],
      [
        1.1828,
        36.1939
      ],
      [
        1.0993,
        36.1205
      ],
      [
        1.0305,
        36.0412
      ],
      [
        0.9769,
        35.9568
      ],
      [
        0.9392,
        35.8684
      ],
      [
        0.9177,
        35.7768
      ],
      [
        0.9126,
        35.6832
      ],
      [
        0.924,
        35.5884
      ],
      [
        0.9515,
        35.4937
      ],
      [
        0.9949,
        35.3999
      ],
      [
        1.0536,
        35.3081
      ],
      [
        1.1269,
        35.2194
      ],
      [
        1.2139,
        35.1345
      ],
      [
        1.3136,
        35.0545
      ],
      [
        1.4249,
        34.9803
      ],
      [
        1.5465,
        34.9125
      ],
      [
        1.6772,
        34.8519
      ],
      [
        1.8154,
        34.7991
      ],
      [
        1.9596,
        34.7547
      ],
      [
        2.1084,
        34.7193
      ],
      [
        2.2601,
        34.693
      ],
      [
        2.4131,
        34.6763
      ],
      [
        2.5659,
        34.6693
      ],
      [
        2.7167,
        34.672
      ],
      [
        2.864,
        34.6845
      ],
      [
        3.0063,
        34.7067
      ],
      [
        3.142,
        34.7383
      ],
      [
        3.2698,
        34.7789
      ],
      [
        3.3883,
        34.8282
      ],
      [
        3.4962,
        34.8857
      ],
      [
        3.5924,
        34.9507
      ],
      [
        3.6758,
        35.0225
      ],
      [
        3.7456,
        35.1005
      ],
      [
        3.8009,
        35.1837
      ],
      [
        3.8411,
        35.2713
      ],
      [
        3.8658,
        35.3622
      ],
      [
        3.8746,
        35.4557
      ],
      [
        3.8674,
        35.5505
      ],
      [
        3.8441,
        35.6458
      ],
      [
        3.805,
        35.7403
      ]
    ],
    [
      [
        3.8059,
        35.8289
      ],
      [
        3.7365,
        35.919
      ],
      [
        3.6529,
        36.0053
      ],
      [
        3.5559,
        36.087
      ],
      [
        3.4466,
        36.163
      ],
      [
        3.326,
        36.2324
      ],
      [
        3.1956,
        36.2946
      ],
      [
        3.0567,
        36.3488
      ],
      [
        2.9109,
        36.3944
      ],
      [
        2.7598,
        36.4308
      ],
      [
        2.6051,
        36.4577
      ],
      [
        2.4485,
        36.4747
      ],
      [
        2.2919,
        36.4817
      ],
      [
        2.1369,
        36.4785
      ],
      [
        1.9855,
        36.4653
      ],
      [
        1.8392,
        36.4421
      ],
      [
        1.6998,
        36.4093
      ],
      [
        1.5689,
        36.3673
      ],
      [
        1.448,
        36.3164
      ],
      [
        1.3384,
        36.2574
      ],
      [
        1.2413,
        36.1908
      ],
      [
        1.1579,
        36.1174
      ],
      [
        1.089,
        36.0382
      ],
      [
        1.0354,
        35.9538
      ],
      [
        0.9976,
        35.8654
      ],
      [
        0.9761,
        35.7739
      ],
      [
        0.9709,
        35.6802
      ],
      [
        0.9822,
        35.5855
      ],
      [
        1.0096,
        35.4907
      ],
      [
        1.0528,
        35.3969
      ],
      [
        1.1114,
        35.3051
      ],
      [
        1.1845,
        35.2163
      ],
      [
        1.2713,
        35.1314
      ],
      [
        1.3708,
        35.0514
      ],
      [
        1.4819,
        34.9771
      ],
      [
        1.6033,
        34.9092
      ],
      [
        1.7338,
        34.8486
      ],
      [
        1.8718,
        34.7957
      ],
      [
        2.0158,
        34.7513
      ],
      [
        2.1644,
        34.7158
      ],
      [
        2.3159,
        34.6894
      ],
      [
        2.4688,
        34.6726
      ],
      [
        2.6213,
        34.6656
      ],
      [
        2.772,
        34.6682
      ],
      [
        2.9192,
        34.6807
      ],
      [
        3.0613,
        34.7028
      ],
      [
        3.197,
        34.7343
      ],
      [
        3.3247,
        34.7749
      ],
      [
        3.4431,
        34.8241
      ],
      [
        3.5509,
        34.8815
      ],
      [
        3.6471,
        34.9465
      ],
      [
        3.7305,
        35.0183
      ],
      [
        3.8003,
        35.0962
      ],
      [
        3.8556,
        35.1794
      ],
      [
        3.8959,
        35.267
      ],
      [
        3.9207,
        35.3579
      ],
      [
        3.9295,
        35.4514
      ],
      [
        3.9224,
        35.5462
      ],
      [
        3.8993,
        35.6415
      ],
      [
        3.8603,
        35.736
      ]
    ],
    [
      [
        3.8612,
        35.8246
      ],
      [
        3.792,
        35.9147
      ],
      [
        3.7086,
        36.0011
      ],
      [
        3.6118,
        36.0828
      ],
      [
        3.5026,
        36.1588
      ],
      [
        3.3823,
        36.2283
      ],
      [
        3.2521,
        36.2906
      ],
      [
        3.1134,
        36.3448
      ],
      [
        2.9678,
        36.3905
      ],
      [
        2.8169,
        36.427
      ],
      [
        2.6624,
        36.4539
      ],
      [
        2.506,
        36.471
      ],
      [
        2.3495,
        36.478
      ],
      [
        2.1947,
        36.475
      ],
      [
        2.0434,
        36.4618
      ],
      [
        1.8973,
        36.4387
      ],
      [
        1.758,
        36.406
      ],
      [
        1.6272,
        36.364
      ],
      [
        1.5063,
        36.3132
      ],
      [
        1.3968,
        36.2542
      ],
      [
        1.2998,
        36.1877
      ],
      [
        1.2163,
        36.1144
      ],
      [
        1.1475,
        36.0351
      ],
      [
        1.0938,
        35.9508
      ],
      [
        1.056,
        35.8624
      ],
      [
        1.0344,
        35.7709
      ],
      [
        1.0291,
        35.6772
      ],
      [
        1.0403,
        35.5825
      ],
      [
        1.0676,
        35.4877
      ],
      [
        1.1107,
        35.3939
      ],
      [
        1.169,
        35.3021
      ],
      [
        1.242,
        35.2132
      ],
      [
        1.3286,
        35.1283
      ],
      [
        1.4279,
        35.0482
      ],
      [
        1.5388,
        34.9739
      ],
      [
        1.6601,
        34.9059
      ],
      [
        1.7903,
        34.8452
      ],
      [
        1.9281,
        34.7923
      ],
      [
        2.0719,
        34.7479
      ],
      [
        2.2203,
        34.7122
      ],
      [
        2.3717,
        34.6858
      ],
      [
        2.5243,
        34.669
      ],
      [
        2.6767,
        34.6618
      ],
      [
        2.8272,
        34.6644
      ],
      [
        2.9743,
        34.6768
      ],
      [
        3.1163,
        34.6988
      ],
      [
        3.2518,
        34.7303
      ],
      [
        3.3794,
        34.7708
      ],
      [
        3.4978,
        34.82
      ],
      [
        3.6056,
        34.8774
      ],
      [
        3.7017,
        34.9423
      ],
      [
        3.7851,
        35.0141
      ],
      [
        3.8549,
        35.0919
      ],
      [
        3.9103,
        35.1751
      ],
      [
        3.9506,
        35.2626
      ],
      [
        3.9754,
        35.3536
      ],
      [
        3.9844,
        35.447
      ],
      [
        3.9773,
        35.5419
      ],
      [
        3.9543,
        35.6371
      ],
      [
        3.9155,
        35.7317
      ]
    ],
    [
      [
        3.9165,
        35.8203
      ],
      [
        3.8474,
        35.9104
      ],
      [
        3.7642,
        35.9968
      ],
      [
        3.6676,
        36.0786
      ],
      [
        3.5586,
        36.1546
      ],
      [
        3.4385,
        36.2242
      ],
      [
        3.3085,
        36.2865
      ],
      [
        3.17,
        36.3408
      ],
      [
        3.0246,
        36.3865
      ],
      [
        2.8739,
        36.4231
      ],
      [
        2.7195,
        36.4501
      ],
      [
        2.5633,
        36.4673
      ],
      [
        2.407,
        36.4744
      ],
      [
        2.2524,
        36.4714
      ],
      [
        2.1012,
        36.4583
      ],
      [
        1.9552,
        36.4353
      ],
      [
        1.8161,
        36.4026
      ],
      [
        1.6854,
        36.3607
      ],
      [
        1.5646,
        36.3099
      ],
      [
        1.4551,
        36.251
      ],
      [
        1.3581,
        36.1845
      ],
      [
        1.2747,
        36.1112
      ],
      [
        1.2058,
        36.032
      ],
      [
        1.1521,
        35.9478
      ],
      [
        1.1143,
        35.8594
      ],
      [
        1.0926,
        35.7679
      ],
      [
        1.0873,
        35.6742
      ],
      [
        1.0983,
        35.5795
      ],
      [
        1.1254,
        35.4847
      ],
      [
        1.1684,
        35.3908
      ],
      [
        1.2266,
        35.299
      ],
      [
        1.2994,
        35.2101
      ],
      [
        1.3858,
        35.1252
      ],
      [
        1.4849,
        35.045
      ],
      [
        1.5956,
        34.9706
      ],
      [
        1.7167,
        34.9026
      ],
      [
        1.8467,
        34.8419
      ],
      [
        1.9843,
        34.7889
      ],
      [
        2.128,
        34.7444
      ],
      [
        2.2762,
        34.7087
      ],
      [
        2.4273,
        34.6822
      ],
      [
        2.5798,
        34.6653
      ],
      [
        2.732,
        34.658
      ],
      [
        2.8824,
        34.6606
      ],
      [
        3.0293,
        34.6729
      ],
      [
        3.1712,
        34.6949
      ],
      [
        3.3066,
        34.7262
      ],
      [
        3.4341,
        34.7667
      ],
      [
        3.5524,
        34.8159
      ],
      [
        3.6602,
        34.8732
      ],
      [
        3.7563,
        34.938
      ],
      [
        3.8397,
        35.0098
      ],
      [
        3.9094,
        35.0876
      ],
      [
        3.9648,
        35.1708
      ],
      [
        4.0052,
        35.2583
      ],
      [
        4.0301,
        35.3492
      ],
      [
        4.0391,
        35.4426
      ],
      [
        4.0322,
        35.5375
      ],
      [
        4.0093,
        35.6328
      ],
      [
        3.9706,
        35.7274
      ]
    ],
    [
      [
        3.9717,
        35.8159
      ],
      [
        3.9028,
        35.9061
      ],
      [
        3.8197,
        35.9925
      ],
      [
        3.7233,
        36.0743
      ],
      [
        3.6145,
        36.1504
      ],
      [
        3.4946,
        36.2201
      ],
      [
        3.3648,
        36.2824
      ],
      [
        3.2265,
        36.3368
      ],
      [
        3.0813,
        36.3825
      ],
      [
        2.9307,
        36.4192
      ],
      [
        2.7766,
        36.4463
      ],
      [
        2.6206,
        36.4635
      ],
      [
        2.4645,
        36.4707
      ],
      [
        2.31,
        36.4678
      ],
      [
        2.159,
        36.4547
      ],
      [
        2.0131,
        36.4318
      ],
      [
        1.8741,
        36.3992
      ],
      [
        1.7435,
        36.3573
      ],
      [
        1.6228,
        36.3066
      ],
      [
        1.5133,
        36.2477
      ],
      [
        1.4164,
        36.1813
      ],
      [
        1.333,
        36.1081
      ],
      [
        1.2641,
        36.0289
      ],
      [
        1.2104,
        35.9447
      ],
      [
        1.1725,
        35.8563
      ],
      [
        1.1507,
        35.7648
      ],
      [
        1.1453,
        35.6712
      ],
      [
        1.1562,
        35.5764
      ],
      [
        1.1832,
        35.4816
      ],
      [
        1.226,
        35.3878
      ],
      [
        1.2841,
        35.2959
      ],
      [
        1.3567,
        35.207
      ],
      [
        1.4429,
        35.122
      ],
      [
        1.5419,
        35.0418
      ],
      [
        1.6524,
        34.9673
      ],
      [
        1.7732,
        34.8993
      ],
      [
        1.9031,
        34.8384
      ],
      [
        2.0404,
        34.7854
      ],
      [
        2.1839,
        34.7408
      ],
      [
        2.3319,
        34.7051
      ],
      [
        2.4829,
        34.6785
      ],
      [
        2.6352,
        34.6615
      ],
      [
        2.7873,
        34.6542
      ],
      [
        2.9375,
        34.6567
      ],
      [
        3.0842,
        34.669
      ],
      [
        3.226,
        34.6909
      ],
      [
        3.3613,
        34.7222
      ],
      [
        3.4888,
        34.7626
      ],
      [
        3.6069,
        34.8117
      ],
      [
        3.7147,
        34.8689
      ],
      [
        3.8107,
        34.9338
      ],
      [
        3.8941,
        35.0055
      ],
      [
        3.9639,
        35.0833
      ],
      [
        4.0193,
        35.1664
      ],
      [
        4.0598,
        35.2539
      ],
      [
        4.0847,
        35.3448
      ],
      [
        4.0938,
        35.4382
      ],
      [
        4.087,
        35.5331
      ],
      [
        4.0642,
        35.6284
      ],
      [
        4.0257,
        35.723
      ]
    ],
    [
      [
        4.0268,
        35.8115
      ],
      [
        3.9581,
        35.9017
      ],
      [
        3.8752,
        35.9882
      ],
      [
        3.7789,
        36.07
      ],
      [
        3.6703,
        36.1462
      ],
      [
        3.5506,
        36.2159
      ],
      [
        3.421,
        36.2783
      ],
      [
        3.2829,
        36.3327
      ],
      [
        3.1379,
        36.3785
      ],
      [
        2.9876,
        36.4152
      ],
      [
        2.8336,
        36.4424
      ],
      [
        2.6778,
        36.4597
      ],
      [
        2.5218,
        36.467
      ],
      [
        2.3675,
        36.4641
      ],
      [
        2.2166,
        36.4512
      ],
      [
        2.0709,
        36.4283
      ],
      [
        1.932,
        36.3957
      ],
      [
        1.8015,
        36.3539
      ],
      [
        1.6809,
        36.3033
      ],
      [
        1.5715,
        36.2445
      ],
      [
        1.4745,
        36.1781
      ],
      [
        1.3912,
        36.1049
      ],
      [
        1.3223,
        36.0258
      ],
      [
        1.2685,
        35.9415
      ],
      [
        1.2306,
        35.8532
      ],
      [
        1.2087,
        35.7617
      ],
      [
        1.2032,
        35.6681
      ],
      [
        1.214,
        35.5733
      ],
      [
        1.2409,
        35.4785
      ],
      [
        1.2836,
        35.3846
      ],
      [
        1.3415,
        35.2927
      ],
      [
        1.4139,
        35.2038
      ],
      [
        1.5,
        35.1187
      ],
      [
        1.5987,
        35.0385
      ],
      [
        1.709,
        34.964
      ],
      [
        1.8297,
        34.8959
      ],
      [
        1.9593,
        34.835
      ],
      [
        2.0965,
        34.7819
      ],
      [
        2.2398,
        34.7372
      ],
      [
        2.3876,
        34.7014
      ],
      [
        2.5384,
        34.6748
      ],
      [
        2.6905,
        34.6577
      ],
      [
        2.8424,
        34.6504
      ],
      [
        2.9924,
        34.6528
      ],
      [
        3.1391,
        34.665
      ],
      [
        3.2807,
        34.6868
      ],
      [
        3.4159,
        34.7181
      ],
      [
        3.5433,
        34.7584
      ],
      [
        3.6614,
        34.8075
      ],
      [
        3.7691,
        34.8647
      ],
      [
        3.8651,
        34.9294
      ],
      [
        3.9485,
        35.0011
      ],
      [
        4.0183,
        35.0789
      ],
      [
        4.0737,
        35.162
      ],
      [
        4.1142,
        35.2495
      ],
      [
        4.1392,
        35.3404
      ],
      [
        4.1484,
        35.4338
      ],
      [
        4.1417,
        35.5286
      ],
      [
        4.119,
        35.6239
      ],
      [
        4.0806,
        35.7185
      ]
    ],
    [
      [
        4.0818,
        35.8071
      ],
      [
        4.0133,
        35.8973
      ],
      [
        3.9305,
        35.9838
      ],
      [
        3.8345,
        36.0657
      ],
      [
        3.7261,
        36.1419
      ],
      [
        3.6065,
        36.2116
      ],
      [
        3.4771,
        36.2741
      ],
      [
        3.3392,
        36.3286
      ],
      [
        3.1944,
        36.3745
      ],
      [
        3.0443,
        36.4113
      ],
      [
        2.8905,
        36.4385
      ],
      [
        2.7349,
        36.4559
      ],
      [
        2.5791,
        36.4632
      ],
      [
        2.4249,
        36.4604
      ],
      [
        2.2742,
        36.4475
      ],
      [
        2.1286,
        36.4247
      ],
      [
        1.9898,
        36.3922
      ],
      [
        1.8594,
        36.3505
      ],
      [
        1.7388,
        36.2999
      ],
      [
        1.6295,
        36.2411
      ],
      [
        1.5326,
        36.1748
      ],
      [
        1.4493,
        36.1017
      ],
      [
        1.3803,
        36.0226
      ],
      [
        1.3266,
        35.9384
      ],
      [
        1.2886,
        35.8501
      ],
      [
        1.2667,
        35.7586
      ],
      [
        1.261,
        35.6649
      ],
      [
        1.2717,
        35.5702
      ],
      [
        1.2985,
        35.4753
      ],
      [
        1.341,
        35.3815
      ],
      [
        1.3988,
        35.2895
      ],
      [
        1.471,
        35.2006
      ],
      [
        1.5569,
        35.1155
      ],
      [
        1.6555,
        35.0352
      ],
      [
        1.7656,
        34.9606
      ],
      [
        1.8861,
        34.8925
      ],
      [
        2.0155,
        34.8315
      ],
      [
        2.1525,
        34.7784
      ],
      [
        2.2956,
        34.7336
      ],
      [
        2.4432,
        34.6977
      ],
      [
        2.5938,
        34.6711
      ],
      [
        2.7457,
        34.6539
      ],
      [
        2.8975,
        34.6465
      ],
      [
        3.0474,
        34.6488
      ],
      [
        3.1938,
        34.661
      ],
      [
        3.3354,
        34.6827
      ],
      [
        3.4705,
        34.7139
      ],
      [
        3.5977,
        34.7542
      ],
      [
        3.7158,
        34.8032
      ],
      [
        3.8234,
        34.8604
      ],
      [
        3.9194,
        34.9251
      ],
      [
        4.0028,
        34.9967
      ],
      [
        4.0726,
        35.0745
      ],
      [
        4.1281,
        35.1575
      ],
      [
        4.1686,
        35.245
      ],
      [
        4.1937,
        35.3359
      ],
      [
        4.203,
        35.4293
      ],
      [
        4.1963,
        35.5242
      ],
      [
        4.1738,
        35.6194
      ],
      [
        4.1355,
        35.7141
      ]
    ],
    [
      [
        4.1368,
        35.8026
      ],
      [
        4.0684,
        35.8929
      ],
      [
        3.9858,
        35.9794
      ],
      [
        3.8899,
        36.0613
      ],
      [
        3.7817,
        36.1376
      ],
      [
        3.6624,
        36.2074
      ],
      [
        3.5332,
        36.2699
      ],
      [
        3.3955,
        36.3245
      ],
      [
        3.2509,
        36.3704
      ],
      [
        3.1009,
        36.4072
      ],
      [
        2.9473,
        36.4345
      ],
      [
        2.7919,
        36.452
      ],
      [
        2.6363,
        36.4594
      ],
      [
        2.4823,
        36.4567
      ],
      [
        2.3317,
        36.4439
      ],
      [
        2.1862,
        36.4211
      ],
      [
        2.0476,
        36.3887
      ],
      [
        1.9172,
        36.347
      ],
      [
        1.7968,
        36.2965
      ],
      [
        1.6875,
        36.2378
      ],
      [
        1.5906,
        36.1715
      ],
      [
        1.5073,
        36.0984
      ],
      [
        1.4383,
        36.0193
      ],
      [
        1.3846,
        35.9352
      ],
      [
        1.3465,
        35.8469
      ],
      [
        1.3245,
        35.7554
      ],
      [
        1.3188,
        35.6618
      ],
      [
        1.3294,
        35.567
      ],
      [
        1.356,
        35.4722
      ],
      [
        1.3984,
        35.3783
      ],
      [
        1.456,
        35.2863
      ],
      [
        1.5281,
        35.1973
      ],
      [
        1.6138,
        35.1122
      ],
      [
        1.7122,
        35.0319
      ],
      [
        1.8221,
        34.9572
      ],
      [
        1.9423,
        34.889
      ],
      [
        2.0716,
        34.828
      ],
      [
        2.2084,
        34.7748
      ],
      [
        2.3512,
        34.73
      ],
      [
        2.4987,
        34.694
      ],
      [
        2.6491,
        34.6673
      ],
      [
        2.8009,
        34.6501
      ],
      [
        2.9524,
        34.6426
      ],
      [
        3.1022,
        34.6449
      ],
      [
        3.2485,
        34.6569
      ],
      [
        3.39,
        34.6786
      ],
      [
        3.525,
        34.7098
      ],
      [
        3.6521,
        34.75
      ],
      [
        3.7701,
        34.7989
      ],
      [
        3.8776,
        34.856
      ],
      [
        3.9736,
        34.9207
      ],
      [
        4.057,
        34.9923
      ],
      [
        4.1268,
        35.07
      ],
      [
        4.1823,
        35.1531
      ],
      [
        4.2229,
        35.2405
      ],
      [
        4.248,
        35.3314
      ],
      [
        4.2574,
        35.4248
      ],
      [
        4.2509,
        35.5197
      ],
      [
        4.2285,
        35.6149
      ],
      [
        4.1903,
        35.7096
      ]
    ],
    [
      [
        4.1917,
        35.7981
      ],
      [
        4.1234,
        35.8884
      ],
      [
        4.041,
        35.975
      ],
      [
        3.9453,
        36.0569
      ],
      [
        3.8373,
        36.1332
      ],
      [
        3.7182,
        36.2031
      ],
      [
        3.5891,
        36.2657
      ],
      [
        3.4516,
        36.3203
      ],
      [
        3.3072,
        36.3663
      ],
      [
        3.1575,
        36.4032
      ],
      [
        3.0041,
        36.4306
      ],
      [
        2.8488,
        36.4481
      ],
      [
        2.6934,
        36.4556
      ],
      [
        2.5395,
        36.4529
      ],
      [
        2.3891,
        36.4402
      ],
      [
        2.2438,
        36.4175
      ],
      [
        2.1052,
        36.3852
      ],
      [
        1.975,
        36.3435
      ],
      [
        1.8546,
        36.2931
      ],
      [
        1.7453,
        36.2344
      ],
      [
        1.6485,
        36.1682
      ],
      [
        1.5652,
        36.0951
      ],
      [
        1.4962,
        36.0161
      ],
      [
        1.4424,
        35.9319
      ],
      [
        1.4043,
        35.8436
      ],
      [
        1.3823,
        35.7522
      ],
      [
        1.3765,
        35.6586
      ],
      [
        1.3869,
        35.5638
      ],
      [
        1.4134,
        35.4689
      ],
      [
        1.4557,
        35.375
      ],
      [
        1.5131,
        35.283
      ],
      [
        1.585,
        35.194
      ],
      [
        1.6706,
        35.1088
      ],
      [
        1.7688,
        35.0285
      ],
      [
        1.8785,
        34.9538
      ],
      [
        1.9985,
        34.8855
      ],
      [
        2.1276,
        34.8245
      ],
      [
        2.2642,
        34.7712
      ],
      [
        2.4069,
        34.7263
      ],
      [
        2.5541,
        34.6903
      ],
      [
        2.7043,
        34.6635
      ],
      [
        2.8559,
        34.6462
      ],
      [
        3.0073,
        34.6386
      ],
      [
        3.1569,
        34.6408
      ],
      [
        3.3031,
        34.6528
      ],
      [
        3.4444,
        34.6745
      ],
      [
        3.5793,
        34.7055
      ],
      [
        3.7064,
        34.7457
      ],
      [
        3.8243,
        34.7946
      ],
      [
        3.9318,
        34.8517
      ],
      [
        4.0278,
        34.9163
      ],
      [
        4.1111,
        34.9879
      ],
      [
        4.1809,
        35.0656
      ],
      [
        4.2365,
        35.1486
      ],
      [
        4.2771,
        35.236
      ],
      [
        4.3023,
        35.3269
      ],
      [
        4.3118,
        35.4203
      ],
      [
        4.3054,
        35.5151
      ],
      [
        4.2831,
        35.6104
      ],
      [
        4.245,
        35.7051
      ]
    ],
    [
      [
        4.2465,
        35.7936
      ],
      [
        4.1784,
        35.8839
      ],
      [
        4.0962,
        35.9705
      ],
      [
        4.0006,
        36.0525
      ],
      [
        3.8928,
        36.1289
      ],
      [
        3.7738,
        36.1987
      ],
      [
        3.645,
        36.2614
      ],
      [
        3.5077,
        36.3161
      ],
      [
        3.3635,
        36.3621
      ],
      [
        3.2139,
        36.3991
      ],
      [
        3.0608,
        36.4265
      ],
      [
        2.9056,
        36.4441
      ],
      [
        2.7504,
        36.4517
      ],
      [
        2.5967,
        36.4491
      ],
      [
        2.4464,
        36.4364
      ],
      [
        2.3012,
        36.4138
      ],
      [
        2.1628,
        36.3816
      ],
      [
        2.0326,
        36.34
      ],
      [
        1.9123,
        36.2896
      ],
      [
        1.8031,
        36.231
      ],
      [
        1.7063,
        36.1648
      ],
      [
        1.623,
        36.0918
      ],
      [
        1.5541,
        36.0128
      ],
      [
        1.5002,
        35.9286
      ],
      [
        1.462,
        35.8404
      ],
      [
        1.4399,
        35.7489
      ],
      [
        1.434,
        35.6553
      ],
      [
        1.4444,
        35.5605
      ],
      [
        1.4708,
        35.4657
      ],
      [
        1.5129,
        35.3717
      ],
      [
        1.5701,
        35.2797
      ],
      [
        1.6419,
        35.1906
      ],
      [
        1.7272,
        35.1055
      ],
      [
        1.8253,
        35.0251
      ],
      [
        1.9348,
        34.9503
      ],
      [
        2.0546,
        34.882
      ],
      [
        2.1835,
        34.8209
      ],
      [
        2.3199,
        34.7676
      ],
      [
        2.4624,
        34.7226
      ],
      [
        2.6094,
        34.6865
      ],
      [
        2.7595,
        34.6596
      ],
      [
        2.9109,
        34.6423
      ],
      [
        3.0622,
        34.6346
      ],
      [
        3.2116,
        34.6368
      ],
      [
        3.3577,
        34.6487
      ],
      [
        3.4988,
        34.6703
      ],
      [
        3.6336,
        34.7013
      ],
      [
        3.7606,
        34.7414
      ],
      [
        3.8785,
        34.7903
      ],
      [
        3.9859,
        34.8473
      ],
      [
        4.0818,
        34.9119
      ],
      [
        4.1652,
        34.9834
      ],
      [
        4.235,
        35.061
      ],
      [
        4.2906,
        35.144
      ],
      [
        4.3312,
        35.2314
      ],
      [
        4.3565,
        35.3223
      ],
      [
        4.3661,
        35.4157
      ],
      [
        4.3598,
        35.5105
      ],
      [
        4.3376,
        35.6058
      ],
      [
        4.2997,
        35.7005
      ]
    ],
    [
      [
        4.3012,
        35.789
      ],
      [
        4.2333,
        35.8794
      ],
      [
        4.1512,
        35.966
      ],
      [
        4.0559,
        36.048
      ],
      [
        3.9482,
        36.1244
      ],
      [
        3.8294,
        36.1944
      ],
      [
        3.7008,
        36.2571
      ],
      [
        3.5637,
        36.3118
      ],
      [
        3.4197,
        36.358
      ],
      [
        3.2703,
        36.395
      ],
      [
        3.1173,
        36.4225
      ],
      [
        2.9624,
        36.4402
      ],
      [
        2.8073,
        36.4478
      ],
      [
        2.6538,
        36.4453
      ],
      [
        2.5036,
        36.4327
      ],
      [
        2.3586,
        36.4101
      ],
      [
        2.2202,
        36.3779
      ],
      [
        2.0902,
        36.3364
      ],
      [
        1.9699,
        36.2861
      ],
      [
        1.8608,
        36.2275
      ],
      [
        1.7641,
        36.1614
      ],
      [
        1.6808,
        36.0884
      ],
      [
        1.6118,
        36.0094
      ],
      [
        1.5579,
        35.9253
      ],
      [
        1.5197,
        35.8371
      ],
      [
        1.4975,
        35.7456
      ],
      [
        1.4915,
        35.652
      ],
      [
        1.5017,
        35.5573
      ],
      [
        1.528,
        35.4624
      ],
      [
        1.57,
        35.3684
      ],
      [
        1.6271,
        35.2764
      ],
      [
        1.6987,
        35.1873
      ],
      [
        1.7838,
        35.102
      ],
      [
        1.8817,
        35.0216
      ],
      [
        1.991,
        34.9468
      ],
      [
        2.1107,
        34.8785
      ],
      [
        2.2393,
        34.8173
      ],
      [
        2.3755,
        34.7639
      ],
      [
        2.5178,
        34.7189
      ],
      [
        2.6647,
        34.6827
      ],
      [
        2.8145,
        34.6558
      ],
      [
        2.9658,
        34.6383
      ],
      [
        3.1169,
        34.6306
      ],
      [
        3.2662,
        34.6327
      ],
      [
        3.4121,
        34.6446
      ],
      [
        3.5532,
        34.6661
      ],
      [
        3.6879,
        34.697
      ],
      [
        3.8148,
        34.7371
      ],
      [
        3.9325,
        34.7859
      ],
      [
        4.0399,
        34.8428
      ],
      [
        4.1358,
        34.9074
      ],
      [
        4.2191,
        34.9789
      ],
      [
        4.289,
        35.0565
      ],
      [
        4.3446,
        35.1394
      ],
      [
        4.3853,
        35.2268
      ],
      [
        4.4106,
        35.3177
      ],
      [
        4.4203,
        35.4111
      ],
      [
        4.4141,
        35.5059
      ],
      [
        4.392,
        35.6012
      ],
      [
        4.3543,
        35.6959
      ]
    ],
    [
      [
        4.3558,
        35.7844
      ],
      [
        4.2881,
        35.8748
      ],
      [
        4.2062,
        35.9615
      ],
      [
        4.111,
        36.0435
      ],
      [
        4.0036,
        36.12
      ],
      [
        3.885,
        36.19
      ],
      [
        3.7565,
        36.2527
      ],
      [
        3.6196,
        36.3075
      ],
      [
        3.4758,
        36.3537
      ],
      [
        3.3266,
        36.3908
      ],
      [
        3.1738,
        36.4184
      ],
      [
        3.0191,
        36.4361
      ],
      [
        2.8641,
        36.4438
      ],
      [
        2.7108,
        36.4414
      ],
      [
        2.5608,
        36.4289
      ],
      [
        2.4158,
        36.4064
      ],
      [
        2.2776,
        36.3743
      ],
      [
        2.1477,
        36.3328
      ],
      [
        2.0275,
        36.2825
      ],
      [
        1.9184,
        36.224
      ],
      [
        1.8217,
        36.1579
      ],
      [
        1.7384,
        36.085
      ],
      [
        1.6694,
        36.006
      ],
      [
        1.6155,
        35.922
      ],
      [
        1.5773,
        35.8337
      ],
      [
        1.555,
        35.7423
      ],
      [
        1.5489,
        35.6487
      ],
      [
        1.559,
        35.5539
      ],
      [
        1.5852,
        35.459
      ],
      [
        1.627,
        35.3651
      ],
      [
        1.6839,
        35.273
      ],
      [
        1.7553,
        35.1839
      ],
      [
        1.8404,
        35.0986
      ],
      [
        1.938,
        35.0181
      ],
      [
        2.0472,
        34.9433
      ],
      [
        2.1666,
        34.8749
      ],
      [
        2.2951,
        34.8136
      ],
      [
        2.4311,
        34.7602
      ],
      [
        2.5732,
        34.7151
      ],
      [
        2.7199,
        34.6788
      ],
      [
        2.8695,
        34.6518
      ],
      [
        3.0206,
        34.6344
      ],
      [
        3.1715,
        34.6266
      ],
      [
        3.3207,
        34.6286
      ],
      [
        3.4665,
        34.6404
      ],
      [
        3.6074,
        34.6618
      ],
      [
        3.742,
        34.6927
      ],
      [
        3.8688,
        34.7327
      ],
      [
        3.9865,
        34.7815
      ],
      [
        4.0939,
        34.8384
      ],
      [
        4.1897,
        34.9029
      ],
      [
        4.273,
        34.9743
      ],
      [
        4.3429,
        35.0519
      ],
      [
        4.3985,
        35.1348
      ],
      [
        4.4393,
        35.2222
      ],
      [
        4.4647,
        35.3131
      ],
      [
        4.4744,
        35.4064
      ],
      [
        4.4683,
        35.5013
      ],
      [
        4.4464,
        35.5966
      ],
      [
        4.4087,
        35.6913
      ]
    ],
    [
      [
        4.4104,
        35.7798
      ],
      [
        4.3428,
        35.8702
      ],
      [
        4.2611,
        35.9569
      ],
      [
        4.1661,
        36.039
      ],
      [
        4.0588,
        36.1155
      ],
      [
        3.9404,
        36.1856
      ],
      [
        3.8122,
        36.2484
      ],
      [
        3.6755,
        36.3032
      ],
      [
        3.5318,
        36.3495
      ],
      [
        3.3829,
        36.3867
      ],
      [
        3.2302,
        36.4143
      ],
      [
        3.0756,
        36.4321
      ],
      [
        2.9209,
        36.4399
      ],
      [
        2.7677,
        36.4375
      ],
      [
        2.6178,
        36.425
      ],
      [
        2.473,
        36.4026
      ],
      [
        2.3349,
        36.3705
      ],
      [
        2.205,
        36.3292
      ],
      [
        2.0849,
        36.2789
      ],
      [
        1.9759,
        36.2205
      ],
      [
        1.8792,
        36.1544
      ],
      [
        1.796,
        36.0815
      ],
      [
        1.727,
        36.0026
      ],
      [
        1.6731,
        35.9186
      ],
      [
        1.6347,
        35.8304
      ],
      [
        1.6124,
        35.739
      ],
      [
        1.6062,
        35.6453
      ],
      [
        1.6162,
        35.5506
      ],
      [
        1.6423,
        35.4557
      ],
      [
        1.6839,
        35.3617
      ],
      [
        1.7407,
        35.2696
      ],
      [
        1.812,
        35.1804
      ],
      [
        1.8968,
        35.0951
      ],
      [
        1.9942,
        35.0146
      ],
      [
        2.1032,
        34.9397
      ],
      [
        2.2225,
        34.8712
      ],
      [
        2.3507,
        34.8099
      ],
      [
        2.4865,
        34.7564
      ],
      [
        2.6285,
        34.7113
      ],
      [
        2.7749,
        34.675
      ],
      [
        2.9244,
        34.6479
      ],
      [
        3.0754,
        34.6303
      ],
      [
        3.2261,
        34.6225
      ],
      [
        3.3751,
        34.6244
      ],
      [
        3.5208,
        34.6362
      ],
      [
        3.6616,
        34.6575
      ],
      [
        3.7961,
        34.6884
      ],
      [
        3.9228,
        34.7283
      ],
      [
        4.0404,
        34.777
      ],
      [
        4.1477,
        34.8339
      ],
      [
        4.2436,
        34.8983
      ],
      [
        4.3269,
        34.9697
      ],
      [
        4.3967,
        35.0473
      ],
      [
        4.4524,
        35.1302
      ],
      [
        4.4932,
        35.2175
      ],
      [
        4.5187,
        35.3084
      ],
      [
        4.5285,
        35.4017
      ],
      [
        4.5225,
        35.4966
      ],
      [
        4.5006,
        35.5919
      ],
      [
        4.4632,
        35.6867
      ]
    ],
    [
      [
        4.4648,
        35.7751
      ],
      [
        4.3974,
        35.8656
      ],
      [
        4.3159,
        35.9523
      ],
      [
        4.2211,
        36.0344
      ],
      [
        4.114,
        36.111
      ],
      [
        3.9958,
        36.1811
      ],
      [
        3.8677,
        36.244
      ],
      [
        3.7312,
        36.2989
      ],
      [
        3.5878,
        36.3452
      ],
      [
        3.439,
        36.3824
      ],
      [
        3.2866,
        36.4101
      ],
      [
        3.1322,
        36.428
      ],
      [
        2.9776,
        36.4358
      ],
      [
        2.8245,
        36.4335
      ],
      [
        2.6748,
        36.4212
      ],
      [
        2.5301,
        36.3988
      ],
      [
        2.3921,
        36.3668
      ],
      [
        2.2623,
        36.3255
      ],
      [
        2.1423,
        36.2753
      ],
      [
        2.0334,
        36.2169
      ],
      [
        1.9367,
        36.1509
      ],
      [
        1.8534,
        36.078
      ],
      [
        1.7844,
        35.9992
      ],
      [
        1.7305,
        35.9152
      ],
      [
        1.6921,
        35.827
      ],
      [
        1.6697,
        35.7356
      ],
      [
        1.6634,
        35.642
      ],
      [
        1.6733,
        35.5472
      ],
      [
        1.6992,
        35.4523
      ],
      [
        1.7408,
        35.3582
      ],
      [
        1.7974,
        35.2661
      ],
      [
        1.8685,
        35.1769
      ],
      [
        1.9531,
        35.0916
      ],
      [
        2.0504,
        35.011
      ],
      [
        2.1592,
        34.9361
      ],
      [
        2.2783,
        34.8676
      ],
      [
        2.4063,
        34.8062
      ],
      [
        2.5419,
        34.7526
      ],
      [
        2.6836,
        34.7074
      ],
      [
        2.83,
        34.671
      ],
      [
        2.9793,
        34.6439
      ],
      [
        3.13,
        34.6263
      ],
      [
        3.2806,
        34.6184
      ],
      [
        3.4295,
        34.6202
      ],
      [
        3.575,
        34.6319
      ],
      [
        3.7157,
        34.6532
      ],
      [
        3.8501,
        34.684
      ],
      [
        3.9767,
        34.7239
      ],
      [
        4.0943,
        34.7725
      ],
      [
        4.2015,
        34.8293
      ],
      [
        4.2973,
        34.8938
      ],
      [
        4.3806,
        34.9651
      ],
      [
        4.4505,
        35.0427
      ],
      [
        4.5062,
        35.1255
      ],
      [
        4.547,
        35.2129
      ],
      [
        4.5726,
        35.3037
      ],
      [
        4.5825,
        35.397
      ],
      [
        4.5766,
        35.4919
      ],
      [
        4.5548,
        35.5872
      ],
      [
        4.5175,
        35.682
      ]
    ],
    [
      [
        4.5193,
        35.7704
      ],
      [
        4.452,
        35.8609
      ],
      [
        4.3706,
        35.9477
      ],
      [
        4.276,
        36.0298
      ],
      [
        4.1691,
        36.1064
      ],
      [
        4.0511,
        36.1766
      ],
      [
        3.9232,
        36.2395
      ],
      [
        3.7869,
        36.2945
      ],
      [
        3.6437,
        36.3409
      ],
      [
        3.4951,
        36.3782
      ],
      [
        3.3428,
        36.406
      ],
      [
        3.1886,
        36.4239
      ],
      [
        3.0341,
        36.4318
      ],
      [
        2.8813,
        36.4296
      ],
      [
        2.7317,
        36.4172
      ],
      [
        2.5871,
        36.395
      ],
      [
        2.4492,
        36.363
      ],
      [
        2.3196,
        36.3218
      ],
      [
        2.1996,
        36.2716
      ],
      [
        2.0907,
        36.2133
      ],
      [
        1.9941,
        36.1473
      ],
      [
        1.9108,
        36.0745
      ],
      [
        1.8418,
        35.9957
      ],
      [
        1.7878,
        35.9117
      ],
      [
        1.7494,
        35.8235
      ],
      [
        1.7269,
        35.7321
      ],
      [
        1.7206,
        35.6385
      ],
      [
        1.7304,
        35.5437
      ],
      [
        1.7561,
        35.4488
      ],
      [
        1.7975,
        35.3548
      ],
      [
        1.854,
        35.2627
      ],
      [
        1.9249,
        35.1734
      ],
      [
        2.0094,
        35.088
      ],
      [
        2.1065,
        35.0074
      ],
      [
        2.2151,
        34.9324
      ],
      [
        2.3339,
        34.8639
      ],
      [
        2.4618,
        34.8024
      ],
      [
        2.5972,
        34.7488
      ],
      [
        2.7388,
        34.7035
      ],
      [
        2.8849,
        34.6671
      ],
      [
        3.034,
        34.6399
      ],
      [
        3.1846,
        34.6222
      ],
      [
        3.335,
        34.6142
      ],
      [
        3.4837,
        34.616
      ],
      [
        3.6291,
        34.6276
      ],
      [
        3.7697,
        34.6489
      ],
      [
        3.904,
        34.6796
      ],
      [
        4.0305,
        34.7194
      ],
      [
        4.148,
        34.768
      ],
      [
        4.2552,
        34.8248
      ],
      [
        4.351,
        34.8892
      ],
      [
        4.4343,
        34.9605
      ],
      [
        4.5042,
        35.038
      ],
      [
        4.5599,
        35.1208
      ],
      [
        4.6008,
        35.2081
      ],
      [
        4.6264,
        35.2989
      ],
      [
        4.6364,
        35.3923
      ],
      [
        4.6306,
        35.4872
      ],
      [
        4.609,
        35.5825
      ],
      [
        4.5718,
        35.6773
      ]
    ],
    [
      [
        4.5736,
        35.7657
      ],
      [
        4.5065,
        35.8562
      ],
      [
        4.4253,
        35.943
      ],
      [
        4.3308,
        36.0252
      ],
      [
        4.2241,
        36.1019
      ],
      [
        4.1063,
        36.1721
      ],
      [
        3.9786,
        36.235
      ],
      [
        3.8425,
        36.2901
      ],
      [
        3.6994,
        36.3365
      ],
      [
        3.551,
        36.3739
      ],
      [
        3.399,
        36.4017
      ],
      [
        3.2449,
        36.4197
      ],
      [
        3.0906,
        36.4277
      ],
      [
        2.9379,
        36.4256
      ],
      [
        2.7885,
        36.4133
      ],
      [
        2.6441,
        36.3911
      ],
      [
        2.5063,
        36.3592
      ],
      [
        2.3767,
        36.318
      ],
      [
        2.2568,
        36.2679
      ],
      [
        2.148,
        36.2096
      ],
      [
        2.0514,
        36.1437
      ],
      [
        1.9681,
        36.0709
      ],
      [
        1.8991,
        35.9921
      ],
      [
        1.8451,
        35.9082
      ],
      [
        1.8066,
        35.82
      ],
      [
        1.7841,
        35.7287
      ],
      [
        1.7776,
        35.6351
      ],
      [
        1.7873,
        35.5403
      ],
      [
        1.813,
        35.4453
      ],
      [
        1.8542,
        35.3513
      ],
      [
        1.9105,
        35.2591
      ],
      [
        1.9813,
        35.1699
      ],
      [
        2.0656,
        35.0844
      ],
      [
        2.1625,
        35.0038
      ],
      [
        2.2709,
        34.9287
      ],
      [
        2.3896,
        34.8601
      ],
      [
        2.5172,
        34.7986
      ],
      [
        2.6524,
        34.7449
      ],
      [
        2.7938,
        34.6996
      ],
      [
        2.9397,
        34.6631
      ],
      [
        3.0887,
        34.6358
      ],
      [
        3.2391,
        34.6181
      ],
      [
        3.3894,
        34.61
      ],
      [
        3.5379,
        34.6118
      ],
      [
        3.6832,
        34.6233
      ],
      [
        3.8236,
        34.6445
      ],
      [
        3.9578,
        34.6752
      ],
      [
        4.0843,
        34.7149
      ],
      [
        4.2017,
        34.7635
      ],
      [
        4.3089,
        34.8202
      ],
      [
        4.4046,
        34.8845
      ],
      [
        4.4879,
        34.9558
      ],
      [
        4.5578,
        35.0333
      ],
      [
        4.6135,
        35.1161
      ],
      [
        4.6544,
        35.2034
      ],
      [
        4.6801,
        35.2942
      ],
      [
        4.6902,
        35.3875
      ],
      [
        4.6845,
        35.4824
      ],
      [
        4.663,
        35.5777
      ],
      [
        4.6259,
        35.6725
      ]
    ],
    [
      [
        4.6278,
        35.7609
      ],
      [
        4.5609,
        35.8514
      ],
      [
        4.4798,
        35.9383
      ],
      [
        4.3856,
        36.0206
      ],
      [
        4.279,
        36.0972
      ],
      [
        4.1614,
        36.1675
      ],
      [
        4.0339,
        36.2305
      ],
      [
        3.898,
        36.2856
      ],
      [
        3.7551,
        36.3321
      ],
      [
        3.6069,
        36.3696
      ],
      [
        3.455,
        36.3975
      ],
      [
        3.3012,
        36.4156
      ],
      [
        3.1471,
        36.4236
      ],
      [
        2.9945,
        36.4215
      ],
      [
        2.8452,
        36.4093
      ],
      [
        2.7009,
        36.3872
      ],
      [
        2.5632,
        36.3554
      ],
      [
        2.4337,
        36.3142
      ],
      [
        2.3139,
        36.2642
      ],
      [
        2.2051,
        36.2059
      ],
      [
        2.1086,
        36.1401
      ],
      [
        2.0253,
        36.0673
      ],
      [
        1.9563,
        35.9886
      ],
      [
        1.9023,
        35.9046
      ],
      [
        1.8637,
        35.8165
      ],
      [
        1.8411,
        35.7251
      ],
      [
        1.8346,
        35.6316
      ],
      [
        1.8442,
        35.5368
      ],
      [
        1.8697,
        35.4418
      ],
      [
        1.9108,
        35.3478
      ],
      [
        1.967,
        35.2556
      ],
      [
        2.0375,
        35.1663
      ],
      [
        2.1217,
        35.0808
      ],
      [
        2.2184,
        35.0001
      ],
      [
        2.3266,
        34.925
      ],
      [
        2.4451,
        34.8563
      ],
      [
        2.5725,
        34.7948
      ],
      [
        2.7076,
        34.741
      ],
      [
        2.8487,
        34.6956
      ],
      [
        2.9945,
        34.6591
      ],
      [
        3.1433,
        34.6317
      ],
      [
        3.2935,
        34.6139
      ],
      [
        3.4436,
        34.6058
      ],
      [
        3.592,
        34.6075
      ],
      [
        3.7372,
        34.619
      ],
      [
        3.8775,
        34.6401
      ],
      [
        4.0116,
        34.6707
      ],
      [
        4.138,
        34.7104
      ],
      [
        4.2553,
        34.7589
      ],
      [
        4.3624,
        34.8156
      ],
      [
        4.4581,
        34.8799
      ],
      [
        4.5414,
        34.9511
      ],
      [
        4.6113,
        35.0285
      ],
      [
        4.667,
        35.1113
      ],
      [
        4.708,
        35.1986
      ],
      [
        4.7338,
        35.2894
      ],
      [
        4.7439,
        35.3827
      ],
      [
        4.7383,
        35.4776
      ],
      [
        4.717,
        35.5729
      ],
      [
        4.68,
        35.6677
      ]
    ],
    [
      [
        4.682,
        35.7561
      ],
      [
        4.6152,
        35.8467
      ],
      [
        4.5343,
        35.9336
      ],
      [
        4.4402,
        36.0159
      ],
      [
        4.3339,
        36.0926
      ],
      [
        4.2165,
        36.1629
      ],
      [
        4.0892,
        36.226
      ],
      [
        3.9534,
        36.2811
      ],
      [
        3.8108,
        36.3277
      ],
      [
        3.6627,
        36.3652
      ],
      [
        3.511,
        36.3932
      ],
      [
        3.3573,
        36.4113
      ],
      [
        3.2034,
        36.4194
      ],
      [
        3.051,
        36.4174
      ],
      [
        2.9018,
        36.4053
      ],
      [
        2.7577,
        36.3832
      ],
      [
        2.6201,
        36.3515
      ],
      [
        2.4907,
        36.3104
      ],
      [
        2.371,
        36.2604
      ],
      [
        2.2622,
        36.2022
      ],
      [
        2.1657,
        36.1364
      ],
      [
        2.0825,
        36.0637
      ],
      [
        2.0134,
        35.985
      ],
      [
        1.9593,
        35.9011
      ],
      [
        1.9208,
        35.813
      ],
      [
        1.8981,
        35.7216
      ],
      [
        1.8915,
        35.628
      ],
      [
        1.9009,
        35.5332
      ],
      [
        1.9263,
        35.4383
      ],
      [
        1.9673,
        35.3442
      ],
      [
        2.0233,
        35.252
      ],
      [
        2.0937,
        35.1626
      ],
      [
        2.1777,
        35.0772
      ],
      [
        2.2742,
        34.9964
      ],
      [
        2.3822,
        34.9213
      ],
      [
        2.5005,
        34.8525
      ],
      [
        2.6278,
        34.7909
      ],
      [
        2.7626,
        34.7371
      ],
      [
        2.9036,
        34.6917
      ],
      [
        3.0492,
        34.655
      ],
      [
        3.1978,
        34.6276
      ],
      [
        3.3478,
        34.6097
      ],
      [
        3.4978,
        34.6016
      ],
      [
        3.6461,
        34.6032
      ],
      [
        3.7911,
        34.6146
      ],
      [
        3.9313,
        34.6356
      ],
      [
        4.0652,
        34.6662
      ],
      [
        4.1915,
        34.7059
      ],
      [
        4.3089,
        34.7543
      ],
      [
        4.4159,
        34.8109
      ],
      [
        4.5116,
        34.8752
      ],
      [
        4.5948,
        34.9464
      ],
      [
        4.6647,
        35.0238
      ],
      [
        4.7205,
        35.1065
      ],
      [
        4.7616,
        35.1938
      ],
      [
        4.7874,
        35.2846
      ],
      [
        4.7976,
        35.3779
      ],
      [
        4.7921,
        35.4728
      ],
      [
        4.7709,
        35.5681
      ],
      [
        4.7341,
        35.6629
      ]
    ],
    [
      [
        4.7361,
        35.7513
      ],
      [
        4.6695,
        35.8419
      ],
      [
        4.5888,
        35.9288
      ],
      [
        4.4948,
        36.0111
      ],
      [
        4.3887,
        36.0879
      ],
      [
        4.2714,
        36.1583
      ],
      [
        4.1443,
        36.2214
      ],
      [
        4.0088,
        36.2766
      ],
      [
        3.8663,
        36.3232
      ],
      [
        3.7185,
        36.3608
      ],
      [
        3.5669,
        36.3889
      ],
      [
        3.4134,
        36.4071
      ],
      [
        3.2597,
        36.4152
      ],
      [
        3.1074,
        36.4133
      ],
      [
        2.9584,
        36.4012
      ],
      [
        2.8143,
        36.3792
      ],
      [
        2.6769,
        36.3475
      ],
      [
        2.5476,
        36.3065
      ],
      [
        2.4279,
        36.2566
      ],
      [
        2.3192,
        36.1985
      ],
      [
        2.2227,
        36.1327
      ],
      [
        2.1395,
        36.06
      ],
      [
        2.0705,
        35.9813
      ],
      [
        2.0163,
        35.8975
      ],
      [
        1.9777,
        35.8094
      ],
      [
        1.9549,
        35.718
      ],
      [
        1.9482,
        35.6244
      ],
      [
        1.9576,
        35.5296
      ],
      [
        1.9829,
        35.4347
      ],
      [
        2.0237,
        35.3406
      ],
      [
        2.0796,
        35.2483
      ],
      [
        2.1498,
        35.159
      ],
      [
        2.2336,
        35.0735
      ],
      [
        2.3299,
        34.9927
      ],
      [
        2.4378,
        34.9175
      ],
      [
        2.5559,
        34.8487
      ],
      [
        2.683,
        34.787
      ],
      [
        2.8176,
        34.7332
      ],
      [
        2.9584,
        34.6876
      ],
      [
        3.1038,
        34.6509
      ],
      [
        3.2522,
        34.6235
      ],
      [
        3.4021,
        34.6055
      ],
      [
        3.5519,
        34.5973
      ],
      [
        3.7,
        34.5988
      ],
      [
        3.8449,
        34.6102
      ],
      [
        3.985,
        34.6312
      ],
      [
        4.1188,
        34.6616
      ],
      [
        4.2451,
        34.7013
      ],
      [
        4.3623,
        34.7496
      ],
      [
        4.4693,
        34.8062
      ],
      [
        4.565,
        34.8704
      ],
      [
        4.6482,
        34.9416
      ],
      [
        4.7181,
        35.019
      ],
      [
        4.7739,
        35.1017
      ],
      [
        4.815,
        35.1889
      ],
      [
        4.8409,
        35.2797
      ],
      [
        4.8512,
        35.373
      ],
      [
        4.8458,
        35.4679
      ],
      [
        4.8247,
        35.5633
      ],
      [
        4.788,
        35.6581
      ]
    ],
    [
      [
        4.7901,
        35.7464
      ],
      [
        4.7236,
        35.837
      ],
      [
        4.6431,
        35.924
      ],
      [
        4.5494,
        36.0064
      ],
      [
        4.4434,
        36.0832
      ],
      [
        4.3263,
        36.1536
      ],
      [
        4.1994,
        36.2168
      ],
      [
        4.0641,
        36.272
      ],
      [
        3.9218,
        36.3188
      ],
      [
        3.7741,
        36.3564
      ],
      [
        3.6228,
        36.3845
      ],
      [
        3.4694,
        36.4028
      ],
      [
        3.3158,
        36.411
      ],
      [
        3.1637,
        36.4091
      ],
      [
        3.0149,
        36.3972
      ],
      [
        2.8709,
        36.3752
      ],
      [
        2.7336,
        36.3436
      ],
      [
        2.6044,
        36.3026
      ],
      [
        2.4848,
        36.2528
      ],
      [
        2.3761,
        36.1947
      ],
      [
        2.2797,
        36.1289
      ],
      [
        2.1965,
        36.0563
      ],
      [
        2.1274,
        35.9777
      ],
      [
        2.0733,
        35.8938
      ],
      [
        2.0346,
        35.8057
      ],
      [
        2.0117,
        35.7144
      ],
      [
        2.0049,
        35.6208
      ],
      [
        2.0142,
        35.526
      ],
      [
        2.0393,
        35.4311
      ],
      [
        2.08,
        35.3369
      ],
      [
        2.1357,
        35.2447
      ],
      [
        2.2058,
        35.1553
      ],
      [
        2.2894,
        35.0697
      ],
      [
        2.3856,
        34.9889
      ],
      [
        2.4932,
        34.9137
      ],
      [
        2.6112,
        34.8448
      ],
      [
        2.738,
        34.7831
      ],
      [
        2.8725,
        34.7292
      ],
      [
        3.0131,
        34.6836
      ],
      [
        3.1583,
        34.6468
      ],
      [
        3.3065,
        34.6193
      ],
      [
        3.4563,
        34.6013
      ],
      [
        3.6059,
        34.5929
      ],
      [
        3.7539,
        34.5944
      ],
      [
        3.8986,
        34.6057
      ],
      [
        4.0386,
        34.6267
      ],
      [
        4.1724,
        34.6571
      ],
      [
        4.2985,
        34.6966
      ],
      [
        4.4157,
        34.7449
      ],
      [
        4.5226,
        34.8015
      ],
      [
        4.6182,
        34.8656
      ],
      [
        4.7015,
        34.9368
      ],
      [
        4.7714,
        35.0141
      ],
      [
        4.8273,
        35.0968
      ],
      [
        4.8684,
        35.184
      ],
      [
        4.8943,
        35.2748
      ],
      [
        4.9047,
        35.3681
      ],
      [
        4.8994,
        35.463
      ],
      [
        4.8784,
        35.5584
      ],
      [
        4.8419,
        35.6532
      ]
    ],
    [
      [
        4.8441,
        35.7415
      ],
      [
        4.7777,
        35.8322
      ],
      [
        4.6974,
        35.9192
      ],
      [
        4.6038,
        36.0016
      ],
      [
        4.498,
        36.0784
      ],
      [
        4.3811,
        36.1489
      ],
      [
        4.2544,
        36.2121
      ],
      [
        4.1193,
        36.2675
      ],
      [
        3.9772,
        36.3142
      ],
      [
        3.8297,
        36.3519
      ],
      [
        3.6785,
        36.3801
      ],
      [
        3.5253,
        36.3985
      ],
      [
        3.3719,
        36.4068
      ],
      [
        3.22,
        36.405
      ],
      [
        3.0712,
        36.393
      ],
      [
        2.9274,
        36.3712
      ],
      [
        2.7902,
        36.3396
      ],
      [
        2.6611,
        36.2987
      ],
      [
        2.5415,
        36.2489
      ],
      [
        2.4329,
        36.1908
      ],
      [
        2.3365,
        36.1252
      ],
      [
        2.2533,
        36.0526
      ],
      [
        2.1843,
        35.9739
      ],
      [
        2.1301,
        35.8901
      ],
      [
        2.0914,
        35.8021
      ],
      [
        2.0684,
        35.7108
      ],
      [
        2.0616,
        35.6172
      ],
      [
        2.0707,
        35.5224
      ],
      [
        2.0957,
        35.4274
      ],
      [
        2.1363,
        35.3333
      ],
      [
        2.1918,
        35.241
      ],
      [
        2.2617,
        35.1516
      ],
      [
        2.3452,
        35.0659
      ],
      [
        2.4412,
        34.9851
      ],
      [
        2.5486,
        34.9098
      ],
      [
        2.6664,
        34.8409
      ],
      [
        2.7931,
        34.7791
      ],
      [
        2.9273,
        34.7251
      ],
      [
        3.0677,
        34.6795
      ],
      [
        3.2127,
        34.6427
      ],
      [
        3.3608,
        34.6151
      ],
      [
        3.5104,
        34.597
      ],
      [
        3.6599,
        34.5886
      ],
      [
        3.8077,
        34.59
      ],
      [
        3.9523,
        34.6012
      ],
      [
        4.0922,
        34.6221
      ],
      [
        4.2258,
        34.6525
      ],
      [
        4.3519,
        34.692
      ],
      [
        4.469,
        34.7402
      ],
      [
        4.5759,
        34.7967
      ],
      [
        4.6715,
        34.8608
      ],
      [
        4.7547,
        34.9319
      ],
      [
        4.8246,
        35.0093
      ],
      [
        4.8805,
        35.0919
      ],
      [
        4.9217,
        35.1791
      ],
      [
        4.9477,
        35.2699
      ],
      [
        4.9582,
        35.3632
      ],
      [
        4.953,
        35.458
      ],
      [
        4.9321,
        35.5534
      ],
      [
        4.8957,
        35.6483
      ]
    ],
    [
      [
        4.8979,
        35.7366
      ],
      [
        4.8317,
        35.8273
      ],
      [
        4.7516,
        35.9143
      ],
      [
        4.6582,
        35.9968
      ],
      [
        4.5526,
        36.0737
      ],
      [
        4.4359,
        36.1442
      ],
      [
        4.3093,
        36.2075
      ],
      [
        4.1744,
        36.2628
      ],
      [
        4.0325,
        36.3097
      ],
      [
        3.8852,
        36.3474
      ],
      [
        3.7342,
        36.3757
      ],
      [
        3.5812,
        36.3941
      ],
      [
        3.4279,
        36.4025
      ],
      [
        3.2761,
        36.4007
      ],
      [
        3.1275,
        36.3889
      ],
      [
        2.9838,
        36.3671
      ],
      [
        2.8467,
        36.3356
      ],
      [
        2.7177,
        36.2947
      ],
      [
        2.5982,
        36.245
      ],
      [
        2.4897,
        36.187
      ],
      [
        2.3933,
        36.1213
      ],
      [
        2.3101,
        36.0488
      ],
      [
        2.241,
        35.9702
      ],
      [
        2.1868,
        35.8864
      ],
      [
        2.148,
        35.7984
      ],
      [
        2.1251,
        35.7071
      ],
      [
        2.1181,
        35.6135
      ],
      [
        2.1271,
        35.5187
      ],
      [
        2.152,
        35.4237
      ],
      [
        2.1924,
        35.3295
      ],
      [
        2.2478,
        35.2372
      ],
      [
        2.3176,
        35.1478
      ],
      [
        2.4008,
        35.0621
      ],
      [
        2.4967,
        34.9812
      ],
      [
        2.6039,
        34.9059
      ],
      [
        2.7215,
        34.837
      ],
      [
        2.848,
        34.7751
      ],
      [
        2.9821,
        34.7211
      ],
      [
        3.1223,
        34.6754
      ],
      [
        3.2671,
        34.6385
      ],
      [
        3.415,
        34.6108
      ],
      [
        3.5644,
        34.5927
      ],
      [
        3.7137,
        34.5842
      ],
      [
        3.8614,
        34.5856
      ],
      [
        4.0059,
        34.5967
      ],
      [
        4.1456,
        34.6175
      ],
      [
        4.2792,
        34.6478
      ],
      [
        4.4052,
        34.6873
      ],
      [
        4.5222,
        34.7355
      ],
      [
        4.6291,
        34.7919
      ],
      [
        4.7246,
        34.856
      ],
      [
        4.8078,
        34.9271
      ],
      [
        4.8778,
        35.0044
      ],
      [
        4.9337,
        35.087
      ],
      [
        4.9749,
        35.1742
      ],
      [
        5.001,
        35.2649
      ],
      [
        5.0116,
        35.3582
      ],
      [
        5.0065,
        35.4531
      ],
      [
        4.9857,
        35.5485
      ],
      [
        4.9494,
        35.6433
      ]
    ],
    [
      [
        4.9517,
        35.7317
      ],
      [
        4.8857,
        35.8224
      ],
      [
        4.8057,
        35.9094
      ],
      [
        4.7124,
        35.9919
      ],
      [
        4.607,
        36.0688
      ],
      [
        4.4905,
        36.1394
      ],
      [
        4.3642,
        36.2027
      ],
      [
        4.2294,
        36.2582
      ],
      [
        4.0877,
        36.3051
      ],
      [
        3.9406,
        36.3429
      ],
      [
        3.7898,
        36.3712
      ],
      [
        3.6369,
        36.3897
      ],
      [
        3.4838,
        36.3981
      ],
      [
        3.3322,
        36.3965
      ],
      [
        3.1837,
        36.3847
      ],
      [
        3.0402,
        36.3629
      ],
      [
        2.9031,
        36.3315
      ],
      [
        2.7742,
        36.2907
      ],
      [
        2.6548,
        36.241
      ],
      [
        2.5463,
        36.1831
      ],
      [
        2.45,
        36.1175
      ],
      [
        2.3668,
        36.045
      ],
      [
        2.2977,
        35.9664
      ],
      [
        2.2435,
        35.8827
      ],
      [
        2.2046,
        35.7946
      ],
      [
        2.1816,
        35.7033
      ],
      [
        2.1745,
        35.6098
      ],
      [
        2.1835,
        35.515
      ],
      [
        2.2082,
        35.42
      ],
      [
        2.2485,
        35.3258
      ],
      [
        2.3038,
        35.2335
      ],
      [
        2.3733,
        35.144
      ],
      [
        2.4564,
        35.0583
      ],
      [
        2.5521,
        34.9773
      ],
      [
        2.6592,
        34.902
      ],
      [
        2.7765,
        34.833
      ],
      [
        2.9028,
        34.7711
      ],
      [
        3.0367,
        34.717
      ],
      [
        3.1767,
        34.6712
      ],
      [
        3.3214,
        34.6343
      ],
      [
        3.4691,
        34.6065
      ],
      [
        3.6183,
        34.5883
      ],
      [
        3.7675,
        34.5798
      ],
      [
        3.9151,
        34.5811
      ],
      [
        4.0594,
        34.5922
      ],
      [
        4.199,
        34.6129
      ],
      [
        4.3325,
        34.6432
      ],
      [
        4.4584,
        34.6826
      ],
      [
        4.5753,
        34.7307
      ],
      [
        4.6822,
        34.7871
      ],
      [
        4.7777,
        34.8512
      ],
      [
        4.8609,
        34.9222
      ],
      [
        4.9308,
        34.9994
      ],
      [
        4.9868,
        35.0821
      ],
      [
        5.0281,
        35.1692
      ],
      [
        5.0542,
        35.2599
      ],
      [
        5.0649,
        35.3532
      ],
      [
        5.0599,
        35.4481
      ],
      [
        5.0392,
        35.5435
      ],
      [
        5.003,
        35.6384
      ]
    ],
    [
      [
        5.0054,
        35.7267
      ],
      [
        4.9396,
        35.8174
      ],
      [
        4.8597,
        35.9045
      ],
      [
        4.7667,
        35.987
      ],
      [
        4.6614,
        36.064
      ],
      [
        4.5451,
        36.1346
      ],
      [
        4.4189,
        36.198
      ],
      [
        4.2844,
        36.2535
      ],
      [
        4.1428,
        36.3005
      ],
      [
        3.9959,
        36.3383
      ],
      [
        3.8453,
        36.3667
      ],
      [
        3.6926,
        36.3853
      ],
      [
        3.5397,
        36.3938
      ],
      [
        3.3882,
        36.3922
      ],
      [
        3.2399,
        36.3805
      ],
      [
        3.0964,
        36.3588
      ],
      [
        2.9595,
        36.3274
      ],
      [
        2.8307,
        36.2867
      ],
      [
        2.7113,
        36.2371
      ],
      [
        2.6029,
        36.1792
      ],
      [
        2.5066,
        36.1136
      ],
      [
        2.4234,
        36.0411
      ],
      [
        2.3543,
        35.9626
      ],
      [
        2.3001,
        35.8789
      ],
      [
        2.2612,
        35.7909
      ],
      [
        2.238,
        35.6996
      ],
      [
        2.2309,
        35.606
      ],
      [
        2.2397,
        35.5112
      ],
      [
        2.2644,
        35.4162
      ],
      [
        2.3045,
        35.322
      ],
      [
        2.3596,
        35.2297
      ],
      [
        2.429,
        35.1401
      ],
      [
        2.5119,
        35.0544
      ],
      [
        2.6074,
        34.9734
      ],
      [
        2.7143,
        34.898
      ],
      [
        2.8315,
        34.829
      ],
      [
        2.9576,
        34.767
      ],
      [
        3.0913,
        34.7128
      ],
      [
        3.2311,
        34.667
      ],
      [
        3.3756,
        34.63
      ],
      [
        3.5231,
        34.6022
      ],
      [
        3.6722,
        34.5839
      ],
      [
        3.8212,
        34.5753
      ],
      [
        3.9686,
        34.5766
      ],
      [
        4.1128,
        34.5876
      ],
      [
        4.2524,
        34.6083
      ],
      [
        4.3857,
        34.6385
      ],
      [
        4.5115,
        34.6778
      ],
      [
        4.6284,
        34.7259
      ],
      [
        4.7352,
        34.7823
      ],
      [
        4.8307,
        34.8463
      ],
      [
        4.9139,
        34.9172
      ],
      [
        4.9838,
        34.9945
      ],
      [
        5.0398,
        35.0771
      ],
      [
        5.0811,
        35.1642
      ],
      [
        5.1073,
        35.2549
      ],
      [
        5.1181,
        35.3482
      ],
      [
        5.1132,
        35.4431
      ],
      [
        5.0926,
        35.5385
      ],
      [
        5.0566,
        35.6333
      ]
    ],
    [
      [
        5.0591,
        35.7216
      ],
      [
        4.9934,
        35.8124
      ],
      [
        4.9137,
        35.8995
      ],
      [
        4.8208,
        35.9821
      ],
      [
        4.7157,
        36.0591
      ],
      [
        4.5996,
        36.1298
      ],
      [
        4.4736,
        36.1932
      ],
      [
        4.3392,
        36.2488
      ],
      [
        4.1979,
        36.2958
      ],
      [
        4.0512,
        36.3337
      ],
      [
        3.9007,
        36.3622
      ],
      [
        3.7482,
        36.3808
      ],
      [
        3.5954,
        36.3894
      ],
      [
        3.4441,
        36.3878
      ],
      [
        3.2959,
        36.3762
      ],
      [
        3.1526,
        36.3546
      ],
      [
        3.0158,
        36.3233
      ],
      [
        2.887,
        36.2826
      ],
      [
        2.7678,
        36.233
      ],
      [
        2.6594,
        36.1752
      ],
      [
        2.5631,
        36.1097
      ],
      [
        2.4799,
        36.0373
      ],
      [
        2.4108,
        35.9588
      ],
      [
        2.3565,
        35.875
      ],
      [
        2.3176,
        35.7871
      ],
      [
        2.2944,
        35.6958
      ],
      [
        2.2872,
        35.6022
      ],
      [
        2.2959,
        35.5074
      ],
      [
        2.3204,
        35.4124
      ],
      [
        2.3604,
        35.3182
      ],
      [
        2.4154,
        35.2258
      ],
      [
        2.4846,
        35.1363
      ],
      [
        2.5674,
        35.0505
      ],
      [
        2.6626,
        34.9695
      ],
      [
        2.7694,
        34.894
      ],
      [
        2.8863,
        34.8249
      ],
      [
        3.0123,
        34.7629
      ],
      [
        3.1458,
        34.7087
      ],
      [
        3.2854,
        34.6628
      ],
      [
        3.4297,
        34.6257
      ],
      [
        3.5771,
        34.5978
      ],
      [
        3.726,
        34.5795
      ],
      [
        3.8749,
        34.5709
      ],
      [
        4.0221,
        34.572
      ],
      [
        4.1662,
        34.583
      ],
      [
        4.3056,
        34.6036
      ],
      [
        4.4389,
        34.6337
      ],
      [
        4.5646,
        34.673
      ],
      [
        4.6814,
        34.7211
      ],
      [
        4.7881,
        34.7774
      ],
      [
        4.8836,
        34.8413
      ],
      [
        4.9668,
        34.9123
      ],
      [
        5.0368,
        34.9895
      ],
      [
        5.0928,
        35.072
      ],
      [
        5.1341,
        35.1592
      ],
      [
        5.1604,
        35.2498
      ],
      [
        5.1712,
        35.3431
      ],
      [
        5.1664,
        35.438
      ],
      [
        5.146,
        35.5334
      ],
      [
        5.1101,
        35.6283
      ]
    ],
    [
      [
        5.1126,
        35.7166
      ],
      [
        5.0471,
        35.8074
      ],
      [
        4.9675,
        35.8945
      ],
      [
        4.8748,
        35.9771
      ],
      [
        4.77,
        36.0542
      ],
      [
        4.654,
        36.1249
      ],
      [
        4.5282,
        36.1884
      ],
      [
        4.394,
        36.244
      ],
      [
        4.2529,
        36.2911
      ],
      [
        4.1063,
        36.3291
      ],
      [
        3.9561,
        36.3576
      ],
      [
        3.8037,
        36.3763
      ],
      [
        3.6511,
        36.385
      ],
      [
        3.4999,
        36.3835
      ],
      [
        3.3519,
        36.3719
      ],
      [
        3.2087,
        36.3504
      ],
      [
        3.072,
        36.3191
      ],
      [
        2.9433,
        36.2785
      ],
      [
        2.8241,
        36.229
      ],
      [
        2.7158,
        36.1712
      ],
      [
        2.6195,
        36.1057
      ],
      [
        2.5364,
        36.0333
      ],
      [
        2.4673,
        35.9549
      ],
      [
        2.4129,
        35.8712
      ],
      [
        2.374,
        35.7832
      ],
      [
        2.3507,
        35.692
      ],
      [
        2.3434,
        35.5984
      ],
      [
        2.352,
        35.5036
      ],
      [
        2.3764,
        35.4086
      ],
      [
        2.4162,
        35.3143
      ],
      [
        2.471,
        35.2219
      ],
      [
        2.5401,
        35.1324
      ],
      [
        2.6227,
        35.0466
      ],
      [
        2.7178,
        34.9655
      ],
      [
        2.8243,
        34.89
      ],
      [
        2.9411,
        34.8208
      ],
      [
        3.0669,
        34.7588
      ],
      [
        3.2002,
        34.7045
      ],
      [
        3.3397,
        34.6585
      ],
      [
        3.4838,
        34.6214
      ],
      [
        3.631,
        34.5935
      ],
      [
        3.7797,
        34.575
      ],
      [
        3.9284,
        34.5663
      ],
      [
        4.0755,
        34.5674
      ],
      [
        4.2195,
        34.5783
      ],
      [
        4.3588,
        34.5989
      ],
      [
        4.4919,
        34.629
      ],
      [
        4.6176,
        34.6682
      ],
      [
        4.7343,
        34.7162
      ],
      [
        4.841,
        34.7725
      ],
      [
        4.9365,
        34.8364
      ],
      [
        5.0196,
        34.9073
      ],
      [
        5.0896,
        34.9844
      ],
      [
        5.1456,
        35.067
      ],
      [
        5.1871,
        35.1541
      ],
      [
        5.2134,
        35.2448
      ],
      [
        5.2243,
        35.338
      ],
      [
        5.2196,
        35.4329
      ],
      [
        5.1993,
        35.5283
      ],
      [
        5.1635,
        35.6232
      ]
    ],
    [
      [
        5.1661,
        35.7115
      ],
      [
        5.1007,
        35.8023
      ],
      [
        5.0213,
        35.8895
      ],
      [
        4.9288,
        35.9721
      ],
      [
        4.8241,
        36.0493
      ],
      [
        4.7084,
        36.12
      ],
      [
        4.5828,
        36.1836
      ],
      [
        4.4488,
        36.2392
      ],
      [
        4.3078,
        36.2864
      ],
      [
        4.1614,
        36.3245
      ],
      [
        4.0113,
        36.353
      ],
      [
        3.8592,
        36.3718
      ],
      [
        3.7067,
        36.3805
      ],
      [
        3.5557,
        36.3791
      ],
      [
        3.4078,
        36.3676
      ],
      [
        3.2647,
        36.3461
      ],
      [
        3.1281,
        36.3149
      ],
      [
        2.9995,
        36.2743
      ],
      [
        2.8804,
        36.2249
      ],
      [
        2.7721,
        36.1671
      ],
      [
        2.6759,
        36.1017
      ],
      [
        2.5928,
        36.0294
      ],
      [
        2.5236,
        35.9509
      ],
      [
        2.4693,
        35.8673
      ],
      [
        2.4302,
        35.7793
      ],
      [
        2.4069,
        35.6881
      ],
      [
        2.3995,
        35.5946
      ],
      [
        2.408,
        35.4997
      ],
      [
        2.4322,
        35.4047
      ],
      [
        2.472,
        35.3104
      ],
      [
        2.5266,
        35.218
      ],
      [
        2.5956,
        35.1284
      ],
      [
        2.678,
        35.0426
      ],
      [
        2.7729,
        34.9615
      ],
      [
        2.8792,
        34.8859
      ],
      [
        2.9958,
        34.8167
      ],
      [
        3.1214,
        34.7546
      ],
      [
        3.2545,
        34.7003
      ],
      [
        3.3938,
        34.6542
      ],
      [
        3.5377,
        34.617
      ],
      [
        3.6848,
        34.589
      ],
      [
        3.8333,
        34.5706
      ],
      [
        3.9819,
        34.5618
      ],
      [
        4.1289,
        34.5628
      ],
      [
        4.2727,
        34.5736
      ],
      [
        4.4119,
        34.5942
      ],
      [
        4.5449,
        34.6242
      ],
      [
        4.6705,
        34.6634
      ],
      [
        4.7872,
        34.7113
      ],
      [
        4.8938,
        34.7675
      ],
      [
        4.9892,
        34.8314
      ],
      [
        5.0724,
        34.9023
      ],
      [
        5.1424,
        34.9794
      ],
      [
        5.1984,
        35.0619
      ],
      [
        5.2399,
        35.149
      ],
      [
        5.2663,
        35.2396
      ],
      [
        5.2773,
        35.3329
      ],
      [
        5.2727,
        35.4278
      ],
      [
        5.2525,
        35.5232
      ],
      [
        5.2169,
        35.6181
      ]
    ],
    [
      [
        5.2195,
        35.7064
      ],
      [
        5.1543,
        35.7972
      ],
      [
        5.0751,
        35.8845
      ],
      [
        4.9827,
        35.9671
      ],
      [
        4.8782,
        36.0443
      ],
      [
        4.7626,
        36.1151
      ],
      [
        4.6372,
        36.1787
      ],
      [
        4.5034,
        36.2344
      ],
      [
        4.3626,
        36.2816
      ],
      [
        4.2164,
        36.3198
      ],
      [
        4.0665,
        36.3484
      ],
      [
        3.9145,
        36.3672
      ],
      [
        3.7622,
        36.376
      ],
      [
        3.6113,
        36.3747
      ],
      [
        3.4636,
        36.3632
      ],
      [
        3.3206,
        36.3418
      ],
      [
        3.1841,
        36.3107
      ],
      [
        3.0556,
        36.2702
      ],
      [
        2.9366,
        36.2208
      ],
      [
        2.8284,
        36.1631
      ],
      [
        2.7322,
        36.0977
      ],
      [
        2.649,
        36.0254
      ],
      [
        2.5799,
        35.947
      ],
      [
        2.5255,
        35.8634
      ],
      [
        2.4864,
        35.7754
      ],
      [
        2.463,
        35.6842
      ],
      [
        2.4555,
        35.5907
      ],
      [
        2.4639,
        35.4958
      ],
      [
        2.488,
        35.4008
      ],
      [
        2.5276,
        35.3065
      ],
      [
        2.5821,
        35.2141
      ],
      [
        2.6509,
        35.1244
      ],
      [
        2.7331,
        35.0386
      ],
      [
        2.8279,
        34.9574
      ],
      [
        2.934,
        34.8818
      ],
      [
        3.0504,
        34.8126
      ],
      [
        3.1758,
        34.7504
      ],
      [
        3.3088,
        34.696
      ],
      [
        3.4479,
        34.6499
      ],
      [
        3.5916,
        34.6126
      ],
      [
        3.7385,
        34.5846
      ],
      [
        3.8869,
        34.566
      ],
      [
        4.0353,
        34.5572
      ],
      [
        4.1821,
        34.5582
      ],
      [
        4.3258,
        34.5689
      ],
      [
        4.4649,
        34.5894
      ],
      [
        4.5978,
        34.6194
      ],
      [
        4.7233,
        34.6585
      ],
      [
        4.84,
        34.7064
      ],
      [
        4.9466,
        34.7625
      ],
      [
        5.0419,
        34.8264
      ],
      [
        5.1251,
        34.8972
      ],
      [
        5.1951,
        34.9743
      ],
      [
        5.2512,
        35.0568
      ],
      [
        5.2927,
        35.1438
      ],
      [
        5.3192,
        35.2345
      ],
      [
        5.3302,
        35.3278
      ],
      [
        5.3257,
        35.4226
      ],
      [
        5.3057,
        35.5181
      ],
      [
        5.2701,
        35.613
      ]
    ],
    [
      [
        5.2729,
        35.7013
      ],
      [
        5.2078,
        35.7921
      ],
      [
        5.1287,
        35.8794
      ],
      [
        5.0366,
        35.9621
      ],
      [
        4.9322,
        36.0393
      ],
      [
        4.8168,
        36.1101
      ],
      [
        4.6916,
        36.1738
      ],
      [
        4.558,
        36.2296
      ],
      [
        4.4174,
        36.2768
      ],
      [
        4.2714,
        36.315
      ],
      [
        4.1216,
        36.3437
      ],
      [
        3.9698,
        36.3626
      ],
      [
        3.8177,
        36.3715
      ],
      [
        3.6669,
        36.3702
      ],
      [
        3.5193,
        36.3588
      ],
      [
        3.3765,
        36.3375
      ],
      [
        3.2401,
        36.3064
      ],
      [
        3.1117,
        36.2659
      ],
      [
        2.9927,
        36.2166
      ],
      [
        2.8845,
        36.159
      ],
      [
        2.7883,
        36.0936
      ],
      [
        2.7052,
        36.0214
      ],
      [
        2.6361,
        35.943
      ],
      [
        2.5817,
        35.8594
      ],
      [
        2.5425,
        35.7715
      ],
      [
        2.519,
        35.6803
      ],
      [
        2.5114,
        35.5867
      ],
      [
        2.5197,
        35.4919
      ],
      [
        2.5438,
        35.3968
      ],
      [
        2.5832,
        35.3026
      ],
      [
        2.6376,
        35.2101
      ],
      [
        2.7062,
        35.1204
      ],
      [
        2.7882,
        35.0345
      ],
      [
        2.8828,
        34.9533
      ],
      [
        2.9888,
        34.8777
      ],
      [
        3.105,
        34.8084
      ],
      [
        3.2302,
        34.7462
      ],
      [
        3.3629,
        34.6917
      ],
      [
        3.5019,
        34.6456
      ],
      [
        3.6454,
        34.6082
      ],
      [
        3.7921,
        34.5801
      ],
      [
        3.9404,
        34.5615
      ],
      [
        4.0886,
        34.5526
      ],
      [
        4.2353,
        34.5535
      ],
      [
        4.3789,
        34.5642
      ],
      [
        4.5178,
        34.5846
      ],
      [
        4.6507,
        34.6145
      ],
      [
        4.7761,
        34.6536
      ],
      [
        4.8927,
        34.7014
      ],
      [
        4.9992,
        34.7575
      ],
      [
        5.0946,
        34.8213
      ],
      [
        5.1777,
        34.8921
      ],
      [
        5.2477,
        34.9692
      ],
      [
        5.3038,
        35.0517
      ],
      [
        5.3454,
        35.1387
      ],
      [
        5.3719,
        35.2293
      ],
      [
        5.3831,
        35.3226
      ],
      [
        5.3787,
        35.4174
      ],
      [
        5.3587,
        35.5129
      ],
      [
        5.3233,
        35.6078
      ]
    ],
    [
      [
        5.3261,
        35.6961
      ],
      [
        5.2612,
        35.7869
      ],
      [
        5.1823,
        35.8742
      ],
      [
        5.0903,
        35.957
      ],
      [
        4.9861,
        36.0342
      ],
      [
        4.8709,
        36.1051
      ],
      [
        4.7459,
        36.1688
      ],
      [
        4.6124,
        36.2247
      ],
      [
        4.472,
        36.272
      ],
      [
        4.3262,
        36.3103
      ],
      [
        4.1767,
        36.339
      ],
      [
        4.025,
        36.358
      ],
      [
        3.873,
        36.3669
      ],
      [
        3.7224,
        36.3657
      ],
      [
        3.5749,
        36.3544
      ],
      [
        3.4322,
        36.3331
      ],
      [
        3.2959,
        36.3021
      ],
      [
        3.1676,
        36.2617
      ],
      [
        3.0487,
        36.2124
      ],
      [
        2.9406,
        36.1548
      ],
      [
        2.8444,
        36.0895
      ],
      [
        2.7613,
        36.0173
      ],
      [
        2.6922,
        35.939
      ],
      [
        2.6377,
        35.8554
      ],
      [
        2.5985,
        35.7675
      ],
      [
        2.575,
        35.6763
      ],
      [
        2.5673,
        35.5828
      ],
      [
        2.5755,
        35.4879
      ],
      [
        2.5994,
        35.3929
      ],
      [
        2.6387,
        35.2986
      ],
      [
        2.6929,
        35.2061
      ],
      [
        2.7614,
        35.1164
      ],
      [
        2.8432,
        35.0305
      ],
      [
        2.9376,
        34.9492
      ],
      [
        3.0434,
        34.8735
      ],
      [
        3.1595,
        34.8042
      ],
      [
        3.2845,
        34.7419
      ],
      [
        3.417,
        34.6874
      ],
      [
        3.5558,
        34.6412
      ],
      [
        3.6992,
        34.6038
      ],
      [
        3.8457,
        34.5756
      ],
      [
        3.9938,
        34.5569
      ],
      [
        4.1419,
        34.5479
      ],
      [
        4.2884,
        34.5488
      ],
      [
        4.4318,
        34.5594
      ],
      [
        4.5707,
        34.5798
      ],
      [
        4.7035,
        34.6096
      ],
      [
        4.8288,
        34.6486
      ],
      [
        4.9453,
        34.6964
      ],
      [
        5.0518,
        34.7525
      ],
      [
        5.1471,
        34.8162
      ],
      [
        5.2303,
        34.887
      ],
      [
        5.3003,
        34.964
      ],
      [
        5.3564,
        35.0465
      ],
      [
        5.398,
        35.1335
      ],
      [
        5.4246,
        35.2241
      ],
      [
        5.4359,
        35.3174
      ],
      [
        5.4316,
        35.4122
      ],
      [
        5.4117,
        35.5077
      ],
      [
        5.3765,
        35.6026
      ]
    ],
    [
      [
        5.3793,
        35.6909
      ],
      [
        5.3145,
        35.7818
      ],
      [
        5.2358,
        35.8691
      ],
      [
        5.144,
        35.9519
      ],
      [
        5.04,
        36.0292
      ],
      [
        4.925,
        36.1001
      ],
      [
        4.8001,
        36.1639
      ],
      [
        4.6669,
        36.2198
      ],
      [
        4.5266,
        36.2671
      ],
      [
        4.381,
        36.3055
      ],
      [
        4.2316,
        36.3343
      ],
      [
        4.0801,
        36.3533
      ],
      [
        3.9283,
        36.3623
      ],
      [
        3.7779,
        36.3612
      ],
      [
        3.6305,
        36.3499
      ],
      [
        3.4879,
        36.3287
      ],
      [
        3.3517,
        36.2977
      ],
      [
        3.2235,
        36.2574
      ],
      [
        3.1047,
        36.2082
      ],
      [
        2.9966,
        36.1506
      ],
      [
        2.9005,
        36.0854
      ],
      [
        2.8174,
        36.0132
      ],
      [
        2.7482,
        35.9349
      ],
      [
        2.6937,
        35.8513
      ],
      [
        2.6545,
        35.7635
      ],
      [
        2.6308,
        35.6723
      ],
      [
        2.6231,
        35.5788
      ],
      [
        2.6311,
        35.4839
      ],
      [
        2.6549,
        35.3889
      ],
      [
        2.6941,
        35.2945
      ],
      [
        2.7482,
        35.202
      ],
      [
        2.8165,
        35.1123
      ],
      [
        2.8982,
        35.0263
      ],
      [
        2.9924,
        34.9451
      ],
      [
        3.098,
        34.8693
      ],
      [
        3.2139,
        34.7999
      ],
      [
        3.3387,
        34.7376
      ],
      [
        3.4711,
        34.683
      ],
      [
        3.6096,
        34.6367
      ],
      [
        3.7528,
        34.5993
      ],
      [
        3.8992,
        34.571
      ],
      [
        4.0471,
        34.5523
      ],
      [
        4.195,
        34.5433
      ],
      [
        4.3414,
        34.544
      ],
      [
        4.4848,
        34.5546
      ],
      [
        4.6235,
        34.5749
      ],
      [
        4.7562,
        34.6047
      ],
      [
        4.8814,
        34.6436
      ],
      [
        4.9978,
        34.6914
      ],
      [
        5.1043,
        34.7474
      ],
      [
        5.1996,
        34.8111
      ],
      [
        5.2827,
        34.8818
      ],
      [
        5.3528,
        34.9588
      ],
      [
        5.4089,
        35.0413
      ],
      [
        5.4506,
        35.1283
      ],
      [
        5.4773,
        35.2189
      ],
      [
        5.4886,
        35.3121
      ],
      [
        5.4844,
        35.407
      ],
      [
        5.4646,
        35.5024
      ],
      [
        5.4295,
        35.5974
      ]
    ],
    [
      [
        5.4324,
        35.6856
      ],
      [
        5.3678,
        35.7765
      ],
      [
        5.2892,
        35.8639
      ],
      [
        5.1976,
        35.9467
      ],
      [
        5.0938,
        36.0241
      ],
      [
        4.9789,
        36.095
      ],
      [
        4.8543,
        36.1589
      ],
      [
        4.7212,
        36.2148
      ],
      [
        4.5811,
        36.2623
      ],
      [
        4.4357,
        36.3006
      ],
      [
        4.2865,
        36.3295
      ],
      [
        4.1352,
        36.3486
      ],
      [
        3.9835,
        36.3577
      ],
      [
        3.8332,
        36.3566
      ],
      [
        3.686,
        36.3454
      ],
      [
        3.5435,
        36.3243
      ],
      [
        3.4074,
        36.2934
      ],
      [
        3.2793,
        36.2531
      ],
      [
        3.1605,
        36.2039
      ],
      [
        3.0525,
        36.1464
      ],
      [
        2.9564,
        36.0812
      ],
      [
        2.8733,
        36.0091
      ],
      [
        2.8041,
        35.9308
      ],
      [
        2.7496,
        35.8473
      ],
      [
        2.7103,
        35.7594
      ],
      [
        2.6866,
        35.6682
      ],
      [
        2.6788,
        35.5747
      ],
      [
        2.6867,
        35.4799
      ],
      [
        2.7104,
        35.3848
      ],
      [
        2.7494,
        35.2905
      ],
      [
        2.8033,
        35.1979
      ],
      [
        2.8715,
        35.1082
      ],
      [
        2.953,
        35.0222
      ],
      [
        3.0471,
        34.9409
      ],
      [
        3.1525,
        34.8651
      ],
      [
        3.2682,
        34.7956
      ],
      [
        3.3928,
        34.7332
      ],
      [
        3.525,
        34.6786
      ],
      [
        3.6634,
        34.6323
      ],
      [
        3.8064,
        34.5948
      ],
      [
        3.9526,
        34.5665
      ],
      [
        4.1003,
        34.5477
      ],
      [
        4.2481,
        34.5386
      ],
      [
        4.3944,
        34.5393
      ],
      [
        4.5376,
        34.5498
      ],
      [
        4.6762,
        34.57
      ],
      [
        4.8088,
        34.5997
      ],
      [
        4.9339,
        34.6386
      ],
      [
        5.0503,
        34.6863
      ],
      [
        5.1567,
        34.7423
      ],
      [
        5.252,
        34.806
      ],
      [
        5.3351,
        34.8767
      ],
      [
        5.4052,
        34.9536
      ],
      [
        5.4614,
        35.036
      ],
      [
        5.5031,
        35.123
      ],
      [
        5.5298,
        35.2136
      ],
      [
        5.5412,
        35.3068
      ],
      [
        5.5371,
        35.4017
      ],
      [
        5.5175,
        35.4972
      ],
      [
        5.4825,
        35.5921
      ]
    ],
    [
      [
        5.4855,
        35.6804
      ],
      [
        5.421,
        35.7713
      ],
      [
        5.3426,
        35.8587
      ],
      [
        5.2511,
        35.9415
      ],
      [
        5.1475,
        36.0189
      ],
      [
        5.0328,
        36.0899
      ],
      [
        4.9083,
        36.1538
      ],
      [
        4.7754,
        36.2098
      ],
      [
        4.6356,
        36.2573
      ],
      [
        4.4903,
        36.2958
      ],
      [
        4.3413,
        36.3247
      ],
      [
        4.1901,
        36.3439
      ],
      [
        4.0386,
        36.353
      ],
      [
        3.8885,
        36.352
      ],
      [
        3.7414,
        36.3409
      ],
      [
        3.599,
        36.3198
      ],
      [
        3.4631,
        36.289
      ],
      [
        3.335,
        36.2487
      ],
      [
        3.2163,
        36.1996
      ],
      [
        3.1083,
        36.1422
      ],
      [
        3.0122,
        36.077
      ],
      [
        2.9292,
        36.0049
      ],
      [
        2.86,
        35.9267
      ],
      [
        2.8054,
        35.8432
      ],
      [
        2.7661,
        35.7553
      ],
      [
        2.7423,
        35.6642
      ],
      [
        2.7344,
        35.5707
      ],
      [
        2.7422,
        35.4758
      ],
      [
        2.7658,
        35.3807
      ],
      [
        2.8047,
        35.2864
      ],
      [
        2.8584,
        35.1938
      ],
      [
        2.9264,
        35.1041
      ],
      [
        3.0078,
        35.018
      ],
      [
        3.1017,
        34.9366
      ],
      [
        3.2069,
        34.8608
      ],
      [
        3.3224,
        34.7913
      ],
      [
        3.4468,
        34.7289
      ],
      [
        3.5789,
        34.6742
      ],
      [
        3.717,
        34.6278
      ],
      [
        3.8599,
        34.5902
      ],
      [
        4.0059,
        34.5618
      ],
      [
        4.1535,
        34.543
      ],
      [
        4.3012,
        34.5338
      ],
      [
        4.4473,
        34.5345
      ],
      [
        4.5903,
        34.5449
      ],
      [
        4.7288,
        34.5651
      ],
      [
        4.8613,
        34.5947
      ],
      [
        4.9864,
        34.6336
      ],
      [
        5.1027,
        34.6812
      ],
      [
        5.2091,
        34.7372
      ],
      [
        5.3043,
        34.8008
      ],
      [
        5.3875,
        34.8714
      ],
      [
        5.4575,
        34.9484
      ],
      [
        5.5137,
        35.0308
      ],
      [
        5.5555,
        35.1177
      ],
      [
        5.5823,
        35.2083
      ],
      [
        5.5938,
        35.3015
      ],
      [
        5.5898,
        35.3964
      ],
      [
        5.5703,
        35.4919
      ],
      [
        5.5354,
        35.5869
      ]
    ],
    [
      [
        5.5384,
        35.6751
      ],
      [
        5.4741,
        35.766
      ],
      [
        5.3959,
        35.8534
      ],
      [
        5.3046,
        35.9363
      ],
      [
        5.2011,
        36.0137
      ],
      [
        5.0866,
        36.0848
      ],
      [
        4.9623,
        36.1488
      ],
      [
        4.8296,
        36.2048
      ],
      [
        4.6899,
        36.2524
      ],
      [
        4.5449,
        36.2909
      ],
      [
        4.396,
        36.3199
      ],
      [
        4.245,
        36.3391
      ],
      [
        4.0937,
        36.3483
      ],
      [
        3.9437,
        36.3474
      ],
      [
        3.7967,
        36.3363
      ],
      [
        3.6545,
        36.3153
      ],
      [
        3.5186,
        36.2845
      ],
      [
        3.3906,
        36.2444
      ],
      [
        3.272,
        36.1953
      ],
      [
        3.1641,
        36.1379
      ],
      [
        3.068,
        36.0728
      ],
      [
        2.9849,
        36.0007
      ],
      [
        2.9157,
        35.9225
      ],
      [
        2.8612,
        35.839
      ],
      [
        2.8218,
        35.7512
      ],
      [
        2.7979,
        35.6601
      ],
      [
        2.7899,
        35.5666
      ],
      [
        2.7977,
        35.4717
      ],
      [
        2.8211,
        35.3766
      ],
      [
        2.8599,
        35.2823
      ],
      [
        2.9135,
        35.1897
      ],
      [
        2.9813,
        35.0999
      ],
      [
        3.0625,
        35.0138
      ],
      [
        3.1562,
        34.9324
      ],
      [
        3.2612,
        34.8565
      ],
      [
        3.3765,
        34.7869
      ],
      [
        3.5008,
        34.7245
      ],
      [
        3.6326,
        34.6697
      ],
      [
        3.7707,
        34.6233
      ],
      [
        3.9133,
        34.5856
      ],
      [
        4.0592,
        34.5572
      ],
      [
        4.2066,
        34.5383
      ],
      [
        4.3541,
        34.529
      ],
      [
        4.5001,
        34.5296
      ],
      [
        4.643,
        34.54
      ],
      [
        4.7814,
        34.5601
      ],
      [
        4.9138,
        34.5897
      ],
      [
        5.0388,
        34.6285
      ],
      [
        5.1551,
        34.6761
      ],
      [
        5.2614,
        34.732
      ],
      [
        5.3566,
        34.7956
      ],
      [
        5.4397,
        34.8662
      ],
      [
        5.5098,
        34.9431
      ],
      [
        5.566,
        35.0255
      ],
      [
        5.6078,
        35.1124
      ],
      [
        5.6347,
        35.203
      ],
      [
        5.6463,
        35.2962
      ],
      [
        5.6424,
        35.3911
      ],
      [
        5.623,
        35.4865
      ],
      [
        5.5882,
        35.5815
      ]
    ],
    [
      [
        5.5913,
        35.6697
      ],
      [
        5.5272,
        35.7607
      ],
      [
        5.4491,
        35.8482
      ],
      [
        5.3579,
        35.9311
      ],
      [
        5.2547,
        36.0085
      ],
      [
        5.1404,
        36.0797
      ],
      [
        5.0163,
        36.1437
      ],
      [
        4.8837,
        36.1998
      ],
      [
        4.7442,
        36.2474
      ],
      [
        4.5993,
        36.286
      ],
      [
        4.4506,
        36.3151
      ],
      [
        4.2998,
        36.3343
      ],
      [
        4.1486,
        36.3436
      ],
      [
        3.9988,
        36.3427
      ],
      [
        3.8519,
        36.3317
      ],
      [
        3.7098,
        36.3107
      ],
      [
        3.5741,
        36.28
      ],
      [
        3.4462,
        36.2399
      ],
      [
        3.3276,
        36.1909
      ],
      [
        3.2197,
        36.1336
      ],
      [
        3.1237,
        36.0685
      ],
      [
        3.0406,
        35.9965
      ],
      [
        2.9714,
        35.9183
      ],
      [
        2.9168,
        35.8349
      ],
      [
        2.8774,
        35.7471
      ],
      [
        2.8535,
        35.6559
      ],
      [
        2.8453,
        35.5624
      ],
      [
        2.853,
        35.4676
      ],
      [
        2.8763,
        35.3725
      ],
      [
        2.9149,
        35.2781
      ],
      [
        2.9684,
        35.1855
      ],
      [
        3.0361,
        35.0957
      ],
      [
        3.1171,
        35.0095
      ],
      [
        3.2106,
        34.9281
      ],
      [
        3.3155,
        34.8522
      ],
      [
        3.4306,
        34.7826
      ],
      [
        3.5547,
        34.72
      ],
      [
        3.6864,
        34.6652
      ],
      [
        3.8242,
        34.6187
      ],
      [
        3.9667,
        34.581
      ],
      [
        4.1124,
        34.5525
      ],
      [
        4.2596,
        34.5335
      ],
      [
        4.407,
        34.5242
      ],
      [
        4.5528,
        34.5248
      ],
      [
        4.6956,
        34.5351
      ],
      [
        4.8339,
        34.5551
      ],
      [
        4.9662,
        34.5847
      ],
      [
        5.0911,
        34.6234
      ],
      [
        5.2073,
        34.671
      ],
      [
        5.3136,
        34.7268
      ],
      [
        5.4088,
        34.7904
      ],
      [
        5.4919,
        34.8609
      ],
      [
        5.562,
        34.9378
      ],
      [
        5.6183,
        35.0201
      ],
      [
        5.6601,
        35.107
      ],
      [
        5.687,
        35.1976
      ],
      [
        5.6987,
        35.2908
      ],
      [
        5.6949,
        35.3857
      ],
      [
        5.6756,
        35.4812
      ],
      [
        5.641,
        35.5762
      ]
    ],
    [
      [
        5.6442,
        35.6644
      ],
      [
        5.5801,
        35.7554
      ],
      [
        5.5022,
        35.8429
      ],
      [
        5.4112,
        35.9258
      ],
      [
        5.3081,
        36.0033
      ],
      [
        5.194,
        36.0745
      ],
      [
        5.0701,
        36.1385
      ],
      [
        4.9378,
        36.1947
      ],
      [
        4.7984,
        36.2424
      ],
      [
        4.6537,
        36.281
      ],
      [
        4.5052,
        36.3102
      ],
      [
        4.3546,
        36.3295
      ],
      [
        4.2035,
        36.3388
      ],
      [
        4.0538,
        36.338
      ],
      [
        3.9071,
        36.3271
      ],
      [
        3.7651,
        36.3062
      ],
      [
        3.6294,
        36.2755
      ],
      [
        3.5016,
        36.2355
      ],
      [
        3.3831,
        36.1865
      ],
      [
        3.2753,
        36.1292
      ],
      [
        3.1793,
        36.0642
      ],
      [
        3.0963,
        35.9922
      ],
      [
        3.027,
        35.9141
      ],
      [
        2.9724,
        35.8306
      ],
      [
        2.9329,
        35.7429
      ],
      [
        2.9089,
        35.6517
      ],
      [
        2.9007,
        35.5582
      ],
      [
        2.9083,
        35.4634
      ],
      [
        2.9314,
        35.3683
      ],
      [
        2.9699,
        35.2739
      ],
      [
        3.0233,
        35.1813
      ],
      [
        3.0908,
        35.0914
      ],
      [
        3.1716,
        35.0053
      ],
      [
        3.265,
        34.9238
      ],
      [
        3.3697,
        34.8478
      ],
      [
        3.4846,
        34.7781
      ],
      [
        3.6085,
        34.7155
      ],
      [
        3.74,
        34.6607
      ],
      [
        3.8776,
        34.6141
      ],
      [
        4.02,
        34.5764
      ],
      [
        4.1655,
        34.5478
      ],
      [
        4.3126,
        34.5287
      ],
      [
        4.4598,
        34.5194
      ],
      [
        4.6055,
        34.5199
      ],
      [
        4.7482,
        34.5301
      ],
      [
        4.8863,
        34.5501
      ],
      [
        5.0185,
        34.5796
      ],
      [
        5.1434,
        34.6183
      ],
      [
        5.2595,
        34.6658
      ],
      [
        5.3657,
        34.7216
      ],
      [
        5.4609,
        34.7851
      ],
      [
        5.544,
        34.8556
      ],
      [
        5.6141,
        34.9325
      ],
      [
        5.6704,
        35.0148
      ],
      [
        5.7123,
        35.1017
      ],
      [
        5.7393,
        35.1922
      ],
      [
        5.751,
        35.2854
      ],
      [
        5.7473,
        35.3803
      ],
      [
        5.7281,
        35.4758
      ],
      [
        5.6936,
        35.5708
      ]
    ],
    [
      [
        5.6969,
        35.659
      ],
      [
        5.633,
        35.75
      ],
      [
        5.5553,
        35.8375
      ],
      [
        5.4645,
        35.9205
      ],
      [
        5.3615,
        35.9981
      ],
      [
        5.2476,
        36.0693
      ],
      [
        5.1239,
        36.1334
      ],
      [
        4.9917,
        36.1896
      ],
      [
        4.8526,
        36.2373
      ],
      [
        4.708,
        36.276
      ],
      [
        4.5597,
        36.3052
      ],
      [
        4.4092,
        36.3246
      ],
      [
        4.2583,
        36.334
      ],
      [
        4.1088,
        36.3333
      ],
      [
        3.9622,
        36.3224
      ],
      [
        3.8203,
        36.3016
      ],
      [
        3.6847,
        36.271
      ],
      [
        3.557,
        36.231
      ],
      [
        3.4386,
        36.1821
      ],
      [
        3.3308,
        36.1248
      ],
      [
        3.2348,
        36.0599
      ],
      [
        3.1518,
        35.9879
      ],
      [
        3.0826,
        35.9098
      ],
      [
        3.0279,
        35.8264
      ],
      [
        2.9883,
        35.7387
      ],
      [
        2.9643,
        35.6475
      ],
      [
        2.956,
        35.554
      ],
      [
        2.9634,
        35.4592
      ],
      [
        2.9865,
        35.3641
      ],
      [
        3.0249,
        35.2697
      ],
      [
        3.078,
        35.177
      ],
      [
        3.1454,
        35.0871
      ],
      [
        3.2261,
        35.0009
      ],
      [
        3.3192,
        34.9194
      ],
      [
        3.4238,
        34.8434
      ],
      [
        3.5385,
        34.7737
      ],
      [
        3.6622,
        34.711
      ],
      [
        3.7935,
        34.6561
      ],
      [
        3.931,
        34.6095
      ],
      [
        4.0732,
        34.5717
      ],
      [
        4.2185,
        34.5431
      ],
      [
        4.3655,
        34.5239
      ],
      [
        4.5125,
        34.5145
      ],
      [
        4.6581,
        34.5149
      ],
      [
        4.8006,
        34.5251
      ],
      [
        4.9387,
        34.5451
      ],
      [
        5.0708,
        34.5745
      ],
      [
        5.1955,
        34.6131
      ],
      [
        5.3116,
        34.6606
      ],
      [
        5.4178,
        34.7163
      ],
      [
        5.513,
        34.7798
      ],
      [
        5.596,
        34.8503
      ],
      [
        5.6661,
        34.9271
      ],
      [
        5.7225,
        35.0094
      ],
      [
        5.7644,
        35.0963
      ],
      [
        5.7915,
        35.1868
      ],
      [
        5.8033,
        35.28
      ],
      [
        5.7997,
        35.3749
      ],
      [
        5.7806,
        35.4703
      ],
      [
        5.7463,
        35.5654
      ]
    ],
    [
      [
        5.7496,
        35.6535
      ],
      [
        5.6859,
        35.7446
      ],
      [
        5.6083,
        35.8321
      ],
      [
        5.5176,
        35.9152
      ],
      [
        5.4149,
        35.9928
      ],
      [
        5.3011,
        36.064
      ],
      [
        5.1776,
        36.1282
      ],
      [
        5.0456,
        36.1844
      ],
      [
        4.9066,
        36.2322
      ],
      [
        4.7623,
        36.271
      ],
      [
        4.6141,
        36.3003
      ],
      [
        4.4638,
        36.3197
      ],
      [
        4.3131,
        36.3292
      ],
      [
        4.1636,
        36.3285
      ],
      [
        4.0172,
        36.3177
      ],
      [
        3.8754,
        36.2969
      ],
      [
        3.74,
        36.2664
      ],
      [
        3.6123,
        36.2265
      ],
      [
        3.494,
        36.1776
      ],
      [
        3.3862,
        36.1204
      ],
      [
        3.2903,
        36.0555
      ],
      [
        3.2072,
        35.9836
      ],
      [
        3.138,
        35.9055
      ],
      [
        3.0833,
        35.8221
      ],
      [
        3.0437,
        35.7344
      ],
      [
        3.0196,
        35.6433
      ],
      [
        3.0112,
        35.5498
      ],
      [
        3.0185,
        35.455
      ],
      [
        3.0415,
        35.3598
      ],
      [
        3.0797,
        35.2654
      ],
      [
        3.1327,
        35.1727
      ],
      [
        3.1999,
        35.0828
      ],
      [
        3.2805,
        34.9966
      ],
      [
        3.3734,
        34.915
      ],
      [
        3.4778,
        34.839
      ],
      [
        3.5924,
        34.7692
      ],
      [
        3.7159,
        34.7065
      ],
      [
        3.847,
        34.6515
      ],
      [
        3.9843,
        34.6049
      ],
      [
        4.1263,
        34.567
      ],
      [
        4.2715,
        34.5383
      ],
      [
        4.4183,
        34.5191
      ],
      [
        4.5652,
        34.5096
      ],
      [
        4.7106,
        34.51
      ],
      [
        4.853,
        34.5201
      ],
      [
        4.991,
        34.54
      ],
      [
        5.123,
        34.5694
      ],
      [
        5.2477,
        34.6079
      ],
      [
        5.3637,
        34.6553
      ],
      [
        5.4698,
        34.711
      ],
      [
        5.5649,
        34.7745
      ],
      [
        5.648,
        34.8449
      ],
      [
        5.7181,
        34.9217
      ],
      [
        5.7745,
        35.004
      ],
      [
        5.8165,
        35.0908
      ],
      [
        5.8436,
        35.1813
      ],
      [
        5.8555,
        35.2745
      ],
      [
        5.852,
        35.3694
      ],
      [
        5.833,
        35.4649
      ],
      [
        5.7988,
        35.5599
      ]
    ],
    [
      [
        5.8022,
        35.6481
      ],
      [
        5.7386,
        35.7392
      ],
      [
        5.6612,
        35.8267
      ],
      [
        5.5707,
        35.9098
      ],
      [
        5.4681,
        35.9874
      ],
      [
        5.3545,
        36.0587
      ],
      [
        5.2312,
        36.1229
      ],
      [
        5.0994,
        36.1793
      ],
      [
        4.9606,
        36.2271
      ],
      [
        4.8164,
        36.2659
      ],
      [
        4.6684,
        36.2953
      ],
      [
        4.5183,
        36.3148
      ],
      [
        4.3677,
        36.3243
      ],
      [
        4.2184,
        36.3237
      ],
      [
        4.0721,
        36.313
      ],
      [
        3.9305,
        36.2923
      ],
      [
        3.7951,
        36.2618
      ],
      [
        3.6675,
        36.2219
      ],
      [
        3.5492,
        36.1731
      ],
      [
        3.4415,
        36.116
      ],
      [
        3.3457,
        36.0511
      ],
      [
        3.2626,
        35.9792
      ],
      [
        3.1934,
        35.9012
      ],
      [
        3.1386,
        35.8178
      ],
      [
        3.099,
        35.7301
      ],
      [
        3.0748,
        35.639
      ],
      [
        3.0663,
        35.5455
      ],
      [
        3.0736,
        35.4507
      ],
      [
        3.0964,
        35.3555
      ],
      [
        3.1345,
        35.2611
      ],
      [
        3.1874,
        35.1684
      ],
      [
        3.2544,
        35.0785
      ],
      [
        3.3348,
        34.9922
      ],
      [
        3.4276,
        34.9106
      ],
      [
        3.5318,
        34.8345
      ],
      [
        3.6461,
        34.7647
      ],
      [
        3.7695,
        34.7019
      ],
      [
        3.9004,
        34.6469
      ],
      [
        4.0375,
        34.6002
      ],
      [
        4.1793,
        34.5622
      ],
      [
        4.3243,
        34.5335
      ],
      [
        4.471,
        34.5142
      ],
      [
        4.6177,
        34.5047
      ],
      [
        4.763,
        34.505
      ],
      [
        4.9053,
        34.5151
      ],
      [
        5.0432,
        34.5349
      ],
      [
        5.1751,
        34.5642
      ],
      [
        5.2997,
        34.6027
      ],
      [
        5.4157,
        34.6501
      ],
      [
        5.5217,
        34.7057
      ],
      [
        5.6168,
        34.7691
      ],
      [
        5.6999,
        34.8395
      ],
      [
        5.77,
        34.9163
      ],
      [
        5.8264,
        34.9985
      ],
      [
        5.8685,
        35.0853
      ],
      [
        5.8956,
        35.1758
      ],
      [
        5.9076,
        35.269
      ],
      [
        5.9042,
        35.3639
      ],
      [
        5.8854,
        35.4594
      ],
      [
        5.8513,
        35.5545
      ]
    ],
    [
      [
        5.8547,
        35.6426
      ],
      [
        5.7913,
        35.7337
      ],
      [
        5.714,
        35.8213
      ],
      [
        5.6237,
        35.9044
      ],
      [
        5.5213,
        35.9821
      ],
      [
        5.4079,
        36.0534
      ],
      [
        5.2847,
        36.1177
      ],
      [
        5.1531,
        36.1741
      ],
      [
        5.0145,
        36.222
      ],
      [
        4.8705,
        36.2609
      ],
      [
        4.7227,
        36.2903
      ],
      [
        4.5727,
        36.3099
      ],
      [
        4.4223,
        36.3194
      ],
      [
        4.2731,
        36.3189
      ],
      [
        4.127,
        36.3082
      ],
      [
        3.9854,
        36.2876
      ],
      [
        3.8502,
        36.2571
      ],
      [
        3.7227,
        36.2173
      ],
      [
        3.6045,
        36.1686
      ],
      [
        3.4968,
        36.1115
      ],
      [
        3.4009,
        36.0466
      ],
      [
        3.3179,
        35.9748
      ],
      [
        3.2486,
        35.8968
      ],
      [
        3.1939,
        35.8135
      ],
      [
        3.1542,
        35.7258
      ],
      [
        3.1299,
        35.6347
      ],
      [
        3.1214,
        35.5412
      ],
      [
        3.1285,
        35.4464
      ],
      [
        3.1512,
        35.3512
      ],
      [
        3.1892,
        35.2568
      ],
      [
        3.2419,
        35.1641
      ],
      [
        3.3088,
        35.0741
      ],
      [
        3.389,
        34.9878
      ],
      [
        3.4816,
        34.9061
      ],
      [
        3.5856,
        34.83
      ],
      [
        3.6998,
        34.7601
      ],
      [
        3.823,
        34.6973
      ],
      [
        3.9537,
        34.6422
      ],
      [
        4.0907,
        34.5955
      ],
      [
        4.2323,
        34.5574
      ],
      [
        4.3771,
        34.5286
      ],
      [
        4.5236,
        34.5093
      ],
      [
        4.6702,
        34.4997
      ],
      [
        4.8154,
        34.4999
      ],
      [
        4.9576,
        34.51
      ],
      [
        5.0953,
        34.5297
      ],
      [
        5.2271,
        34.559
      ],
      [
        5.3516,
        34.5975
      ],
      [
        5.4676,
        34.6448
      ],
      [
        5.5736,
        34.7004
      ],
      [
        5.6687,
        34.7637
      ],
      [
        5.7517,
        34.8341
      ],
      [
        5.8219,
        34.9108
      ],
      [
        5.8783,
        34.993
      ],
      [
        5.9204,
        35.0798
      ],
      [
        5.9476,
        35.1703
      ],
      [
        5.9597,
        35.2635
      ],
      [
        5.9564,
        35.3584
      ],
      [
        5.9376,
        35.4539
      ],
      [
        5.9037,
        35.549
      ]
    ],
    [
      [
        5.9072,
        35.6371
      ],
      [
        5.8439,
        35.7282
      ],
      [
        5.7668,
        35.8159
      ],
      [
        5.6767,
        35.899
      ],
      [
        5.5744,
        35.9767
      ],
      [
        5.4612,
        36.0481
      ],
      [
        5.3382,
        36.1124
      ],
      [
        5.2068,
        36.1688
      ],
      [
        5.0683,
        36.2168
      ],
      [
        4.9245,
        36.2557
      ],
      [
        4.7768,
        36.2852
      ],
      [
        4.627,
        36.3049
      ],
      [
        4.4768,
        36.3145
      ],
      [
        4.3278,
        36.314
      ],
      [
        4.1817,
        36.3034
      ],
      [
        4.0403,
        36.2828
      ],
      [
        3.9051,
        36.2525
      ],
      [
        3.7778,
        36.2127
      ],
      [
        3.6596,
        36.164
      ],
      [
        3.552,
        36.107
      ],
      [
        3.4561,
        36.0422
      ],
      [
        3.3731,
        35.9704
      ],
      [
        3.3038,
        35.8924
      ],
      [
        3.249,
        35.8091
      ],
      [
        3.2093,
        35.7214
      ],
      [
        3.185,
        35.6303
      ],
      [
        3.1763,
        35.5369
      ],
      [
        3.1834,
        35.442
      ],
      [
        3.2059,
        35.3469
      ],
      [
        3.2438,
        35.2524
      ],
      [
        3.2964,
        35.1597
      ],
      [
        3.3631,
        35.0697
      ],
      [
        3.4431,
        34.9833
      ],
      [
        3.5356,
        34.9017
      ],
      [
        3.6394,
        34.8255
      ],
      [
        3.7534,
        34.7556
      ],
      [
        3.8764,
        34.6927
      ],
      [
        4.007,
        34.6376
      ],
      [
        4.1437,
        34.5907
      ],
      [
        4.2852,
        34.5526
      ],
      [
        4.4299,
        34.5238
      ],
      [
        4.5762,
        34.5044
      ],
      [
        4.7227,
        34.4947
      ],
      [
        4.8677,
        34.4949
      ],
      [
        5.0097,
        34.5049
      ],
      [
        5.1474,
        34.5246
      ],
      [
        5.2791,
        34.5538
      ],
      [
        5.4035,
        34.5922
      ],
      [
        5.5194,
        34.6394
      ],
      [
        5.6254,
        34.695
      ],
      [
        5.7204,
        34.7583
      ],
      [
        5.8035,
        34.8287
      ],
      [
        5.8736,
        34.9053
      ],
      [
        5.9301,
        34.9875
      ],
      [
        5.9722,
        35.0743
      ],
      [
        5.9995,
        35.1648
      ],
      [
        6.0117,
        35.258
      ],
      [
        6.0084,
        35.3528
      ],
      [
        5.9898,
        35.4483
      ],
      [
        5.956,
        35.5434
      ]
    ],
    [
      [
        5.9596,
        35.6315
      ],
      [
        5.8964,
        35.7227
      ],
      [
        5.8195,
        35.8104
      ],
      [
        5.7295,
        35.8935
      ],
      [
        5.6275,
        35.9713
      ],
      [
        5.5144,
        36.0427
      ],
      [
        5.3916,
        36.1071
      ],
      [
        5.2603,
        36.1636
      ],
      [
        5.1221,
        36.2116
      ],
      [
        4.9784,
        36.2506
      ],
      [
        4.8309,
        36.2801
      ],
      [
        4.6813,
        36.2998
      ],
      [
        4.5312,
        36.3096
      ],
      [
        4.3823,
        36.3091
      ],
      [
        4.2364,
        36.2986
      ],
      [
        4.0951,
        36.2781
      ],
      [
        3.96,
        36.2478
      ],
      [
        3.8327,
        36.2081
      ],
      [
        3.7146,
        36.1594
      ],
      [
        3.6071,
        36.1024
      ],
      [
        3.5113,
        36.0377
      ],
      [
        3.4283,
        35.9659
      ],
      [
        3.359,
        35.8879
      ],
      [
        3.3041,
        35.8047
      ],
      [
        3.2643,
        35.717
      ],
      [
        3.2399,
        35.626
      ],
      [
        3.2312,
        35.5325
      ],
      [
        3.2381,
        35.4377
      ],
      [
        3.2606,
        35.3425
      ],
      [
        3.2983,
        35.248
      ],
      [
        3.3507,
        35.1552
      ],
      [
        3.4173,
        35.0652
      ],
      [
        3.4972,
        34.9789
      ],
      [
        3.5895,
        34.8971
      ],
      [
        3.6931,
        34.8209
      ],
      [
        3.807,
        34.7509
      ],
      [
        3.9298,
        34.688
      ],
      [
        4.0602,
        34.6328
      ],
      [
        4.1967,
        34.5859
      ],
      [
        4.338,
        34.5478
      ],
      [
        4.4825,
        34.5189
      ],
      [
        4.6287,
        34.4994
      ],
      [
        4.775,
        34.4897
      ],
      [
        4.9199,
        34.4898
      ],
      [
        5.0618,
        34.4997
      ],
      [
        5.1994,
        34.5193
      ],
      [
        5.331,
        34.5485
      ],
      [
        5.4554,
        34.5869
      ],
      [
        5.5711,
        34.6341
      ],
      [
        5.6771,
        34.6896
      ],
      [
        5.7721,
        34.7528
      ],
      [
        5.8552,
        34.8232
      ],
      [
        5.9253,
        34.8998
      ],
      [
        5.9818,
        34.982
      ],
      [
        6.024,
        35.0688
      ],
      [
        6.0514,
        35.1592
      ],
      [
        6.0636,
        35.2524
      ],
      [
        6.0605,
        35.3472
      ],
      [
        6.042,
        35.4428
      ],
      [
        6.0082,
        35.5379
      ]
    ],
    [
      [
        6.0119,
        35.6259
      ],
      [
        5.9489,
        35.7171
      ],
      [
        5.8721,
        35.8048
      ],
      [
        5.7823,
        35.888
      ],
      [
        5.6804,
        35.9658
      ],
      [
        5.5676,
        36.0373
      ],
      [
        5.4449,
        36.1017
      ],
      [
        5.3138,
        36.1583
      ],
      [
        5.1758,
        36.2063
      ],
      [
        5.0323,
        36.2454
      ],
      [
        4.885,
        36.275
      ],
      [
        4.7355,
        36.2948
      ],
      [
        4.5855,
        36.3046
      ],
      [
        4.4368,
        36.3042
      ],
      [
        4.291,
        36.2937
      ],
      [
        4.1498,
        36.2732
      ],
      [
        4.0149,
        36.243
      ],
      [
        3.8876,
        36.2034
      ],
      [
        3.7696,
        36.1548
      ],
      [
        3.6621,
        36.0978
      ],
      [
        3.5663,
        36.0331
      ],
      [
        3.4833,
        35.9614
      ],
      [
        3.414,
        35.8835
      ],
      [
        3.3591,
        35.8002
      ],
      [
        3.3193,
        35.7126
      ],
      [
        3.2948,
        35.6216
      ],
      [
        3.286,
        35.5281
      ],
      [
        3.2928,
        35.4333
      ],
      [
        3.3152,
        35.3381
      ],
      [
        3.3527,
        35.2436
      ],
      [
        3.405,
        35.1508
      ],
      [
        3.4714,
        35.0607
      ],
      [
        3.5512,
        34.9744
      ],
      [
        3.6433,
        34.8926
      ],
      [
        3.7468,
        34.8163
      ],
      [
        3.8604,
        34.7463
      ],
      [
        3.983,
        34.6833
      ],
      [
        4.1133,
        34.6281
      ],
      [
        4.2497,
        34.5811
      ],
      [
        4.3908,
        34.5429
      ],
      [
        4.5351,
        34.5139
      ],
      [
        4.6811,
        34.4944
      ],
      [
        4.8273,
        34.4847
      ],
      [
        4.972,
        34.4847
      ],
      [
        5.1139,
        34.4945
      ],
      [
        5.2513,
        34.5141
      ],
      [
        5.3828,
        34.5432
      ],
      [
        5.5071,
        34.5815
      ],
      [
        5.6228,
        34.6287
      ],
      [
        5.7288,
        34.6841
      ],
      [
        5.8237,
        34.7474
      ],
      [
        5.9068,
        34.8177
      ],
      [
        5.9769,
        34.8943
      ],
      [
        6.0335,
        34.9764
      ],
      [
        6.0757,
        35.0632
      ],
      [
        6.1031,
        35.1536
      ],
      [
        6.1154,
        35.2468
      ],
      [
        6.1124,
        35.3416
      ],
      [
        6.094,
        35.4371
      ],
      [
        6.0604,
        35.5323
      ]
    ],
    [
      [
        6.0641,
        35.6203
      ],
      [
        6.0013,
        35.7116
      ],
      [
        5.9247,
        35.7993
      ],
      [
        5.835,
        35.8825
      ],
      [
        5.7333,
        35.9604
      ],
      [
        5.6206,
        36.0319
      ],
      [
        5.4982,
        36.0963
      ],
      [
        5.3673,
        36.1529
      ],
      [
        5.2294,
        36.2011
      ],
      [
        5.0861,
        36.2402
      ],
      [
        4.9389,
        36.2698
      ],
      [
        4.7896,
        36.2897
      ],
      [
        4.6398,
        36.2995
      ],
      [
        4.4912,
        36.2992
      ],
      [
        4.3456,
        36.2888
      ],
      [
        4.2045,
        36.2684
      ],
      [
        4.0696,
        36.2382
      ],
      [
        3.9425,
        36.1987
      ],
      [
        3.8245,
        36.1501
      ],
      [
        3.717,
        36.0932
      ],
      [
        3.6213,
        36.0285
      ],
      [
        3.5383,
        35.9569
      ],
      [
        3.469,
        35.879
      ],
      [
        3.4141,
        35.7958
      ],
      [
        3.3742,
        35.7081
      ],
      [
        3.3496,
        35.6171
      ],
      [
        3.3407,
        35.5237
      ],
      [
        3.3474,
        35.4288
      ],
      [
        3.3697,
        35.3336
      ],
      [
        3.4071,
        35.2391
      ],
      [
        3.4593,
        35.1463
      ],
      [
        3.5255,
        35.0562
      ],
      [
        3.6051,
        34.9698
      ],
      [
        3.697,
        34.888
      ],
      [
        3.8003,
        34.8117
      ],
      [
        3.9138,
        34.7416
      ],
      [
        4.0362,
        34.6786
      ],
      [
        4.1663,
        34.6233
      ],
      [
        4.3025,
        34.5763
      ],
      [
        4.4435,
        34.538
      ],
      [
        4.5876,
        34.509
      ],
      [
        4.7335,
        34.4894
      ],
      [
        4.8795,
        34.4796
      ],
      [
        5.0241,
        34.4795
      ],
      [
        5.1658,
        34.4893
      ],
      [
        5.3031,
        34.5088
      ],
      [
        5.4346,
        34.5379
      ],
      [
        5.5588,
        34.5762
      ],
      [
        5.6744,
        34.6233
      ],
      [
        5.7803,
        34.6787
      ],
      [
        5.8753,
        34.7419
      ],
      [
        5.9583,
        34.8121
      ],
      [
        6.0285,
        34.8887
      ],
      [
        6.0851,
        34.9708
      ],
      [
        6.1273,
        35.0575
      ],
      [
        6.1548,
        35.148
      ],
      [
        6.1672,
        35.2411
      ],
      [
        6.1643,
        35.336
      ],
      [
        6.146,
        35.4315
      ],
      [
        6.1125,
        35.5266
      ]
    ],
    [
      [
        6.1163,
        35.6147
      ],
      [
        6.0536,
        35.7059
      ],
      [
        5.9772,
        35.7937
      ],
      [
        5.8877,
        35.877
      ],
      [
        5.7861,
        35.9548
      ],
      [
        5.6736,
        36.0264
      ],
      [
        5.5513,
        36.0909
      ],
      [
        5.4206,
        36.1476
      ],
      [
        5.2829,
        36.1958
      ],
      [
        5.1398,
        36.2349
      ],
      [
        4.9928,
        36.2647
      ],
      [
        4.8436,
        36.2846
      ],
      [
        4.694,
        36.2945
      ],
      [
        4.5455,
        36.2943
      ],
      [
        4.4,
        36.2839
      ],
      [
        4.2591,
        36.2635
      ],
      [
        4.1243,
        36.2334
      ],
      [
        3.9972,
        36.1939
      ],
      [
        3.8793,
        36.1454
      ],
      [
        3.7719,
        36.0886
      ],
      [
        3.6762,
        36.0239
      ],
      [
        3.5932,
        35.9523
      ],
      [
        3.5239,
        35.8744
      ],
      [
        3.4689,
        35.7912
      ],
      [
        3.429,
        35.7036
      ],
      [
        3.4044,
        35.6126
      ],
      [
        3.3954,
        35.5192
      ],
      [
        3.402,
        35.4243
      ],
      [
        3.4241,
        35.3291
      ],
      [
        3.4614,
        35.2346
      ],
      [
        3.5134,
        35.1418
      ],
      [
        3.5795,
        35.0517
      ],
      [
        3.6589,
        34.9652
      ],
      [
        3.7507,
        34.8834
      ],
      [
        3.8538,
        34.807
      ],
      [
        3.9671,
        34.7369
      ],
      [
        4.0894,
        34.6738
      ],
      [
        4.2192,
        34.6185
      ],
      [
        4.3553,
        34.5714
      ],
      [
        4.4961,
        34.5331
      ],
      [
        4.6401,
        34.504
      ],
      [
        4.7858,
        34.4844
      ],
      [
        4.9316,
        34.4745
      ],
      [
        5.0761,
        34.4744
      ],
      [
        5.2177,
        34.4841
      ],
      [
        5.3549,
        34.5036
      ],
      [
        5.4863,
        34.5325
      ],
      [
        5.6104,
        34.5708
      ],
      [
        5.726,
        34.6178
      ],
      [
        5.8318,
        34.6732
      ],
      [
        5.9268,
        34.7363
      ],
      [
        6.0098,
        34.8065
      ],
      [
        6.08,
        34.8831
      ],
      [
        6.1366,
        34.9652
      ],
      [
        6.1789,
        35.0519
      ],
      [
        6.2065,
        35.1423
      ],
      [
        6.2189,
        35.2355
      ],
      [
        6.2161,
        35.3303
      ],
      [
        6.1979,
        35.4258
      ],
      [
        6.1645,
        35.521
      ]
    ],
    [
      [
        6.1684,
        35.609
      ],
      [
        6.1059,
        35.7003
      ],
      [
        6.0296,
        35.7881
      ],
      [
        5.9403,
        35.8714
      ],
      [
        5.8389,
        35.9493
      ],
      [
        5.7265,
        36.0209
      ],
      [
        5.6044,
        36.0855
      ],
      [
        5.4739,
        36.1422
      ],
      [
        5.3364,
        36.1904
      ],
      [
        5.1934,
        36.2297
      ],
      [
        5.0466,
        36.2595
      ],
      [
        4.8976,
        36.2794
      ],
      [
        4.7481,
        36.2894
      ],
      [
        4.5998,
        36.2892
      ],
      [
        4.4544,
        36.2789
      ],
      [
        4.3136,
        36.2586
      ],
      [
        4.1789,
        36.2286
      ],
      [
        4.0519,
        36.1891
      ],
      [
        3.9341,
        36.1407
      ],
      [
        3.8267,
        36.0839
      ],
      [
        3.731,
        36.0193
      ],
      [
        3.648,
        35.9477
      ],
      [
        3.5787,
        35.8699
      ],
      [
        3.5237,
        35.7867
      ],
      [
        3.4837,
        35.6991
      ],
      [
        3.459,
        35.6081
      ],
      [
        3.4499,
        35.5147
      ],
      [
        3.4565,
        35.4198
      ],
      [
        3.4784,
        35.3246
      ],
      [
        3.5156,
        35.2301
      ],
      [
        3.5675,
        35.1372
      ],
      [
        3.6334,
        35.0471
      ],
      [
        3.7126,
        34.9606
      ],
      [
        3.8043,
        34.8787
      ],
      [
        3.9072,
        34.8023
      ],
      [
        4.0203,
        34.7322
      ],
      [
        4.1424,
        34.6691
      ],
      [
        4.2721,
        34.6136
      ],
      [
        4.408,
        34.5665
      ],
      [
        4.5486,
        34.5281
      ],
      [
        4.6924,
        34.499
      ],
      [
        4.838,
        34.4793
      ],
      [
        4.9837,
        34.4693
      ],
      [
        5.1281,
        34.4691
      ],
      [
        5.2695,
        34.4788
      ],
      [
        5.4066,
        34.4982
      ],
      [
        5.5379,
        34.5272
      ],
      [
        5.6619,
        34.5653
      ],
      [
        5.7775,
        34.6123
      ],
      [
        5.8833,
        34.6676
      ],
      [
        5.9782,
        34.7307
      ],
      [
        6.0612,
        34.8009
      ],
      [
        6.1314,
        34.8775
      ],
      [
        6.188,
        34.9595
      ],
      [
        6.2304,
        35.0462
      ],
      [
        6.258,
        35.1366
      ],
      [
        6.2705,
        35.2298
      ],
      [
        6.2678,
        35.3246
      ],
      [
        6.2497,
        35.4201
      ],
      [
        6.2165,
        35.5153
      ]
    ],
    [
      [
        6.2204,
        35.6033
      ],
      [
        6.1581,
        35.6946
      ],
      [
        6.0819,
        35.7824
      ],
      [
        5.9928,
        35.8658
      ],
      [
        5.8916,
        35.9437
      ],
      [
        5.7794,
        36.0154
      ],
      [
        5.6575,
        36.08
      ],
      [
        5.5271,
        36.1368
      ],
      [
        5.3898,
        36.1851
      ],
      [
        5.247,
        36.2244
      ],
      [
        5.1003,
        36.2542
      ],
      [
        4.9515,
        36.2742
      ],
      [
        4.8021,
        36.2843
      ],
      [
        4.654,
        36.2842
      ],
      [
        4.5087,
        36.2739
      ],
      [
        4.368,
        36.2537
      ],
      [
        4.2334,
        36.2237
      ],
      [
        4.1065,
        36.1843
      ],
      [
        3.9887,
        36.1359
      ],
      [
        3.8814,
        36.0792
      ],
      [
        3.7857,
        36.0146
      ],
      [
        3.7027,
        35.943
      ],
      [
        3.6334,
        35.8653
      ],
      [
        3.5784,
        35.7821
      ],
      [
        3.5383,
        35.6946
      ],
      [
        3.5136,
        35.6036
      ],
      [
        3.5044,
        35.5101
      ],
      [
        3.5108,
        35.4153
      ],
      [
        3.5327,
        35.3201
      ],
      [
        3.5698,
        35.2255
      ],
      [
        3.6215,
        35.1326
      ],
      [
        3.6873,
        35.0425
      ],
      [
        3.7663,
        34.956
      ],
      [
        3.8578,
        34.874
      ],
      [
        3.9605,
        34.7976
      ],
      [
        4.0735,
        34.7274
      ],
      [
        4.1954,
        34.6642
      ],
      [
        4.3249,
        34.6088
      ],
      [
        4.4606,
        34.5616
      ],
      [
        4.601,
        34.5231
      ],
      [
        4.7447,
        34.4939
      ],
      [
        4.8901,
        34.4742
      ],
      [
        5.0357,
        34.4641
      ],
      [
        5.1799,
        34.4639
      ],
      [
        5.3213,
        34.4735
      ],
      [
        5.4582,
        34.4929
      ],
      [
        5.5894,
        34.5217
      ],
      [
        5.7134,
        34.5599
      ],
      [
        5.8289,
        34.6068
      ],
      [
        5.9346,
        34.6621
      ],
      [
        6.0295,
        34.7251
      ],
      [
        6.1125,
        34.7953
      ],
      [
        6.1827,
        34.8718
      ],
      [
        6.2394,
        34.9538
      ],
      [
        6.2818,
        35.0405
      ],
      [
        6.3095,
        35.1309
      ],
      [
        6.3221,
        35.224
      ],
      [
        6.3195,
        35.3189
      ],
      [
        6.3015,
        35.4144
      ],
      [
        6.2684,
        35.5096
      ]
    ],
    [
      [
        6.2724,
        35.5976
      ],
      [
        6.2102,
        35.6889
      ],
      [
        6.1342,
        35.7768
      ],
      [
        6.0452,
        35.8601
      ],
      [
        5.9442,
        35.9381
      ],
      [
        5.8322,
        36.0098
      ],
      [
        5.7104,
        36.0745
      ],
      [
        5.5802,
        36.1313
      ],
      [
        5.4431,
        36.1797
      ],
      [
        5.3004,
        36.219
      ],
      [
        5.154,
        36.2489
      ],
      [
        5.0053,
        36.269
      ],
      [
        4.8561,
        36.2791
      ],
      [
        4.7081,
        36.2791
      ],
      [
        4.5629,
        36.2689
      ],
      [
        4.4223,
        36.2487
      ],
      [
        4.2878,
        36.2188
      ],
      [
        4.161,
        36.1795
      ],
      [
        4.0433,
        36.1311
      ],
      [
        3.936,
        36.0744
      ],
      [
        3.8404,
        36.0099
      ],
      [
        3.7574,
        35.9384
      ],
      [
        3.688,
        35.8606
      ],
      [
        3.633,
        35.7775
      ],
      [
        3.5929,
        35.69
      ],
      [
        3.5681,
        35.599
      ],
      [
        3.5588,
        35.5056
      ],
      [
        3.5651,
        35.4107
      ],
      [
        3.5869,
        35.3155
      ],
      [
        3.6238,
        35.2209
      ],
      [
        3.6754,
        35.128
      ],
      [
        3.741,
        35.0378
      ],
      [
        3.8199,
        34.9513
      ],
      [
        3.9112,
        34.8693
      ],
      [
        4.0138,
        34.7928
      ],
      [
        4.1266,
        34.7226
      ],
      [
        4.2483,
        34.6594
      ],
      [
        4.3776,
        34.6038
      ],
      [
        4.5131,
        34.5566
      ],
      [
        4.6534,
        34.5181
      ],
      [
        4.7969,
        34.4888
      ],
      [
        4.9422,
        34.469
      ],
      [
        5.0876,
        34.4589
      ],
      [
        5.2317,
        34.4586
      ],
      [
        5.3729,
        34.4682
      ],
      [
        5.5098,
        34.4875
      ],
      [
        5.6409,
        34.5163
      ],
      [
        5.7648,
        34.5544
      ],
      [
        5.8802,
        34.6013
      ],
      [
        5.9859,
        34.6565
      ],
      [
        6.0808,
        34.7195
      ],
      [
        6.1638,
        34.7896
      ],
      [
        6.234,
        34.8661
      ],
      [
        6.2907,
        34.9481
      ],
      [
        6.3331,
        35.0348
      ],
      [
        6.3609,
        35.1251
      ],
      [
        6.3736,
        35.2183
      ],
      [
        6.3711,
        35.3131
      ],
      [
        6.3532,
        35.4087
      ],
      [
        6.3202,
        35.5038
      ]
    ]
  ],
  "shadow_times": [
    8.675749999999873,
    8.677138888888761,
    8.67852777777765,
    8.679916666666537,
    8.681305555555426,
    8.682694444444314,
    8.684083333333202,
    8.68547222222209,
    8.686861111110979,
    8.688249999999867,
    8.689638888888755,
    8.691027777777643,
    8.692416666666531,
    8.69380555555542,
    8.695194444444308,
    8.696583333333196,
    8.697972222222084,
    8.699361111110973,
    8.70074999999986,
    8.702138888888749,
    8.703527777777637,
    8.704916666666525,
    8.706305555555414,
    8.707694444444302,
    8.70908333333319,
    8.710472222222078,
    8.711861111110967,
    8.713249999999855,
    8.714638888888743,
    8.716027777777631,
    8.71741666666652,
    8.718805555555408,
    8.720194444444296,
    8.721583333333184,
    8.722972222222072,
    8.72436111111096,
    8.725749999999849,
    8.727138888888737,
    8.728527777777625,
    8.729916666666513,
    8.731305555555402,
    8.73269444444429,
    8.734083333333178,
    8.735472222222066,
    8.736861111110954,
    8.738249999999843,
    8.73963888888873,
    8.741027777777619,
    8.742416666666507,
    8.743805555555396,
    8.745194444444284,
    8.746583333333172,
    8.74797222222206,
    8.749361111110948,
    8.750749999999837,
    8.752138888888725,
    8.753527777777613,
    8.754916666666501,
    8.75630555555539,
    8.757694444444278,
    8.759083333333166,
    8.760472222222054,
    8.761861111110942,
    8.76324999999983,
    8.764638888888719,
    8.766027777777607,
    8.767416666666495,
    8.768805555555383,
    8.770194444444272,
    8.77158333333316,
    8.772972222222048,
    8.774361111110936,
    8.775749999999825,
    8.777138888888713,
    8.778527777777601,
    8.77991666666649,
    8.781305555555377,
    8.782694444444266,
    8.784083333333154,
    8.785472222222042,
    8.78686111111093,
    8.788249999999818,
    8.789638888888707,
    8.791027777777595,
    8.792416666666483,
    8.793805555555371,
    8.79519444444426,
    8.796583333333148,
    8.797972222222036,
    8.799361111110924,
    8.800749999999812,
    8.8021388888887,
    8.803527777777589,
    8.804916666666477,
    8.806305555555365,
    8.807694444444254,
    8.809083333333142,
    8.81047222222203,
    8.811861111110918,
    8.813249999999806,
    8.814638888888695,
    8.816027777777583,
    8.817416666666471,
    8.81880555555536,
    8.820194444444247,
    8.821583333333136,
    8.822972222222024,
    8.824361111110912,
    8.8257499999998,
    8.827138888888689,
    8.828527777777577,
    8.829916666666465,
    8.831305555555353,
    8.832694444444241,
    8.83408333333313,
    8.835472222222018,
    8.836861111110906,
    8.838249999999794,
    8.839638888888683,
    8.84102777777757,
    8.842416666666459,
    8.843805555555347,
    8.845194444444235,
    8.846583333333124,
    8.847972222222012,
    8.8493611111109,
    8.850749999999788,
    8.852138888888677,
    8.853527777777565,
    8.854916666666453,
    8.856305555555341,
    8.85769444444423,
    8.859083333333118,
    8.860472222222006,
    8.861861111110894,
    8.863249999999782,
    8.86463888888867,
    8.866027777777559,
    8.867416666666447,
    8.868805555555335,
    8.870194444444223,
    8.871583333333112,
    8.872972222222,
    8.874361111110888,
    8.875749999999776,
    8.877138888888664,
    8.878527777777553,
    8.87991666666644,
    8.881305555555329,
    8.882694444444217,
    8.884083333333106,
    8.885472222221994,
    8.886861111110882,
    8.88824999999977,
    8.889638888888658,
    8.891027777777547,
    8.892416666666435,
    8.893805555555323,
    8.895194444444211,
    8.8965833333331,
    8.897972222221988,
    8.899361111110876,
    8.900749999999764,
    8.902138888888652,
    8.90352777777754,
    8.904916666666429,
    8.906305555555317,
    8.907694444444205,
    8.909083333333093,
    8.910472222221982,
    8.91186111111087,
    8.913249999999758,
    8.914638888888646,
    8.916027777777535,
    8.917416666666423,
    8.918805555555311,
    8.9201944444442,
    8.921583333333087,
    8.922972222221976,
    8.924361111110864,
    8.925749999999752,
    8.92713888888864,
    8.928527777777528,
    8.929916666666417,
    8.931305555555305,
    8.932694444444193,
    8.934083333333081,
    8.93547222222197,
    8.936861111110858,
    8.938249999999746,
    8.939638888888634,
    8.941027777777522,
    8.94241666666641,
    8.943805555555299,
    8.945194444444187,
    8.946583333333075,
    8.947972222221964,
    8.949361111110852,
    8.95074999999974,
    8.952138888888628,
    8.953527777777516,
    8.954916666666405,
    8.956305555555293,
    8.957694444444181,
    8.95908333333307,
    8.960472222221957,
    8.961861111110846,
    8.963249999999734,
    8.964638888888622,
    8.96602777777751,
    8.967416666666399,
    8.968805555555287,
    8.970194444444175,
    8.971583333333063,
    8.972972222221951,
    8.97436111111084,
    8.975749999999728,
    8.977138888888616,
    8.978527777777504,
    8.979916666666393,
    8.98130555555528,
    8.982694444444169,
    8.984083333333057,
    8.985472222221945,
    8.986861111110834,
    8.988249999999722,
    8.98963888888861,
    8.991027777777498,
    8.992416666666387,
    8.993805555555275,
    8.995194444444163,
    8.996583333333051,
    8.99797222222194,
    8.999361111110828,
    9.000749999999716,
    9.002138888888604,
    9.003527777777492,
    9.00491666666638,
    9.006305555555269,
    9.007694444444157,
    9.009083333333045,
    9.010472222221933,
    9.011861111110822,
    9.01324999999971,
    9.014638888888598,
    9.016027777777486,
    9.017416666666374,
    9.018805555555263,
    9.02019444444415,
    9.021583333333039,
    9.022972222221927,
    9.024361111110816,
    9.025749999999704,
    9.027138888888592,
    9.02852777777748,
    9.029916666666368,
    9.031305555555257
  ]
}